2.50000000000000e-09	2.50000000000000e-09	1.50000000000000e-09	5.00000000000000e-09	5.00000000000000e-09	3.00000000000000e-09
7.50000000000000e-09	2.50000000000000e-09	1.50000000000000e-09	5.00000000000000e-09	5.00000000000000e-09	3.00000000000000e-09
1.25000000000000e-08	2.50000000000000e-09	1.50000000000000e-09	5.00000000000000e-09	5.00000000000000e-09	3.00000000000000e-09
1.75000000000000e-08	2.50000000000000e-09	1.50000000000000e-09	5.00000000000000e-09	5.00000000000000e-09	3.00000000000000e-09
2.25000000000000e-08	2.50000000000000e-09	1.50000000000000e-09	5.00000000000000e-09	5.00000000000000e-09	3.00000000000000e-09
2.75000000000000e-08	2.50000000000000e-09	1.50000000000000e-09	5.00000000000000e-09	5.00000000000000e-09	3.00000000000000e-09
3.25000000000000e-08	2.50000000000000e-09	1.50000000000000e-09	5.00000000000000e-09	5.00000000000000e-09	3.00000000000000e-09
3.75000000000000e-08	2.50000000000000e-09	1.50000000000000e-09	5.00000000000000e-09	5.00000000000000e-09	3.00000000000000e-09
4.25000000000000e-08	2.50000000000000e-09	1.50000000000000e-09	5.00000000000000e-09	5.00000000000000e-09	3.00000000000000e-09
4.75000000000000e-08	2.50000000000000e-09	1.50000000000000e-09	5.00000000000000e-09	5.00000000000000e-09	3.00000000000000e-09
5.25000000000000e-08	2.50000000000000e-09	1.50000000000000e-09	5.00000000000000e-09	5.00000000000000e-09	3.00000000000000e-09
5.75000000000000e-08	2.50000000000000e-09	1.50000000000000e-09	5.00000000000000e-09	5.00000000000000e-09	3.00000000000000e-09
6.25000000000000e-08	2.50000000000000e-09	1.50000000000000e-09	5.00000000000000e-09	5.00000000000000e-09	3.00000000000000e-09
6.75000000000000e-08	2.50000000000000e-09	1.50000000000000e-09	5.00000000000000e-09	5.00000000000000e-09	3.00000000000000e-09
7.25000000000000e-08	2.50000000000000e-09	1.50000000000000e-09	5.00000000000000e-09	5.00000000000000e-09	3.00000000000000e-09
7.75000000000000e-08	2.50000000000000e-09	1.50000000000000e-09	5.00000000000000e-09	5.00000000000000e-09	3.00000000000000e-09
8.25000000000000e-08	2.50000000000000e-09	1.50000000000000e-09	5.00000000000000e-09	5.00000000000000e-09	3.00000000000000e-09
8.75000000000000e-08	2.50000000000000e-09	1.50000000000000e-09	5.00000000000000e-09	5.00000000000000e-09	3.00000000000000e-09
9.25000000000000e-08	2.50000000000000e-09	1.50000000000000e-09	5.00000000000000e-09	5.00000000000000e-09	3.00000000000000e-09
9.75000000000000e-08	2.50000000000000e-09	1.50000000000000e-09	5.00000000000000e-09	5.00000000000000e-09	3.00000000000000e-09
1.02500000000000e-07	2.50000000000000e-09	1.50000000000000e-09	5.00000000000000e-09	5.00000000000000e-09	3.00000000000000e-09
1.06250000000000e-07	1.25000000000000e-09	1.50000000000000e-09	2.50000000000000e-09	2.50000000000000e-09	3.00000000000000e-09
1.06250000000000e-07	3.75000000000000e-09	1.50000000000000e-09	2.50000000000000e-09	2.50000000000000e-09	3.00000000000000e-09
1.08125000000000e-07	6.25000000000000e-10	1.50000000000000e-09	1.25000000000000e-09	1.25000000000000e-09	3.00000000000000e-09
1.08125000000000e-07	1.87500000000000e-09	1.50000000000000e-09	1.25000000000000e-09	1.25000000000000e-09	3.00000000000000e-09
1.09375000000000e-07	6.25000000000000e-10	1.50000000000000e-09	1.25000000000000e-09	1.25000000000000e-09	3.00000000000000e-09
1.09375000000000e-07	1.87500000000000e-09	1.50000000000000e-09	1.25000000000000e-09	1.25000000000000e-09	3.00000000000000e-09
1.08125000000000e-07	3.12500000000000e-09	1.50000000000000e-09	1.25000000000000e-09	1.25000000000000e-09	3.00000000000000e-09
1.08125000000000e-07	4.37500000000000e-09	1.50000000000000e-09	1.25000000000000e-09	1.25000000000000e-09	3.00000000000000e-09
1.09375000000000e-07	3.12500000000000e-09	1.50000000000000e-09	1.25000000000000e-09	1.25000000000000e-09	3.00000000000000e-09
1.09375000000000e-07	4.37500000000000e-09	1.50000000000000e-09	1.25000000000000e-09	1.25000000000000e-09	3.00000000000000e-09
1.10625000000000e-07	6.25000000000000e-10	1.50000000000000e-09	1.25000000000000e-09	1.25000000000000e-09	3.00000000000000e-09
1.10625000000000e-07	1.87500000000000e-09	1.50000000000000e-09	1.25000000000000e-09	1.25000000000000e-09	3.00000000000000e-09
1.11875000000000e-07	6.25000000000000e-10	1.50000000000000e-09	1.25000000000000e-09	1.25000000000000e-09	3.00000000000000e-09
1.11875000000000e-07	1.87500000000000e-09	1.50000000000000e-09	1.25000000000000e-09	1.25000000000000e-09	3.00000000000000e-09
1.10625000000000e-07	3.12500000000000e-09	1.50000000000000e-09	1.25000000000000e-09	1.25000000000000e-09	3.00000000000000e-09
1.10625000000000e-07	4.37500000000000e-09	1.50000000000000e-09	1.25000000000000e-09	1.25000000000000e-09	3.00000000000000e-09
1.11875000000000e-07	3.12500000000000e-09	1.50000000000000e-09	1.25000000000000e-09	1.25000000000000e-09	3.00000000000000e-09
1.11875000000000e-07	4.37500000000000e-09	1.50000000000000e-09	1.25000000000000e-09	1.25000000000000e-09	3.00000000000000e-09
1.13125000000000e-07	6.25000000000000e-10	1.50000000000000e-09	1.25000000000000e-09	1.25000000000000e-09	3.00000000000000e-09
1.13125000000000e-07	1.87500000000000e-09	1.50000000000000e-09	1.25000000000000e-09	1.25000000000000e-09	3.00000000000000e-09
1.14375000000000e-07	6.25000000000000e-10	1.50000000000000e-09	1.25000000000000e-09	1.25000000000000e-09	3.00000000000000e-09
1.14375000000000e-07	1.87500000000000e-09	1.50000000000000e-09	1.25000000000000e-09	1.25000000000000e-09	3.00000000000000e-09
1.13125000000000e-07	3.12500000000000e-09	1.50000000000000e-09	1.25000000000000e-09	1.25000000000000e-09	3.00000000000000e-09
1.13125000000000e-07	4.37500000000000e-09	1.50000000000000e-09	1.25000000000000e-09	1.25000000000000e-09	3.00000000000000e-09
1.14375000000000e-07	3.12500000000000e-09	1.50000000000000e-09	1.25000000000000e-09	1.25000000000000e-09	3.00000000000000e-09
1.14375000000000e-07	4.37500000000000e-09	1.50000000000000e-09	1.25000000000000e-09	1.25000000000000e-09	3.00000000000000e-09
1.15625000000000e-07	6.25000000000000e-10	1.50000000000000e-09	1.25000000000000e-09	1.25000000000000e-09	3.00000000000000e-09
1.15625000000000e-07	1.87500000000000e-09	1.50000000000000e-09	1.25000000000000e-09	1.25000000000000e-09	3.00000000000000e-09
1.16875000000000e-07	6.25000000000000e-10	1.50000000000000e-09	1.25000000000000e-09	1.25000000000000e-09	3.00000000000000e-09
1.16875000000000e-07	1.87500000000000e-09	1.50000000000000e-09	1.25000000000000e-09	1.25000000000000e-09	3.00000000000000e-09
1.15625000000000e-07	3.12500000000000e-09	1.50000000000000e-09	1.25000000000000e-09	1.25000000000000e-09	3.00000000000000e-09
1.15625000000000e-07	4.37500000000000e-09	1.50000000000000e-09	1.25000000000000e-09	1.25000000000000e-09	3.00000000000000e-09
1.16875000000000e-07	3.12500000000000e-09	1.50000000000000e-09	1.25000000000000e-09	1.25000000000000e-09	3.00000000000000e-09
1.16875000000000e-07	4.37500000000000e-09	1.50000000000000e-09	1.25000000000000e-09	1.25000000000000e-09	3.00000000000000e-09
1.18125000000000e-07	6.25000000000000e-10	1.50000000000000e-09	1.25000000000000e-09	1.25000000000000e-09	3.00000000000000e-09
1.18125000000000e-07	1.87500000000000e-09	1.50000000000000e-09	1.25000000000000e-09	1.25000000000000e-09	3.00000000000000e-09
1.19375000000000e-07	6.25000000000000e-10	1.50000000000000e-09	1.25000000000000e-09	1.25000000000000e-09	3.00000000000000e-09
1.19375000000000e-07	1.87500000000000e-09	1.50000000000000e-09	1.25000000000000e-09	1.25000000000000e-09	3.00000000000000e-09
1.18125000000000e-07	3.12500000000000e-09	1.50000000000000e-09	1.25000000000000e-09	1.25000000000000e-09	3.00000000000000e-09
1.18125000000000e-07	4.37500000000000e-09	1.50000000000000e-09	1.25000000000000e-09	1.25000000000000e-09	3.00000000000000e-09
1.19375000000000e-07	3.12500000000000e-09	1.50000000000000e-09	1.25000000000000e-09	1.25000000000000e-09	3.00000000000000e-09
1.19375000000000e-07	4.37500000000000e-09	1.50000000000000e-09	1.25000000000000e-09	1.25000000000000e-09	3.00000000000000e-09
1.22500000000000e-07	2.50000000000000e-09	1.50000000000000e-09	5.00000000000000e-09	5.00000000000000e-09	3.00000000000000e-09
1.27500000000000e-07	2.50000000000000e-09	1.50000000000000e-09	5.00000000000000e-09	5.00000000000000e-09	3.00000000000000e-09
1.32500000000000e-07	2.50000000000000e-09	1.50000000000000e-09	5.00000000000000e-09	5.00000000000000e-09	3.00000000000000e-09
1.37500000000000e-07	2.50000000000000e-09	1.50000000000000e-09	5.00000000000000e-09	5.00000000000000e-09	3.00000000000000e-09
1.42500000000000e-07	2.50000000000000e-09	1.50000000000000e-09	5.00000000000000e-09	5.00000000000000e-09	3.00000000000000e-09
1.47500000000000e-07	2.50000000000000e-09	1.50000000000000e-09	5.00000000000000e-09	5.00000000000000e-09	3.00000000000000e-09
1.52500000000000e-07	2.50000000000000e-09	1.50000000000000e-09	5.00000000000000e-09	5.00000000000000e-09	3.00000000000000e-09
1.57500000000000e-07	2.50000000000000e-09	1.50000000000000e-09	5.00000000000000e-09	5.00000000000000e-09	3.00000000000000e-09
1.62500000000000e-07	2.50000000000000e-09	1.50000000000000e-09	5.00000000000000e-09	5.00000000000000e-09	3.00000000000000e-09
1.67500000000000e-07	2.50000000000000e-09	1.50000000000000e-09	5.00000000000000e-09	5.00000000000000e-09	3.00000000000000e-09
1.72500000000000e-07	2.50000000000000e-09	1.50000000000000e-09	5.00000000000000e-09	5.00000000000000e-09	3.00000000000000e-09
1.77500000000000e-07	2.50000000000000e-09	1.50000000000000e-09	5.00000000000000e-09	5.00000000000000e-09	3.00000000000000e-09
1.82500000000000e-07	2.50000000000000e-09	1.50000000000000e-09	5.00000000000000e-09	5.00000000000000e-09	3.00000000000000e-09
1.87500000000000e-07	2.50000000000000e-09	1.50000000000000e-09	5.00000000000000e-09	5.00000000000000e-09	3.00000000000000e-09
1.92500000000000e-07	2.50000000000000e-09	1.50000000000000e-09	5.00000000000000e-09	5.00000000000000e-09	3.00000000000000e-09
1.97500000000000e-07	2.50000000000000e-09	1.50000000000000e-09	5.00000000000000e-09	5.00000000000000e-09	3.00000000000000e-09
2.02500000000000e-07	2.50000000000000e-09	1.50000000000000e-09	5.00000000000000e-09	5.00000000000000e-09	3.00000000000000e-09
2.07500000000000e-07	2.50000000000000e-09	1.50000000000000e-09	5.00000000000000e-09	5.00000000000000e-09	3.00000000000000e-09
2.12500000000000e-07	2.50000000000000e-09	1.50000000000000e-09	5.00000000000000e-09	5.00000000000000e-09	3.00000000000000e-09
2.16250000000000e-07	1.25000000000000e-09	1.50000000000000e-09	2.50000000000000e-09	2.50000000000000e-09	3.00000000000000e-09
2.16250000000000e-07	3.75000000000000e-09	1.50000000000000e-09	2.50000000000000e-09	2.50000000000000e-09	3.00000000000000e-09
2.18125000000000e-07	6.25000000000000e-10	1.50000000000000e-09	1.25000000000000e-09	1.25000000000000e-09	3.00000000000000e-09
2.18125000000000e-07	1.87500000000000e-09	1.50000000000000e-09	1.25000000000000e-09	1.25000000000000e-09	3.00000000000000e-09
2.19375000000000e-07	6.25000000000000e-10	1.50000000000000e-09	1.25000000000000e-09	1.25000000000000e-09	3.00000000000000e-09
2.19375000000000e-07	1.87500000000000e-09	1.50000000000000e-09	1.25000000000000e-09	1.25000000000000e-09	3.00000000000000e-09
2.18125000000000e-07	3.12500000000000e-09	1.50000000000000e-09	1.25000000000000e-09	1.25000000000000e-09	3.00000000000000e-09
2.18125000000000e-07	4.37500000000000e-09	1.50000000000000e-09	1.25000000000000e-09	1.25000000000000e-09	3.00000000000000e-09
2.19375000000000e-07	3.12500000000000e-09	1.50000000000000e-09	1.25000000000000e-09	1.25000000000000e-09	3.00000000000000e-09
2.19375000000000e-07	4.37500000000000e-09	1.50000000000000e-09	1.25000000000000e-09	1.25000000000000e-09	3.00000000000000e-09
2.20625000000000e-07	6.25000000000000e-10	1.50000000000000e-09	1.25000000000000e-09	1.25000000000000e-09	3.00000000000000e-09
2.20625000000000e-07	1.87500000000000e-09	1.50000000000000e-09	1.25000000000000e-09	1.25000000000000e-09	3.00000000000000e-09
2.21875000000000e-07	6.25000000000000e-10	1.50000000000000e-09	1.25000000000000e-09	1.25000000000000e-09	3.00000000000000e-09
2.21875000000000e-07	1.87500000000000e-09	1.50000000000000e-09	1.25000000000000e-09	1.25000000000000e-09	3.00000000000000e-09
2.20625000000000e-07	3.12500000000000e-09	1.50000000000000e-09	1.25000000000000e-09	1.25000000000000e-09	3.00000000000000e-09
2.20625000000000e-07	4.37500000000000e-09	1.50000000000000e-09	1.25000000000000e-09	1.25000000000000e-09	3.00000000000000e-09
2.21875000000000e-07	3.12500000000000e-09	1.50000000000000e-09	1.25000000000000e-09	1.25000000000000e-09	3.00000000000000e-09
2.21875000000000e-07	4.37500000000000e-09	1.50000000000000e-09	1.25000000000000e-09	1.25000000000000e-09	3.00000000000000e-09
2.23125000000000e-07	6.25000000000000e-10	1.50000000000000e-09	1.25000000000000e-09	1.25000000000000e-09	3.00000000000000e-09
2.23125000000000e-07	1.87500000000000e-09	1.50000000000000e-09	1.25000000000000e-09	1.25000000000000e-09	3.00000000000000e-09
2.24375000000000e-07	6.25000000000000e-10	1.50000000000000e-09	1.25000000000000e-09	1.25000000000000e-09	3.00000000000000e-09
2.24375000000000e-07	1.87500000000000e-09	1.50000000000000e-09	1.25000000000000e-09	1.25000000000000e-09	3.00000000000000e-09
2.23125000000000e-07	3.12500000000000e-09	1.50000000000000e-09	1.25000000000000e-09	1.25000000000000e-09	3.00000000000000e-09
2.23125000000000e-07	4.37500000000000e-09	1.50000000000000e-09	1.25000000000000e-09	1.25000000000000e-09	3.00000000000000e-09
2.24375000000000e-07	3.12500000000000e-09	1.50000000000000e-09	1.25000000000000e-09	1.25000000000000e-09	3.00000000000000e-09
2.24375000000000e-07	4.37500000000000e-09	1.50000000000000e-09	1.25000000000000e-09	1.25000000000000e-09	3.00000000000000e-09
2.28750000000000e-07	1.25000000000000e-09	1.50000000000000e-09	2.50000000000000e-09	2.50000000000000e-09	3.00000000000000e-09
2.28750000000000e-07	3.75000000000000e-09	1.50000000000000e-09	2.50000000000000e-09	2.50000000000000e-09	3.00000000000000e-09
2.25625000000000e-07	6.25000000000000e-10	1.50000000000000e-09	1.25000000000000e-09	1.25000000000000e-09	3.00000000000000e-09
2.25625000000000e-07	1.87500000000000e-09	1.50000000000000e-09	1.25000000000000e-09	1.25000000000000e-09	3.00000000000000e-09
2.26875000000000e-07	6.25000000000000e-10	1.50000000000000e-09	1.25000000000000e-09	1.25000000000000e-09	3.00000000000000e-09
2.26875000000000e-07	1.87500000000000e-09	1.50000000000000e-09	1.25000000000000e-09	1.25000000000000e-09	3.00000000000000e-09
2.25625000000000e-07	3.12500000000000e-09	1.50000000000000e-09	1.25000000000000e-09	1.25000000000000e-09	3.00000000000000e-09
2.25625000000000e-07	4.37500000000000e-09	1.50000000000000e-09	1.25000000000000e-09	1.25000000000000e-09	3.00000000000000e-09
2.26875000000000e-07	3.12500000000000e-09	1.50000000000000e-09	1.25000000000000e-09	1.25000000000000e-09	3.00000000000000e-09
2.26875000000000e-07	4.37500000000000e-09	1.50000000000000e-09	1.25000000000000e-09	1.25000000000000e-09	3.00000000000000e-09
2.32500000000000e-07	2.50000000000000e-09	1.50000000000000e-09	5.00000000000000e-09	5.00000000000000e-09	3.00000000000000e-09
2.37500000000000e-07	2.50000000000000e-09	1.50000000000000e-09	5.00000000000000e-09	5.00000000000000e-09	3.00000000000000e-09
2.42500000000000e-07	2.50000000000000e-09	1.50000000000000e-09	5.00000000000000e-09	5.00000000000000e-09	3.00000000000000e-09
2.47500000000000e-07	2.50000000000000e-09	1.50000000000000e-09	5.00000000000000e-09	5.00000000000000e-09	3.00000000000000e-09
2.52500000000000e-07	2.50000000000000e-09	1.50000000000000e-09	5.00000000000000e-09	5.00000000000000e-09	3.00000000000000e-09
2.57500000000000e-07	2.50000000000000e-09	1.50000000000000e-09	5.00000000000000e-09	5.00000000000000e-09	3.00000000000000e-09
2.62500000000000e-07	2.50000000000000e-09	1.50000000000000e-09	5.00000000000000e-09	5.00000000000000e-09	3.00000000000000e-09
2.67500000000000e-07	2.50000000000000e-09	1.50000000000000e-09	5.00000000000000e-09	5.00000000000000e-09	3.00000000000000e-09
2.72500000000000e-07	2.50000000000000e-09	1.50000000000000e-09	5.00000000000000e-09	5.00000000000000e-09	3.00000000000000e-09
2.77500000000000e-07	2.50000000000000e-09	1.50000000000000e-09	5.00000000000000e-09	5.00000000000000e-09	3.00000000000000e-09
2.82500000000000e-07	2.50000000000000e-09	1.50000000000000e-09	5.00000000000000e-09	5.00000000000000e-09	3.00000000000000e-09
2.87500000000000e-07	2.50000000000000e-09	1.50000000000000e-09	5.00000000000000e-09	5.00000000000000e-09	3.00000000000000e-09
2.92500000000000e-07	2.50000000000000e-09	1.50000000000000e-09	5.00000000000000e-09	5.00000000000000e-09	3.00000000000000e-09
2.97500000000000e-07	2.50000000000000e-09	1.50000000000000e-09	5.00000000000000e-09	5.00000000000000e-09	3.00000000000000e-09
3.02500000000000e-07	2.50000000000000e-09	1.50000000000000e-09	5.00000000000000e-09	5.00000000000000e-09	3.00000000000000e-09
3.06250000000000e-07	1.25000000000000e-09	1.50000000000000e-09	2.50000000000000e-09	2.50000000000000e-09	3.00000000000000e-09
3.06250000000000e-07	3.75000000000000e-09	1.50000000000000e-09	2.50000000000000e-09	2.50000000000000e-09	3.00000000000000e-09
3.08125000000000e-07	6.25000000000000e-10	1.50000000000000e-09	1.25000000000000e-09	1.25000000000000e-09	3.00000000000000e-09
3.08125000000000e-07	1.87500000000000e-09	1.50000000000000e-09	1.25000000000000e-09	1.25000000000000e-09	3.00000000000000e-09
3.09375000000000e-07	6.25000000000000e-10	1.50000000000000e-09	1.25000000000000e-09	1.25000000000000e-09	3.00000000000000e-09
3.09375000000000e-07	1.87500000000000e-09	1.50000000000000e-09	1.25000000000000e-09	1.25000000000000e-09	3.00000000000000e-09
3.08125000000000e-07	3.12500000000000e-09	1.50000000000000e-09	1.25000000000000e-09	1.25000000000000e-09	3.00000000000000e-09
3.08125000000000e-07	4.37500000000000e-09	1.50000000000000e-09	1.25000000000000e-09	1.25000000000000e-09	3.00000000000000e-09
3.09375000000000e-07	3.12500000000000e-09	1.50000000000000e-09	1.25000000000000e-09	1.25000000000000e-09	3.00000000000000e-09
3.09375000000000e-07	4.37500000000000e-09	1.50000000000000e-09	1.25000000000000e-09	1.25000000000000e-09	3.00000000000000e-09
3.10625000000000e-07	6.25000000000000e-10	1.50000000000000e-09	1.25000000000000e-09	1.25000000000000e-09	3.00000000000000e-09
3.10625000000000e-07	1.87500000000000e-09	1.50000000000000e-09	1.25000000000000e-09	1.25000000000000e-09	3.00000000000000e-09
3.11875000000000e-07	6.25000000000000e-10	1.50000000000000e-09	1.25000000000000e-09	1.25000000000000e-09	3.00000000000000e-09
3.11875000000000e-07	1.87500000000000e-09	1.50000000000000e-09	1.25000000000000e-09	1.25000000000000e-09	3.00000000000000e-09
3.10625000000000e-07	3.12500000000000e-09	1.50000000000000e-09	1.25000000000000e-09	1.25000000000000e-09	3.00000000000000e-09
3.10625000000000e-07	4.37500000000000e-09	1.50000000000000e-09	1.25000000000000e-09	1.25000000000000e-09	3.00000000000000e-09
3.11875000000000e-07	3.12500000000000e-09	1.50000000000000e-09	1.25000000000000e-09	1.25000000000000e-09	3.00000000000000e-09
3.11875000000000e-07	4.37500000000000e-09	1.50000000000000e-09	1.25000000000000e-09	1.25000000000000e-09	3.00000000000000e-09
3.13125000000000e-07	6.25000000000000e-10	1.50000000000000e-09	1.25000000000000e-09	1.25000000000000e-09	3.00000000000000e-09
3.13125000000000e-07	1.87500000000000e-09	1.50000000000000e-09	1.25000000000000e-09	1.25000000000000e-09	3.00000000000000e-09
3.14375000000000e-07	6.25000000000000e-10	1.50000000000000e-09	1.25000000000000e-09	1.25000000000000e-09	3.00000000000000e-09
3.14375000000000e-07	1.87500000000000e-09	1.50000000000000e-09	1.25000000000000e-09	1.25000000000000e-09	3.00000000000000e-09
3.13125000000000e-07	3.12500000000000e-09	1.50000000000000e-09	1.25000000000000e-09	1.25000000000000e-09	3.00000000000000e-09
3.13125000000000e-07	4.37500000000000e-09	1.50000000000000e-09	1.25000000000000e-09	1.25000000000000e-09	3.00000000000000e-09
3.14375000000000e-07	3.12500000000000e-09	1.50000000000000e-09	1.25000000000000e-09	1.25000000000000e-09	3.00000000000000e-09
3.14375000000000e-07	4.37500000000000e-09	1.50000000000000e-09	1.25000000000000e-09	1.25000000000000e-09	3.00000000000000e-09
3.15625000000000e-07	6.25000000000000e-10	1.50000000000000e-09	1.25000000000000e-09	1.25000000000000e-09	3.00000000000000e-09
3.15625000000000e-07	1.87500000000000e-09	1.50000000000000e-09	1.25000000000000e-09	1.25000000000000e-09	3.00000000000000e-09
3.16875000000000e-07	6.25000000000000e-10	1.50000000000000e-09	1.25000000000000e-09	1.25000000000000e-09	3.00000000000000e-09
3.16875000000000e-07	1.87500000000000e-09	1.50000000000000e-09	1.25000000000000e-09	1.25000000000000e-09	3.00000000000000e-09
3.15625000000000e-07	3.12500000000000e-09	1.50000000000000e-09	1.25000000000000e-09	1.25000000000000e-09	3.00000000000000e-09
3.15625000000000e-07	4.37500000000000e-09	1.50000000000000e-09	1.25000000000000e-09	1.25000000000000e-09	3.00000000000000e-09
3.16875000000000e-07	3.12500000000000e-09	1.50000000000000e-09	1.25000000000000e-09	1.25000000000000e-09	3.00000000000000e-09
3.16875000000000e-07	4.37500000000000e-09	1.50000000000000e-09	1.25000000000000e-09	1.25000000000000e-09	3.00000000000000e-09
3.18125000000000e-07	6.25000000000000e-10	1.50000000000000e-09	1.25000000000000e-09	1.25000000000000e-09	3.00000000000000e-09
3.18125000000000e-07	1.87500000000000e-09	1.50000000000000e-09	1.25000000000000e-09	1.25000000000000e-09	3.00000000000000e-09
3.19375000000000e-07	6.25000000000000e-10	1.50000000000000e-09	1.25000000000000e-09	1.25000000000000e-09	3.00000000000000e-09
3.19375000000000e-07	1.87500000000000e-09	1.50000000000000e-09	1.25000000000000e-09	1.25000000000000e-09	3.00000000000000e-09
3.18125000000000e-07	3.12500000000000e-09	1.50000000000000e-09	1.25000000000000e-09	1.25000000000000e-09	3.00000000000000e-09
3.18125000000000e-07	4.37500000000000e-09	1.50000000000000e-09	1.25000000000000e-09	1.25000000000000e-09	3.00000000000000e-09
3.19375000000000e-07	3.12500000000000e-09	1.50000000000000e-09	1.25000000000000e-09	1.25000000000000e-09	3.00000000000000e-09
3.19375000000000e-07	4.37500000000000e-09	1.50000000000000e-09	1.25000000000000e-09	1.25000000000000e-09	3.00000000000000e-09
3.21250000000000e-07	1.25000000000000e-09	1.50000000000000e-09	2.50000000000000e-09	2.50000000000000e-09	3.00000000000000e-09
3.21250000000000e-07	3.75000000000000e-09	1.50000000000000e-09	2.50000000000000e-09	2.50000000000000e-09	3.00000000000000e-09
3.23750000000000e-07	3.75000000000000e-09	1.50000000000000e-09	2.50000000000000e-09	2.50000000000000e-09	3.00000000000000e-09
3.23125000000000e-07	6.25000000000000e-10	1.50000000000000e-09	1.25000000000000e-09	1.25000000000000e-09	3.00000000000000e-09
3.23125000000000e-07	1.87500000000000e-09	1.50000000000000e-09	1.25000000000000e-09	1.25000000000000e-09	3.00000000000000e-09
3.24375000000000e-07	6.25000000000000e-10	1.50000000000000e-09	1.25000000000000e-09	1.25000000000000e-09	3.00000000000000e-09
3.24375000000000e-07	1.87500000000000e-09	1.50000000000000e-09	1.25000000000000e-09	1.25000000000000e-09	3.00000000000000e-09
3.25625000000000e-07	6.25000000000000e-10	1.50000000000000e-09	1.25000000000000e-09	1.25000000000000e-09	3.00000000000000e-09
3.25625000000000e-07	1.87500000000000e-09	1.50000000000000e-09	1.25000000000000e-09	1.25000000000000e-09	3.00000000000000e-09
3.26875000000000e-07	6.25000000000000e-10	1.50000000000000e-09	1.25000000000000e-09	1.25000000000000e-09	3.00000000000000e-09
3.26875000000000e-07	1.87500000000000e-09	1.50000000000000e-09	1.25000000000000e-09	1.25000000000000e-09	3.00000000000000e-09
3.25625000000000e-07	3.12500000000000e-09	1.50000000000000e-09	1.25000000000000e-09	1.25000000000000e-09	3.00000000000000e-09
3.25625000000000e-07	4.37500000000000e-09	1.50000000000000e-09	1.25000000000000e-09	1.25000000000000e-09	3.00000000000000e-09
3.26875000000000e-07	3.12500000000000e-09	1.50000000000000e-09	1.25000000000000e-09	1.25000000000000e-09	3.00000000000000e-09
3.26875000000000e-07	4.37500000000000e-09	1.50000000000000e-09	1.25000000000000e-09	1.25000000000000e-09	3.00000000000000e-09
3.28125000000000e-07	6.25000000000000e-10	1.50000000000000e-09	1.25000000000000e-09	1.25000000000000e-09	3.00000000000000e-09
3.28125000000000e-07	1.87500000000000e-09	1.50000000000000e-09	1.25000000000000e-09	1.25000000000000e-09	3.00000000000000e-09
3.29375000000000e-07	6.25000000000000e-10	1.50000000000000e-09	1.25000000000000e-09	1.25000000000000e-09	3.00000000000000e-09
3.29375000000000e-07	1.87500000000000e-09	1.50000000000000e-09	1.25000000000000e-09	1.25000000000000e-09	3.00000000000000e-09
3.28125000000000e-07	3.12500000000000e-09	1.50000000000000e-09	1.25000000000000e-09	1.25000000000000e-09	3.00000000000000e-09
3.28125000000000e-07	4.37500000000000e-09	1.50000000000000e-09	1.25000000000000e-09	1.25000000000000e-09	3.00000000000000e-09
3.29375000000000e-07	3.12500000000000e-09	1.50000000000000e-09	1.25000000000000e-09	1.25000000000000e-09	3.00000000000000e-09
3.29375000000000e-07	4.37500000000000e-09	1.50000000000000e-09	1.25000000000000e-09	1.25000000000000e-09	3.00000000000000e-09
3.30625000000000e-07	6.25000000000000e-10	1.50000000000000e-09	1.25000000000000e-09	1.25000000000000e-09	3.00000000000000e-09
3.30625000000000e-07	1.87500000000000e-09	1.50000000000000e-09	1.25000000000000e-09	1.25000000000000e-09	3.00000000000000e-09
3.31875000000000e-07	6.25000000000000e-10	1.50000000000000e-09	1.25000000000000e-09	1.25000000000000e-09	3.00000000000000e-09
3.31875000000000e-07	1.87500000000000e-09	1.50000000000000e-09	1.25000000000000e-09	1.25000000000000e-09	3.00000000000000e-09
3.30625000000000e-07	3.12500000000000e-09	1.50000000000000e-09	1.25000000000000e-09	1.25000000000000e-09	3.00000000000000e-09
3.30625000000000e-07	4.37500000000000e-09	1.50000000000000e-09	1.25000000000000e-09	1.25000000000000e-09	3.00000000000000e-09
3.31875000000000e-07	3.12500000000000e-09	1.50000000000000e-09	1.25000000000000e-09	1.25000000000000e-09	3.00000000000000e-09
3.31875000000000e-07	4.37500000000000e-09	1.50000000000000e-09	1.25000000000000e-09	1.25000000000000e-09	3.00000000000000e-09
3.33125000000000e-07	6.25000000000000e-10	1.50000000000000e-09	1.25000000000000e-09	1.25000000000000e-09	3.00000000000000e-09
3.33125000000000e-07	1.87500000000000e-09	1.50000000000000e-09	1.25000000000000e-09	1.25000000000000e-09	3.00000000000000e-09
3.34375000000000e-07	6.25000000000000e-10	1.50000000000000e-09	1.25000000000000e-09	1.25000000000000e-09	3.00000000000000e-09
3.34375000000000e-07	1.87500000000000e-09	1.50000000000000e-09	1.25000000000000e-09	1.25000000000000e-09	3.00000000000000e-09
3.33125000000000e-07	3.12500000000000e-09	1.50000000000000e-09	1.25000000000000e-09	1.25000000000000e-09	3.00000000000000e-09
3.33125000000000e-07	4.37500000000000e-09	1.50000000000000e-09	1.25000000000000e-09	1.25000000000000e-09	3.00000000000000e-09
3.34375000000000e-07	3.12500000000000e-09	1.50000000000000e-09	1.25000000000000e-09	1.25000000000000e-09	3.00000000000000e-09
3.34375000000000e-07	4.37500000000000e-09	1.50000000000000e-09	1.25000000000000e-09	1.25000000000000e-09	3.00000000000000e-09
3.35625000000000e-07	6.25000000000000e-10	1.50000000000000e-09	1.25000000000000e-09	1.25000000000000e-09	3.00000000000000e-09
3.35625000000000e-07	1.87500000000000e-09	1.50000000000000e-09	1.25000000000000e-09	1.25000000000000e-09	3.00000000000000e-09
3.36875000000000e-07	6.25000000000000e-10	1.50000000000000e-09	1.25000000000000e-09	1.25000000000000e-09	3.00000000000000e-09
3.36875000000000e-07	1.87500000000000e-09	1.50000000000000e-09	1.25000000000000e-09	1.25000000000000e-09	3.00000000000000e-09
3.35625000000000e-07	3.12500000000000e-09	1.50000000000000e-09	1.25000000000000e-09	1.25000000000000e-09	3.00000000000000e-09
3.35625000000000e-07	4.37500000000000e-09	1.50000000000000e-09	1.25000000000000e-09	1.25000000000000e-09	3.00000000000000e-09
3.36875000000000e-07	3.12500000000000e-09	1.50000000000000e-09	1.25000000000000e-09	1.25000000000000e-09	3.00000000000000e-09
3.36875000000000e-07	4.37500000000000e-09	1.50000000000000e-09	1.25000000000000e-09	1.25000000000000e-09	3.00000000000000e-09
3.38125000000000e-07	6.25000000000000e-10	1.50000000000000e-09	1.25000000000000e-09	1.25000000000000e-09	3.00000000000000e-09
3.38125000000000e-07	1.87500000000000e-09	1.50000000000000e-09	1.25000000000000e-09	1.25000000000000e-09	3.00000000000000e-09
3.39375000000000e-07	6.25000000000000e-10	1.50000000000000e-09	1.25000000000000e-09	1.25000000000000e-09	3.00000000000000e-09
3.39375000000000e-07	1.87500000000000e-09	1.50000000000000e-09	1.25000000000000e-09	1.25000000000000e-09	3.00000000000000e-09
3.38125000000000e-07	3.12500000000000e-09	1.50000000000000e-09	1.25000000000000e-09	1.25000000000000e-09	3.00000000000000e-09
3.38125000000000e-07	4.37500000000000e-09	1.50000000000000e-09	1.25000000000000e-09	1.25000000000000e-09	3.00000000000000e-09
3.39375000000000e-07	3.12500000000000e-09	1.50000000000000e-09	1.25000000000000e-09	1.25000000000000e-09	3.00000000000000e-09
3.39375000000000e-07	4.37500000000000e-09	1.50000000000000e-09	1.25000000000000e-09	1.25000000000000e-09	3.00000000000000e-09
3.41250000000000e-07	1.25000000000000e-09	1.50000000000000e-09	2.50000000000000e-09	2.50000000000000e-09	3.00000000000000e-09
3.43750000000000e-07	1.25000000000000e-09	1.50000000000000e-09	2.50000000000000e-09	2.50000000000000e-09	3.00000000000000e-09
3.43750000000000e-07	3.75000000000000e-09	1.50000000000000e-09	2.50000000000000e-09	2.50000000000000e-09	3.00000000000000e-09
3.40625000000000e-07	3.12500000000000e-09	1.50000000000000e-09	1.25000000000000e-09	1.25000000000000e-09	3.00000000000000e-09
3.40625000000000e-07	4.37500000000000e-09	1.50000000000000e-09	1.25000000000000e-09	1.25000000000000e-09	3.00000000000000e-09
3.41875000000000e-07	3.12500000000000e-09	1.50000000000000e-09	1.25000000000000e-09	1.25000000000000e-09	3.00000000000000e-09
3.41875000000000e-07	4.37500000000000e-09	1.50000000000000e-09	1.25000000000000e-09	1.25000000000000e-09	3.00000000000000e-09
3.47500000000000e-07	2.50000000000000e-09	1.50000000000000e-09	5.00000000000000e-09	5.00000000000000e-09	3.00000000000000e-09
3.52500000000000e-07	2.50000000000000e-09	1.50000000000000e-09	5.00000000000000e-09	5.00000000000000e-09	3.00000000000000e-09
3.57500000000000e-07	2.50000000000000e-09	1.50000000000000e-09	5.00000000000000e-09	5.00000000000000e-09	3.00000000000000e-09
3.62500000000000e-07	2.50000000000000e-09	1.50000000000000e-09	5.00000000000000e-09	5.00000000000000e-09	3.00000000000000e-09
3.67500000000000e-07	2.50000000000000e-09	1.50000000000000e-09	5.00000000000000e-09	5.00000000000000e-09	3.00000000000000e-09
3.72500000000000e-07	2.50000000000000e-09	1.50000000000000e-09	5.00000000000000e-09	5.00000000000000e-09	3.00000000000000e-09
3.77500000000000e-07	2.50000000000000e-09	1.50000000000000e-09	5.00000000000000e-09	5.00000000000000e-09	3.00000000000000e-09
3.82500000000000e-07	2.50000000000000e-09	1.50000000000000e-09	5.00000000000000e-09	5.00000000000000e-09	3.00000000000000e-09
3.87500000000000e-07	2.50000000000000e-09	1.50000000000000e-09	5.00000000000000e-09	5.00000000000000e-09	3.00000000000000e-09
3.92500000000000e-07	2.50000000000000e-09	1.50000000000000e-09	5.00000000000000e-09	5.00000000000000e-09	3.00000000000000e-09
3.97500000000000e-07	2.50000000000000e-09	1.50000000000000e-09	5.00000000000000e-09	5.00000000000000e-09	3.00000000000000e-09
4.02500000000000e-07	2.50000000000000e-09	1.50000000000000e-09	5.00000000000000e-09	5.00000000000000e-09	3.00000000000000e-09
4.07500000000000e-07	2.50000000000000e-09	1.50000000000000e-09	5.00000000000000e-09	5.00000000000000e-09	3.00000000000000e-09
4.12500000000000e-07	2.50000000000000e-09	1.50000000000000e-09	5.00000000000000e-09	5.00000000000000e-09	3.00000000000000e-09
4.17500000000000e-07	2.50000000000000e-09	1.50000000000000e-09	5.00000000000000e-09	5.00000000000000e-09	3.00000000000000e-09
4.22500000000000e-07	2.50000000000000e-09	1.50000000000000e-09	5.00000000000000e-09	5.00000000000000e-09	3.00000000000000e-09
4.27500000000000e-07	2.50000000000000e-09	1.50000000000000e-09	5.00000000000000e-09	5.00000000000000e-09	3.00000000000000e-09
4.32500000000000e-07	2.50000000000000e-09	1.50000000000000e-09	5.00000000000000e-09	5.00000000000000e-09	3.00000000000000e-09
4.37500000000000e-07	2.50000000000000e-09	1.50000000000000e-09	5.00000000000000e-09	5.00000000000000e-09	3.00000000000000e-09
4.42500000000000e-07	2.50000000000000e-09	1.50000000000000e-09	5.00000000000000e-09	5.00000000000000e-09	3.00000000000000e-09
4.47500000000000e-07	2.50000000000000e-09	1.50000000000000e-09	5.00000000000000e-09	5.00000000000000e-09	3.00000000000000e-09
4.52500000000000e-07	2.50000000000000e-09	1.50000000000000e-09	5.00000000000000e-09	5.00000000000000e-09	3.00000000000000e-09
4.57500000000000e-07	2.50000000000000e-09	1.50000000000000e-09	5.00000000000000e-09	5.00000000000000e-09	3.00000000000000e-09
4.61250000000000e-07	1.25000000000000e-09	1.50000000000000e-09	2.50000000000000e-09	2.50000000000000e-09	3.00000000000000e-09
4.61250000000000e-07	3.75000000000000e-09	1.50000000000000e-09	2.50000000000000e-09	2.50000000000000e-09	3.00000000000000e-09
4.63750000000000e-07	1.25000000000000e-09	1.50000000000000e-09	2.50000000000000e-09	2.50000000000000e-09	3.00000000000000e-09
4.63125000000000e-07	3.12500000000000e-09	1.50000000000000e-09	1.25000000000000e-09	1.25000000000000e-09	3.00000000000000e-09
4.63125000000000e-07	4.37500000000000e-09	1.50000000000000e-09	1.25000000000000e-09	1.25000000000000e-09	3.00000000000000e-09
4.64375000000000e-07	3.12500000000000e-09	1.50000000000000e-09	1.25000000000000e-09	1.25000000000000e-09	3.00000000000000e-09
4.64375000000000e-07	4.37500000000000e-09	1.50000000000000e-09	1.25000000000000e-09	1.25000000000000e-09	3.00000000000000e-09
4.65625000000000e-07	6.25000000000000e-10	1.50000000000000e-09	1.25000000000000e-09	1.25000000000000e-09	3.00000000000000e-09
4.65625000000000e-07	1.87500000000000e-09	1.50000000000000e-09	1.25000000000000e-09	1.25000000000000e-09	3.00000000000000e-09
4.66875000000000e-07	6.25000000000000e-10	1.50000000000000e-09	1.25000000000000e-09	1.25000000000000e-09	3.00000000000000e-09
4.66875000000000e-07	1.87500000000000e-09	1.50000000000000e-09	1.25000000000000e-09	1.25000000000000e-09	3.00000000000000e-09
4.65625000000000e-07	3.12500000000000e-09	1.50000000000000e-09	1.25000000000000e-09	1.25000000000000e-09	3.00000000000000e-09
4.65625000000000e-07	4.37500000000000e-09	1.50000000000000e-09	1.25000000000000e-09	1.25000000000000e-09	3.00000000000000e-09
4.66875000000000e-07	3.12500000000000e-09	1.50000000000000e-09	1.25000000000000e-09	1.25000000000000e-09	3.00000000000000e-09
4.66875000000000e-07	4.37500000000000e-09	1.50000000000000e-09	1.25000000000000e-09	1.25000000000000e-09	3.00000000000000e-09
4.68125000000000e-07	6.25000000000000e-10	1.50000000000000e-09	1.25000000000000e-09	1.25000000000000e-09	3.00000000000000e-09
4.68125000000000e-07	1.87500000000000e-09	1.50000000000000e-09	1.25000000000000e-09	1.25000000000000e-09	3.00000000000000e-09
4.69375000000000e-07	6.25000000000000e-10	1.50000000000000e-09	1.25000000000000e-09	1.25000000000000e-09	3.00000000000000e-09
4.69375000000000e-07	1.87500000000000e-09	1.50000000000000e-09	1.25000000000000e-09	1.25000000000000e-09	3.00000000000000e-09
4.68125000000000e-07	3.12500000000000e-09	1.50000000000000e-09	1.25000000000000e-09	1.25000000000000e-09	3.00000000000000e-09
4.68125000000000e-07	4.37500000000000e-09	1.50000000000000e-09	1.25000000000000e-09	1.25000000000000e-09	3.00000000000000e-09
4.69375000000000e-07	3.12500000000000e-09	1.50000000000000e-09	1.25000000000000e-09	1.25000000000000e-09	3.00000000000000e-09
4.69375000000000e-07	4.37500000000000e-09	1.50000000000000e-09	1.25000000000000e-09	1.25000000000000e-09	3.00000000000000e-09
4.70625000000000e-07	6.25000000000000e-10	1.50000000000000e-09	1.25000000000000e-09	1.25000000000000e-09	3.00000000000000e-09
4.70625000000000e-07	1.87500000000000e-09	1.50000000000000e-09	1.25000000000000e-09	1.25000000000000e-09	3.00000000000000e-09
4.71875000000000e-07	6.25000000000000e-10	1.50000000000000e-09	1.25000000000000e-09	1.25000000000000e-09	3.00000000000000e-09
4.71875000000000e-07	1.87500000000000e-09	1.50000000000000e-09	1.25000000000000e-09	1.25000000000000e-09	3.00000000000000e-09
4.70625000000000e-07	3.12500000000000e-09	1.50000000000000e-09	1.25000000000000e-09	1.25000000000000e-09	3.00000000000000e-09
4.70625000000000e-07	4.37500000000000e-09	1.50000000000000e-09	1.25000000000000e-09	1.25000000000000e-09	3.00000000000000e-09
4.71875000000000e-07	3.12500000000000e-09	1.50000000000000e-09	1.25000000000000e-09	1.25000000000000e-09	3.00000000000000e-09
4.71875000000000e-07	4.37500000000000e-09	1.50000000000000e-09	1.25000000000000e-09	1.25000000000000e-09	3.00000000000000e-09
4.73125000000000e-07	6.25000000000000e-10	1.50000000000000e-09	1.25000000000000e-09	1.25000000000000e-09	3.00000000000000e-09
4.73125000000000e-07	1.87500000000000e-09	1.50000000000000e-09	1.25000000000000e-09	1.25000000000000e-09	3.00000000000000e-09
4.74375000000000e-07	6.25000000000000e-10	1.50000000000000e-09	1.25000000000000e-09	1.25000000000000e-09	3.00000000000000e-09
4.74375000000000e-07	1.87500000000000e-09	1.50000000000000e-09	1.25000000000000e-09	1.25000000000000e-09	3.00000000000000e-09
4.73125000000000e-07	3.12500000000000e-09	1.50000000000000e-09	1.25000000000000e-09	1.25000000000000e-09	3.00000000000000e-09
4.73125000000000e-07	4.37500000000000e-09	1.50000000000000e-09	1.25000000000000e-09	1.25000000000000e-09	3.00000000000000e-09
4.74375000000000e-07	3.12500000000000e-09	1.50000000000000e-09	1.25000000000000e-09	1.25000000000000e-09	3.00000000000000e-09
4.74375000000000e-07	4.37500000000000e-09	1.50000000000000e-09	1.25000000000000e-09	1.25000000000000e-09	3.00000000000000e-09
4.78750000000000e-07	3.75000000000000e-09	1.50000000000000e-09	2.50000000000000e-09	2.50000000000000e-09	3.00000000000000e-09
4.75625000000000e-07	6.25000000000000e-10	1.50000000000000e-09	1.25000000000000e-09	1.25000000000000e-09	3.00000000000000e-09
4.75625000000000e-07	1.87500000000000e-09	1.50000000000000e-09	1.25000000000000e-09	1.25000000000000e-09	3.00000000000000e-09
4.76875000000000e-07	6.25000000000000e-10	1.50000000000000e-09	1.25000000000000e-09	1.25000000000000e-09	3.00000000000000e-09
4.76875000000000e-07	1.87500000000000e-09	1.50000000000000e-09	1.25000000000000e-09	1.25000000000000e-09	3.00000000000000e-09
4.75625000000000e-07	3.12500000000000e-09	1.50000000000000e-09	1.25000000000000e-09	1.25000000000000e-09	3.00000000000000e-09
4.75625000000000e-07	4.37500000000000e-09	1.50000000000000e-09	1.25000000000000e-09	1.25000000000000e-09	3.00000000000000e-09
4.76875000000000e-07	3.12500000000000e-09	1.50000000000000e-09	1.25000000000000e-09	1.25000000000000e-09	3.00000000000000e-09
4.76875000000000e-07	4.37500000000000e-09	1.50000000000000e-09	1.25000000000000e-09	1.25000000000000e-09	3.00000000000000e-09
4.78125000000000e-07	6.25000000000000e-10	1.50000000000000e-09	1.25000000000000e-09	1.25000000000000e-09	3.00000000000000e-09
4.78125000000000e-07	1.87500000000000e-09	1.50000000000000e-09	1.25000000000000e-09	1.25000000000000e-09	3.00000000000000e-09
4.79375000000000e-07	6.25000000000000e-10	1.50000000000000e-09	1.25000000000000e-09	1.25000000000000e-09	3.00000000000000e-09
4.79375000000000e-07	1.87500000000000e-09	1.50000000000000e-09	1.25000000000000e-09	1.25000000000000e-09	3.00000000000000e-09
4.82500000000000e-07	2.50000000000000e-09	1.50000000000000e-09	5.00000000000000e-09	5.00000000000000e-09	3.00000000000000e-09
4.87500000000000e-07	2.50000000000000e-09	1.50000000000000e-09	5.00000000000000e-09	5.00000000000000e-09	3.00000000000000e-09
4.92500000000000e-07	2.50000000000000e-09	1.50000000000000e-09	5.00000000000000e-09	5.00000000000000e-09	3.00000000000000e-09
4.97500000000000e-07	2.50000000000000e-09	1.50000000000000e-09	5.00000000000000e-09	5.00000000000000e-09	3.00000000000000e-09
2.50000000000000e-09	7.50000000000000e-09	1.50000000000000e-09	5.00000000000000e-09	5.00000000000000e-09	3.00000000000000e-09
7.50000000000000e-09	7.50000000000000e-09	1.50000000000000e-09	5.00000000000000e-09	5.00000000000000e-09	3.00000000000000e-09
1.25000000000000e-08	7.50000000000000e-09	1.50000000000000e-09	5.00000000000000e-09	5.00000000000000e-09	3.00000000000000e-09
1.75000000000000e-08	7.50000000000000e-09	1.50000000000000e-09	5.00000000000000e-09	5.00000000000000e-09	3.00000000000000e-09
2.25000000000000e-08	7.50000000000000e-09	1.50000000000000e-09	5.00000000000000e-09	5.00000000000000e-09	3.00000000000000e-09
2.75000000000000e-08	7.50000000000000e-09	1.50000000000000e-09	5.00000000000000e-09	5.00000000000000e-09	3.00000000000000e-09
3.25000000000000e-08	7.50000000000000e-09	1.50000000000000e-09	5.00000000000000e-09	5.00000000000000e-09	3.00000000000000e-09
3.75000000000000e-08	7.50000000000000e-09	1.50000000000000e-09	5.00000000000000e-09	5.00000000000000e-09	3.00000000000000e-09
4.25000000000000e-08	7.50000000000000e-09	1.50000000000000e-09	5.00000000000000e-09	5.00000000000000e-09	3.00000000000000e-09
4.75000000000000e-08	7.50000000000000e-09	1.50000000000000e-09	5.00000000000000e-09	5.00000000000000e-09	3.00000000000000e-09
5.25000000000000e-08	7.50000000000000e-09	1.50000000000000e-09	5.00000000000000e-09	5.00000000000000e-09	3.00000000000000e-09
5.75000000000000e-08	7.50000000000000e-09	1.50000000000000e-09	5.00000000000000e-09	5.00000000000000e-09	3.00000000000000e-09
6.25000000000000e-08	7.50000000000000e-09	1.50000000000000e-09	5.00000000000000e-09	5.00000000000000e-09	3.00000000000000e-09
6.75000000000000e-08	7.50000000000000e-09	1.50000000000000e-09	5.00000000000000e-09	5.00000000000000e-09	3.00000000000000e-09
7.25000000000000e-08	7.50000000000000e-09	1.50000000000000e-09	5.00000000000000e-09	5.00000000000000e-09	3.00000000000000e-09
7.75000000000000e-08	7.50000000000000e-09	1.50000000000000e-09	5.00000000000000e-09	5.00000000000000e-09	3.00000000000000e-09
8.25000000000000e-08	7.50000000000000e-09	1.50000000000000e-09	5.00000000000000e-09	5.00000000000000e-09	3.00000000000000e-09
8.75000000000000e-08	7.50000000000000e-09	1.50000000000000e-09	5.00000000000000e-09	5.00000000000000e-09	3.00000000000000e-09
9.25000000000000e-08	7.50000000000000e-09	1.50000000000000e-09	5.00000000000000e-09	5.00000000000000e-09	3.00000000000000e-09
9.75000000000000e-08	7.50000000000000e-09	1.50000000000000e-09	5.00000000000000e-09	5.00000000000000e-09	3.00000000000000e-09
1.02500000000000e-07	7.50000000000000e-09	1.50000000000000e-09	5.00000000000000e-09	5.00000000000000e-09	3.00000000000000e-09
1.06250000000000e-07	6.25000000000000e-09	1.50000000000000e-09	2.50000000000000e-09	2.50000000000000e-09	3.00000000000000e-09
1.06250000000000e-07	8.75000000000000e-09	1.50000000000000e-09	2.50000000000000e-09	2.50000000000000e-09	3.00000000000000e-09
1.08125000000000e-07	5.62500000000000e-09	1.50000000000000e-09	1.25000000000000e-09	1.25000000000000e-09	3.00000000000000e-09
1.08125000000000e-07	6.87500000000000e-09	1.50000000000000e-09	1.25000000000000e-09	1.25000000000000e-09	3.00000000000000e-09
1.09375000000000e-07	5.62500000000000e-09	1.50000000000000e-09	1.25000000000000e-09	1.25000000000000e-09	3.00000000000000e-09
1.09375000000000e-07	6.87500000000000e-09	1.50000000000000e-09	1.25000000000000e-09	1.25000000000000e-09	3.00000000000000e-09
1.08125000000000e-07	8.12500000000000e-09	1.50000000000000e-09	1.25000000000000e-09	1.25000000000000e-09	3.00000000000000e-09
1.08125000000000e-07	9.37500000000000e-09	1.50000000000000e-09	1.25000000000000e-09	1.25000000000000e-09	3.00000000000000e-09
1.09375000000000e-07	8.12500000000000e-09	1.50000000000000e-09	1.25000000000000e-09	1.25000000000000e-09	3.00000000000000e-09
1.09375000000000e-07	9.37500000000000e-09	1.50000000000000e-09	1.25000000000000e-09	1.25000000000000e-09	3.00000000000000e-09
1.10625000000000e-07	5.62500000000000e-09	1.50000000000000e-09	1.25000000000000e-09	1.25000000000000e-09	3.00000000000000e-09
1.10625000000000e-07	6.87500000000000e-09	1.50000000000000e-09	1.25000000000000e-09	1.25000000000000e-09	3.00000000000000e-09
1.11875000000000e-07	5.62500000000000e-09	1.50000000000000e-09	1.25000000000000e-09	1.25000000000000e-09	3.00000000000000e-09
1.11875000000000e-07	6.87500000000000e-09	1.50000000000000e-09	1.25000000000000e-09	1.25000000000000e-09	3.00000000000000e-09
1.10625000000000e-07	8.12500000000000e-09	1.50000000000000e-09	1.25000000000000e-09	1.25000000000000e-09	3.00000000000000e-09
1.10625000000000e-07	9.37500000000000e-09	1.50000000000000e-09	1.25000000000000e-09	1.25000000000000e-09	3.00000000000000e-09
1.11875000000000e-07	8.12500000000000e-09	1.50000000000000e-09	1.25000000000000e-09	1.25000000000000e-09	3.00000000000000e-09
1.11875000000000e-07	9.37500000000000e-09	1.50000000000000e-09	1.25000000000000e-09	1.25000000000000e-09	3.00000000000000e-09
1.13125000000000e-07	5.62500000000000e-09	1.50000000000000e-09	1.25000000000000e-09	1.25000000000000e-09	3.00000000000000e-09
1.13125000000000e-07	6.87500000000000e-09	1.50000000000000e-09	1.25000000000000e-09	1.25000000000000e-09	3.00000000000000e-09
1.14375000000000e-07	5.62500000000000e-09	1.50000000000000e-09	1.25000000000000e-09	1.25000000000000e-09	3.00000000000000e-09
1.14375000000000e-07	6.87500000000000e-09	1.50000000000000e-09	1.25000000000000e-09	1.25000000000000e-09	3.00000000000000e-09
1.13125000000000e-07	8.12500000000000e-09	1.50000000000000e-09	1.25000000000000e-09	1.25000000000000e-09	3.00000000000000e-09
1.13125000000000e-07	9.37500000000000e-09	1.50000000000000e-09	1.25000000000000e-09	1.25000000000000e-09	3.00000000000000e-09
1.14375000000000e-07	8.12500000000000e-09	1.50000000000000e-09	1.25000000000000e-09	1.25000000000000e-09	3.00000000000000e-09
1.14375000000000e-07	9.37500000000000e-09	1.50000000000000e-09	1.25000000000000e-09	1.25000000000000e-09	3.00000000000000e-09
1.15625000000000e-07	5.62500000000000e-09	1.50000000000000e-09	1.25000000000000e-09	1.25000000000000e-09	3.00000000000000e-09
1.15625000000000e-07	6.87500000000000e-09	1.50000000000000e-09	1.25000000000000e-09	1.25000000000000e-09	3.00000000000000e-09
1.16875000000000e-07	5.62500000000000e-09	1.50000000000000e-09	1.25000000000000e-09	1.25000000000000e-09	3.00000000000000e-09
1.16875000000000e-07	6.87500000000000e-09	1.50000000000000e-09	1.25000000000000e-09	1.25000000000000e-09	3.00000000000000e-09
1.15625000000000e-07	8.12500000000000e-09	1.50000000000000e-09	1.25000000000000e-09	1.25000000000000e-09	3.00000000000000e-09
1.15625000000000e-07	9.37500000000000e-09	1.50000000000000e-09	1.25000000000000e-09	1.25000000000000e-09	3.00000000000000e-09
1.16875000000000e-07	8.12500000000000e-09	1.50000000000000e-09	1.25000000000000e-09	1.25000000000000e-09	3.00000000000000e-09
1.16875000000000e-07	9.37500000000000e-09	1.50000000000000e-09	1.25000000000000e-09	1.25000000000000e-09	3.00000000000000e-09
1.18125000000000e-07	5.62500000000000e-09	1.50000000000000e-09	1.25000000000000e-09	1.25000000000000e-09	3.00000000000000e-09
1.18125000000000e-07	6.87500000000000e-09	1.50000000000000e-09	1.25000000000000e-09	1.25000000000000e-09	3.00000000000000e-09
1.19375000000000e-07	5.62500000000000e-09	1.50000000000000e-09	1.25000000000000e-09	1.25000000000000e-09	3.00000000000000e-09
1.19375000000000e-07	6.87500000000000e-09	1.50000000000000e-09	1.25000000000000e-09	1.25000000000000e-09	3.00000000000000e-09
1.18125000000000e-07	8.12500000000000e-09	1.50000000000000e-09	1.25000000000000e-09	1.25000000000000e-09	3.00000000000000e-09
1.18125000000000e-07	9.37500000000000e-09	1.50000000000000e-09	1.25000000000000e-09	1.25000000000000e-09	3.00000000000000e-09
1.19375000000000e-07	8.12500000000000e-09	1.50000000000000e-09	1.25000000000000e-09	1.25000000000000e-09	3.00000000000000e-09
1.19375000000000e-07	9.37500000000000e-09	1.50000000000000e-09	1.25000000000000e-09	1.25000000000000e-09	3.00000000000000e-09
1.22500000000000e-07	7.50000000000000e-09	1.50000000000000e-09	5.00000000000000e-09	5.00000000000000e-09	3.00000000000000e-09
1.27500000000000e-07	7.50000000000000e-09	1.50000000000000e-09	5.00000000000000e-09	5.00000000000000e-09	3.00000000000000e-09
1.32500000000000e-07	7.50000000000000e-09	1.50000000000000e-09	5.00000000000000e-09	5.00000000000000e-09	3.00000000000000e-09
1.37500000000000e-07	7.50000000000000e-09	1.50000000000000e-09	5.00000000000000e-09	5.00000000000000e-09	3.00000000000000e-09
1.42500000000000e-07	7.50000000000000e-09	1.50000000000000e-09	5.00000000000000e-09	5.00000000000000e-09	3.00000000000000e-09
1.47500000000000e-07	7.50000000000000e-09	1.50000000000000e-09	5.00000000000000e-09	5.00000000000000e-09	3.00000000000000e-09
1.52500000000000e-07	7.50000000000000e-09	1.50000000000000e-09	5.00000000000000e-09	5.00000000000000e-09	3.00000000000000e-09
1.57500000000000e-07	7.50000000000000e-09	1.50000000000000e-09	5.00000000000000e-09	5.00000000000000e-09	3.00000000000000e-09
1.62500000000000e-07	7.50000000000000e-09	1.50000000000000e-09	5.00000000000000e-09	5.00000000000000e-09	3.00000000000000e-09
1.67500000000000e-07	7.50000000000000e-09	1.50000000000000e-09	5.00000000000000e-09	5.00000000000000e-09	3.00000000000000e-09
1.72500000000000e-07	7.50000000000000e-09	1.50000000000000e-09	5.00000000000000e-09	5.00000000000000e-09	3.00000000000000e-09
1.77500000000000e-07	7.50000000000000e-09	1.50000000000000e-09	5.00000000000000e-09	5.00000000000000e-09	3.00000000000000e-09
1.82500000000000e-07	7.50000000000000e-09	1.50000000000000e-09	5.00000000000000e-09	5.00000000000000e-09	3.00000000000000e-09
1.87500000000000e-07	7.50000000000000e-09	1.50000000000000e-09	5.00000000000000e-09	5.00000000000000e-09	3.00000000000000e-09
1.92500000000000e-07	7.50000000000000e-09	1.50000000000000e-09	5.00000000000000e-09	5.00000000000000e-09	3.00000000000000e-09
1.97500000000000e-07	7.50000000000000e-09	1.50000000000000e-09	5.00000000000000e-09	5.00000000000000e-09	3.00000000000000e-09
2.02500000000000e-07	7.50000000000000e-09	1.50000000000000e-09	5.00000000000000e-09	5.00000000000000e-09	3.00000000000000e-09
2.07500000000000e-07	7.50000000000000e-09	1.50000000000000e-09	5.00000000000000e-09	5.00000000000000e-09	3.00000000000000e-09
2.12500000000000e-07	7.50000000000000e-09	1.50000000000000e-09	5.00000000000000e-09	5.00000000000000e-09	3.00000000000000e-09
2.16250000000000e-07	6.25000000000000e-09	1.50000000000000e-09	2.50000000000000e-09	2.50000000000000e-09	3.00000000000000e-09
2.16250000000000e-07	8.75000000000000e-09	1.50000000000000e-09	2.50000000000000e-09	2.50000000000000e-09	3.00000000000000e-09
2.18125000000000e-07	5.62500000000000e-09	1.50000000000000e-09	1.25000000000000e-09	1.25000000000000e-09	3.00000000000000e-09
2.18125000000000e-07	6.87500000000000e-09	1.50000000000000e-09	1.25000000000000e-09	1.25000000000000e-09	3.00000000000000e-09
2.19375000000000e-07	5.62500000000000e-09	1.50000000000000e-09	1.25000000000000e-09	1.25000000000000e-09	3.00000000000000e-09
2.19375000000000e-07	6.87500000000000e-09	1.50000000000000e-09	1.25000000000000e-09	1.25000000000000e-09	3.00000000000000e-09
2.18125000000000e-07	8.12500000000000e-09	1.50000000000000e-09	1.25000000000000e-09	1.25000000000000e-09	3.00000000000000e-09
2.18125000000000e-07	9.37500000000000e-09	1.50000000000000e-09	1.25000000000000e-09	1.25000000000000e-09	3.00000000000000e-09
2.19375000000000e-07	8.12500000000000e-09	1.50000000000000e-09	1.25000000000000e-09	1.25000000000000e-09	3.00000000000000e-09
2.19375000000000e-07	9.37500000000000e-09	1.50000000000000e-09	1.25000000000000e-09	1.25000000000000e-09	3.00000000000000e-09
2.20625000000000e-07	5.62500000000000e-09	1.50000000000000e-09	1.25000000000000e-09	1.25000000000000e-09	3.00000000000000e-09
2.20625000000000e-07	6.87500000000000e-09	1.50000000000000e-09	1.25000000000000e-09	1.25000000000000e-09	3.00000000000000e-09
2.21875000000000e-07	5.62500000000000e-09	1.50000000000000e-09	1.25000000000000e-09	1.25000000000000e-09	3.00000000000000e-09
2.21875000000000e-07	6.87500000000000e-09	1.50000000000000e-09	1.25000000000000e-09	1.25000000000000e-09	3.00000000000000e-09
2.20625000000000e-07	8.12500000000000e-09	1.50000000000000e-09	1.25000000000000e-09	1.25000000000000e-09	3.00000000000000e-09
2.20625000000000e-07	9.37500000000000e-09	1.50000000000000e-09	1.25000000000000e-09	1.25000000000000e-09	3.00000000000000e-09
2.21875000000000e-07	8.12500000000000e-09	1.50000000000000e-09	1.25000000000000e-09	1.25000000000000e-09	3.00000000000000e-09
2.21875000000000e-07	9.37500000000000e-09	1.50000000000000e-09	1.25000000000000e-09	1.25000000000000e-09	3.00000000000000e-09
2.23125000000000e-07	5.62500000000000e-09	1.50000000000000e-09	1.25000000000000e-09	1.25000000000000e-09	3.00000000000000e-09
2.23125000000000e-07	6.87500000000000e-09	1.50000000000000e-09	1.25000000000000e-09	1.25000000000000e-09	3.00000000000000e-09
2.24375000000000e-07	5.62500000000000e-09	1.50000000000000e-09	1.25000000000000e-09	1.25000000000000e-09	3.00000000000000e-09
2.24375000000000e-07	6.87500000000000e-09	1.50000000000000e-09	1.25000000000000e-09	1.25000000000000e-09	3.00000000000000e-09
2.23125000000000e-07	8.12500000000000e-09	1.50000000000000e-09	1.25000000000000e-09	1.25000000000000e-09	3.00000000000000e-09
2.23125000000000e-07	9.37500000000000e-09	1.50000000000000e-09	1.25000000000000e-09	1.25000000000000e-09	3.00000000000000e-09
2.24375000000000e-07	8.12500000000000e-09	1.50000000000000e-09	1.25000000000000e-09	1.25000000000000e-09	3.00000000000000e-09
2.24375000000000e-07	9.37500000000000e-09	1.50000000000000e-09	1.25000000000000e-09	1.25000000000000e-09	3.00000000000000e-09
2.28750000000000e-07	6.25000000000000e-09	1.50000000000000e-09	2.50000000000000e-09	2.50000000000000e-09	3.00000000000000e-09
2.28750000000000e-07	8.75000000000000e-09	1.50000000000000e-09	2.50000000000000e-09	2.50000000000000e-09	3.00000000000000e-09
2.25625000000000e-07	5.62500000000000e-09	1.50000000000000e-09	1.25000000000000e-09	1.25000000000000e-09	3.00000000000000e-09
2.25625000000000e-07	6.87500000000000e-09	1.50000000000000e-09	1.25000000000000e-09	1.25000000000000e-09	3.00000000000000e-09
2.26875000000000e-07	5.62500000000000e-09	1.50000000000000e-09	1.25000000000000e-09	1.25000000000000e-09	3.00000000000000e-09
2.26875000000000e-07	6.87500000000000e-09	1.50000000000000e-09	1.25000000000000e-09	1.25000000000000e-09	3.00000000000000e-09
2.25625000000000e-07	8.12500000000000e-09	1.50000000000000e-09	1.25000000000000e-09	1.25000000000000e-09	3.00000000000000e-09
2.25625000000000e-07	9.37500000000000e-09	1.50000000000000e-09	1.25000000000000e-09	1.25000000000000e-09	3.00000000000000e-09
2.26875000000000e-07	8.12500000000000e-09	1.50000000000000e-09	1.25000000000000e-09	1.25000000000000e-09	3.00000000000000e-09
2.26875000000000e-07	9.37500000000000e-09	1.50000000000000e-09	1.25000000000000e-09	1.25000000000000e-09	3.00000000000000e-09
2.32500000000000e-07	7.50000000000000e-09	1.50000000000000e-09	5.00000000000000e-09	5.00000000000000e-09	3.00000000000000e-09
2.37500000000000e-07	7.50000000000000e-09	1.50000000000000e-09	5.00000000000000e-09	5.00000000000000e-09	3.00000000000000e-09
2.42500000000000e-07	7.50000000000000e-09	1.50000000000000e-09	5.00000000000000e-09	5.00000000000000e-09	3.00000000000000e-09
2.47500000000000e-07	7.50000000000000e-09	1.50000000000000e-09	5.00000000000000e-09	5.00000000000000e-09	3.00000000000000e-09
2.52500000000000e-07	7.50000000000000e-09	1.50000000000000e-09	5.00000000000000e-09	5.00000000000000e-09	3.00000000000000e-09
2.57500000000000e-07	7.50000000000000e-09	1.50000000000000e-09	5.00000000000000e-09	5.00000000000000e-09	3.00000000000000e-09
2.62500000000000e-07	7.50000000000000e-09	1.50000000000000e-09	5.00000000000000e-09	5.00000000000000e-09	3.00000000000000e-09
2.67500000000000e-07	7.50000000000000e-09	1.50000000000000e-09	5.00000000000000e-09	5.00000000000000e-09	3.00000000000000e-09
2.72500000000000e-07	7.50000000000000e-09	1.50000000000000e-09	5.00000000000000e-09	5.00000000000000e-09	3.00000000000000e-09
2.77500000000000e-07	7.50000000000000e-09	1.50000000000000e-09	5.00000000000000e-09	5.00000000000000e-09	3.00000000000000e-09
2.82500000000000e-07	7.50000000000000e-09	1.50000000000000e-09	5.00000000000000e-09	5.00000000000000e-09	3.00000000000000e-09
2.87500000000000e-07	7.50000000000000e-09	1.50000000000000e-09	5.00000000000000e-09	5.00000000000000e-09	3.00000000000000e-09
2.92500000000000e-07	7.50000000000000e-09	1.50000000000000e-09	5.00000000000000e-09	5.00000000000000e-09	3.00000000000000e-09
2.97500000000000e-07	7.50000000000000e-09	1.50000000000000e-09	5.00000000000000e-09	5.00000000000000e-09	3.00000000000000e-09
3.02500000000000e-07	7.50000000000000e-09	1.50000000000000e-09	5.00000000000000e-09	5.00000000000000e-09	3.00000000000000e-09
3.06250000000000e-07	6.25000000000000e-09	1.50000000000000e-09	2.50000000000000e-09	2.50000000000000e-09	3.00000000000000e-09
3.06250000000000e-07	8.75000000000000e-09	1.50000000000000e-09	2.50000000000000e-09	2.50000000000000e-09	3.00000000000000e-09
3.08125000000000e-07	5.62500000000000e-09	1.50000000000000e-09	1.25000000000000e-09	1.25000000000000e-09	3.00000000000000e-09
3.08125000000000e-07	6.87500000000000e-09	1.50000000000000e-09	1.25000000000000e-09	1.25000000000000e-09	3.00000000000000e-09
3.09375000000000e-07	5.62500000000000e-09	1.50000000000000e-09	1.25000000000000e-09	1.25000000000000e-09	3.00000000000000e-09
3.09375000000000e-07	6.87500000000000e-09	1.50000000000000e-09	1.25000000000000e-09	1.25000000000000e-09	3.00000000000000e-09
3.08125000000000e-07	8.12500000000000e-09	1.50000000000000e-09	1.25000000000000e-09	1.25000000000000e-09	3.00000000000000e-09
3.08125000000000e-07	9.37500000000000e-09	1.50000000000000e-09	1.25000000000000e-09	1.25000000000000e-09	3.00000000000000e-09
3.09375000000000e-07	8.12500000000000e-09	1.50000000000000e-09	1.25000000000000e-09	1.25000000000000e-09	3.00000000000000e-09
3.09375000000000e-07	9.37500000000000e-09	1.50000000000000e-09	1.25000000000000e-09	1.25000000000000e-09	3.00000000000000e-09
3.10625000000000e-07	5.62500000000000e-09	1.50000000000000e-09	1.25000000000000e-09	1.25000000000000e-09	3.00000000000000e-09
3.10625000000000e-07	6.87500000000000e-09	1.50000000000000e-09	1.25000000000000e-09	1.25000000000000e-09	3.00000000000000e-09
3.11875000000000e-07	5.62500000000000e-09	1.50000000000000e-09	1.25000000000000e-09	1.25000000000000e-09	3.00000000000000e-09
3.11875000000000e-07	6.87500000000000e-09	1.50000000000000e-09	1.25000000000000e-09	1.25000000000000e-09	3.00000000000000e-09
3.10625000000000e-07	8.12500000000000e-09	1.50000000000000e-09	1.25000000000000e-09	1.25000000000000e-09	3.00000000000000e-09
3.10625000000000e-07	9.37500000000000e-09	1.50000000000000e-09	1.25000000000000e-09	1.25000000000000e-09	3.00000000000000e-09
3.11875000000000e-07	8.12500000000000e-09	1.50000000000000e-09	1.25000000000000e-09	1.25000000000000e-09	3.00000000000000e-09
3.11875000000000e-07	9.37500000000000e-09	1.50000000000000e-09	1.25000000000000e-09	1.25000000000000e-09	3.00000000000000e-09
3.13125000000000e-07	5.62500000000000e-09	1.50000000000000e-09	1.25000000000000e-09	1.25000000000000e-09	3.00000000000000e-09
3.13125000000000e-07	6.87500000000000e-09	1.50000000000000e-09	1.25000000000000e-09	1.25000000000000e-09	3.00000000000000e-09
3.14375000000000e-07	5.62500000000000e-09	1.50000000000000e-09	1.25000000000000e-09	1.25000000000000e-09	3.00000000000000e-09
3.14375000000000e-07	6.87500000000000e-09	1.50000000000000e-09	1.25000000000000e-09	1.25000000000000e-09	3.00000000000000e-09
3.13125000000000e-07	8.12500000000000e-09	1.50000000000000e-09	1.25000000000000e-09	1.25000000000000e-09	3.00000000000000e-09
3.13125000000000e-07	9.37500000000000e-09	1.50000000000000e-09	1.25000000000000e-09	1.25000000000000e-09	3.00000000000000e-09
3.14375000000000e-07	8.12500000000000e-09	1.50000000000000e-09	1.25000000000000e-09	1.25000000000000e-09	3.00000000000000e-09
3.14375000000000e-07	9.37500000000000e-09	1.50000000000000e-09	1.25000000000000e-09	1.25000000000000e-09	3.00000000000000e-09
3.15625000000000e-07	5.62500000000000e-09	1.50000000000000e-09	1.25000000000000e-09	1.25000000000000e-09	3.00000000000000e-09
3.15625000000000e-07	6.87500000000000e-09	1.50000000000000e-09	1.25000000000000e-09	1.25000000000000e-09	3.00000000000000e-09
3.16875000000000e-07	5.62500000000000e-09	1.50000000000000e-09	1.25000000000000e-09	1.25000000000000e-09	3.00000000000000e-09
3.16875000000000e-07	6.87500000000000e-09	1.50000000000000e-09	1.25000000000000e-09	1.25000000000000e-09	3.00000000000000e-09
3.15625000000000e-07	8.12500000000000e-09	1.50000000000000e-09	1.25000000000000e-09	1.25000000000000e-09	3.00000000000000e-09
3.15625000000000e-07	9.37500000000000e-09	1.50000000000000e-09	1.25000000000000e-09	1.25000000000000e-09	3.00000000000000e-09
3.16875000000000e-07	8.12500000000000e-09	1.50000000000000e-09	1.25000000000000e-09	1.25000000000000e-09	3.00000000000000e-09
3.16875000000000e-07	9.37500000000000e-09	1.50000000000000e-09	1.25000000000000e-09	1.25000000000000e-09	3.00000000000000e-09
3.18125000000000e-07	5.62500000000000e-09	1.50000000000000e-09	1.25000000000000e-09	1.25000000000000e-09	3.00000000000000e-09
3.18125000000000e-07	6.87500000000000e-09	1.50000000000000e-09	1.25000000000000e-09	1.25000000000000e-09	3.00000000000000e-09
3.19375000000000e-07	5.62500000000000e-09	1.50000000000000e-09	1.25000000000000e-09	1.25000000000000e-09	3.00000000000000e-09
3.19375000000000e-07	6.87500000000000e-09	1.50000000000000e-09	1.25000000000000e-09	1.25000000000000e-09	3.00000000000000e-09
3.18125000000000e-07	8.12500000000000e-09	1.50000000000000e-09	1.25000000000000e-09	1.25000000000000e-09	3.00000000000000e-09
3.18125000000000e-07	9.37500000000000e-09	1.50000000000000e-09	1.25000000000000e-09	1.25000000000000e-09	3.00000000000000e-09
3.19375000000000e-07	8.12500000000000e-09	1.50000000000000e-09	1.25000000000000e-09	1.25000000000000e-09	3.00000000000000e-09
3.19375000000000e-07	9.37500000000000e-09	1.50000000000000e-09	1.25000000000000e-09	1.25000000000000e-09	3.00000000000000e-09
3.22500000000000e-07	7.50000000000000e-09	1.50000000000000e-09	5.00000000000000e-09	5.00000000000000e-09	3.00000000000000e-09
3.26250000000000e-07	6.25000000000000e-09	1.50000000000000e-09	2.50000000000000e-09	2.50000000000000e-09	3.00000000000000e-09
3.26250000000000e-07	8.75000000000000e-09	1.50000000000000e-09	2.50000000000000e-09	2.50000000000000e-09	3.00000000000000e-09
3.28750000000000e-07	8.75000000000000e-09	1.50000000000000e-09	2.50000000000000e-09	2.50000000000000e-09	3.00000000000000e-09
3.28125000000000e-07	5.62500000000000e-09	1.50000000000000e-09	1.25000000000000e-09	1.25000000000000e-09	3.00000000000000e-09
3.28125000000000e-07	6.87500000000000e-09	1.50000000000000e-09	1.25000000000000e-09	1.25000000000000e-09	3.00000000000000e-09
3.29375000000000e-07	5.62500000000000e-09	1.50000000000000e-09	1.25000000000000e-09	1.25000000000000e-09	3.00000000000000e-09
3.29375000000000e-07	6.87500000000000e-09	1.50000000000000e-09	1.25000000000000e-09	1.25000000000000e-09	3.00000000000000e-09
3.30625000000000e-07	5.62500000000000e-09	1.50000000000000e-09	1.25000000000000e-09	1.25000000000000e-09	3.00000000000000e-09
3.30625000000000e-07	6.87500000000000e-09	1.50000000000000e-09	1.25000000000000e-09	1.25000000000000e-09	3.00000000000000e-09
3.31875000000000e-07	5.62500000000000e-09	1.50000000000000e-09	1.25000000000000e-09	1.25000000000000e-09	3.00000000000000e-09
3.31875000000000e-07	6.87500000000000e-09	1.50000000000000e-09	1.25000000000000e-09	1.25000000000000e-09	3.00000000000000e-09
3.30625000000000e-07	8.12500000000000e-09	1.50000000000000e-09	1.25000000000000e-09	1.25000000000000e-09	3.00000000000000e-09
3.30625000000000e-07	9.37500000000000e-09	1.50000000000000e-09	1.25000000000000e-09	1.25000000000000e-09	3.00000000000000e-09
3.31875000000000e-07	8.12500000000000e-09	1.50000000000000e-09	1.25000000000000e-09	1.25000000000000e-09	3.00000000000000e-09
3.31875000000000e-07	9.37500000000000e-09	1.50000000000000e-09	1.25000000000000e-09	1.25000000000000e-09	3.00000000000000e-09
3.33125000000000e-07	5.62500000000000e-09	1.50000000000000e-09	1.25000000000000e-09	1.25000000000000e-09	3.00000000000000e-09
3.33125000000000e-07	6.87500000000000e-09	1.50000000000000e-09	1.25000000000000e-09	1.25000000000000e-09	3.00000000000000e-09
3.34375000000000e-07	5.62500000000000e-09	1.50000000000000e-09	1.25000000000000e-09	1.25000000000000e-09	3.00000000000000e-09
3.34375000000000e-07	6.87500000000000e-09	1.50000000000000e-09	1.25000000000000e-09	1.25000000000000e-09	3.00000000000000e-09
3.33125000000000e-07	8.12500000000000e-09	1.50000000000000e-09	1.25000000000000e-09	1.25000000000000e-09	3.00000000000000e-09
3.33125000000000e-07	9.37500000000000e-09	1.50000000000000e-09	1.25000000000000e-09	1.25000000000000e-09	3.00000000000000e-09
3.34375000000000e-07	8.12500000000000e-09	1.50000000000000e-09	1.25000000000000e-09	1.25000000000000e-09	3.00000000000000e-09
3.34375000000000e-07	9.37500000000000e-09	1.50000000000000e-09	1.25000000000000e-09	1.25000000000000e-09	3.00000000000000e-09
3.35625000000000e-07	5.62500000000000e-09	1.50000000000000e-09	1.25000000000000e-09	1.25000000000000e-09	3.00000000000000e-09
3.35625000000000e-07	6.87500000000000e-09	1.50000000000000e-09	1.25000000000000e-09	1.25000000000000e-09	3.00000000000000e-09
3.36875000000000e-07	5.62500000000000e-09	1.50000000000000e-09	1.25000000000000e-09	1.25000000000000e-09	3.00000000000000e-09
3.36875000000000e-07	6.87500000000000e-09	1.50000000000000e-09	1.25000000000000e-09	1.25000000000000e-09	3.00000000000000e-09
3.35625000000000e-07	8.12500000000000e-09	1.50000000000000e-09	1.25000000000000e-09	1.25000000000000e-09	3.00000000000000e-09
3.35625000000000e-07	9.37500000000000e-09	1.50000000000000e-09	1.25000000000000e-09	1.25000000000000e-09	3.00000000000000e-09
3.36875000000000e-07	8.12500000000000e-09	1.50000000000000e-09	1.25000000000000e-09	1.25000000000000e-09	3.00000000000000e-09
3.36875000000000e-07	9.37500000000000e-09	1.50000000000000e-09	1.25000000000000e-09	1.25000000000000e-09	3.00000000000000e-09
3.38125000000000e-07	5.62500000000000e-09	1.50000000000000e-09	1.25000000000000e-09	1.25000000000000e-09	3.00000000000000e-09
3.38125000000000e-07	6.87500000000000e-09	1.50000000000000e-09	1.25000000000000e-09	1.25000000000000e-09	3.00000000000000e-09
3.39375000000000e-07	5.62500000000000e-09	1.50000000000000e-09	1.25000000000000e-09	1.25000000000000e-09	3.00000000000000e-09
3.39375000000000e-07	6.87500000000000e-09	1.50000000000000e-09	1.25000000000000e-09	1.25000000000000e-09	3.00000000000000e-09
3.38125000000000e-07	8.12500000000000e-09	1.50000000000000e-09	1.25000000000000e-09	1.25000000000000e-09	3.00000000000000e-09
3.38125000000000e-07	9.37500000000000e-09	1.50000000000000e-09	1.25000000000000e-09	1.25000000000000e-09	3.00000000000000e-09
3.39375000000000e-07	8.12500000000000e-09	1.50000000000000e-09	1.25000000000000e-09	1.25000000000000e-09	3.00000000000000e-09
3.39375000000000e-07	9.37500000000000e-09	1.50000000000000e-09	1.25000000000000e-09	1.25000000000000e-09	3.00000000000000e-09
3.40625000000000e-07	5.62500000000000e-09	1.50000000000000e-09	1.25000000000000e-09	1.25000000000000e-09	3.00000000000000e-09
3.40625000000000e-07	6.87500000000000e-09	1.50000000000000e-09	1.25000000000000e-09	1.25000000000000e-09	3.00000000000000e-09
3.41875000000000e-07	5.62500000000000e-09	1.50000000000000e-09	1.25000000000000e-09	1.25000000000000e-09	3.00000000000000e-09
3.41875000000000e-07	6.87500000000000e-09	1.50000000000000e-09	1.25000000000000e-09	1.25000000000000e-09	3.00000000000000e-09
3.40625000000000e-07	8.12500000000000e-09	1.50000000000000e-09	1.25000000000000e-09	1.25000000000000e-09	3.00000000000000e-09
3.40625000000000e-07	9.37500000000000e-09	1.50000000000000e-09	1.25000000000000e-09	1.25000000000000e-09	3.00000000000000e-09
3.41875000000000e-07	8.12500000000000e-09	1.50000000000000e-09	1.25000000000000e-09	1.25000000000000e-09	3.00000000000000e-09
3.41875000000000e-07	9.37500000000000e-09	1.50000000000000e-09	1.25000000000000e-09	1.25000000000000e-09	3.00000000000000e-09
3.43125000000000e-07	5.62500000000000e-09	1.50000000000000e-09	1.25000000000000e-09	1.25000000000000e-09	3.00000000000000e-09
3.43125000000000e-07	6.87500000000000e-09	1.50000000000000e-09	1.25000000000000e-09	1.25000000000000e-09	3.00000000000000e-09
3.44375000000000e-07	5.62500000000000e-09	1.50000000000000e-09	1.25000000000000e-09	1.25000000000000e-09	3.00000000000000e-09
3.44375000000000e-07	6.87500000000000e-09	1.50000000000000e-09	1.25000000000000e-09	1.25000000000000e-09	3.00000000000000e-09
3.43125000000000e-07	8.12500000000000e-09	1.50000000000000e-09	1.25000000000000e-09	1.25000000000000e-09	3.00000000000000e-09
3.43125000000000e-07	9.37500000000000e-09	1.50000000000000e-09	1.25000000000000e-09	1.25000000000000e-09	3.00000000000000e-09
3.44375000000000e-07	8.12500000000000e-09	1.50000000000000e-09	1.25000000000000e-09	1.25000000000000e-09	3.00000000000000e-09
3.44375000000000e-07	9.37500000000000e-09	1.50000000000000e-09	1.25000000000000e-09	1.25000000000000e-09	3.00000000000000e-09
3.46250000000000e-07	6.25000000000000e-09	1.50000000000000e-09	2.50000000000000e-09	2.50000000000000e-09	3.00000000000000e-09
3.48750000000000e-07	6.25000000000000e-09	1.50000000000000e-09	2.50000000000000e-09	2.50000000000000e-09	3.00000000000000e-09
3.48750000000000e-07	8.75000000000000e-09	1.50000000000000e-09	2.50000000000000e-09	2.50000000000000e-09	3.00000000000000e-09
3.45625000000000e-07	8.12500000000000e-09	1.50000000000000e-09	1.25000000000000e-09	1.25000000000000e-09	3.00000000000000e-09
3.45625000000000e-07	9.37500000000000e-09	1.50000000000000e-09	1.25000000000000e-09	1.25000000000000e-09	3.00000000000000e-09
3.46875000000000e-07	8.12500000000000e-09	1.50000000000000e-09	1.25000000000000e-09	1.25000000000000e-09	3.00000000000000e-09
3.46875000000000e-07	9.37500000000000e-09	1.50000000000000e-09	1.25000000000000e-09	1.25000000000000e-09	3.00000000000000e-09
3.52500000000000e-07	7.50000000000000e-09	1.50000000000000e-09	5.00000000000000e-09	5.00000000000000e-09	3.00000000000000e-09
3.57500000000000e-07	7.50000000000000e-09	1.50000000000000e-09	5.00000000000000e-09	5.00000000000000e-09	3.00000000000000e-09
3.62500000000000e-07	7.50000000000000e-09	1.50000000000000e-09	5.00000000000000e-09	5.00000000000000e-09	3.00000000000000e-09
3.67500000000000e-07	7.50000000000000e-09	1.50000000000000e-09	5.00000000000000e-09	5.00000000000000e-09	3.00000000000000e-09
3.72500000000000e-07	7.50000000000000e-09	1.50000000000000e-09	5.00000000000000e-09	5.00000000000000e-09	3.00000000000000e-09
3.77500000000000e-07	7.50000000000000e-09	1.50000000000000e-09	5.00000000000000e-09	5.00000000000000e-09	3.00000000000000e-09
3.82500000000000e-07	7.50000000000000e-09	1.50000000000000e-09	5.00000000000000e-09	5.00000000000000e-09	3.00000000000000e-09
3.87500000000000e-07	7.50000000000000e-09	1.50000000000000e-09	5.00000000000000e-09	5.00000000000000e-09	3.00000000000000e-09
3.92500000000000e-07	7.50000000000000e-09	1.50000000000000e-09	5.00000000000000e-09	5.00000000000000e-09	3.00000000000000e-09
3.97500000000000e-07	7.50000000000000e-09	1.50000000000000e-09	5.00000000000000e-09	5.00000000000000e-09	3.00000000000000e-09
4.02500000000000e-07	7.50000000000000e-09	1.50000000000000e-09	5.00000000000000e-09	5.00000000000000e-09	3.00000000000000e-09
4.07500000000000e-07	7.50000000000000e-09	1.50000000000000e-09	5.00000000000000e-09	5.00000000000000e-09	3.00000000000000e-09
4.12500000000000e-07	7.50000000000000e-09	1.50000000000000e-09	5.00000000000000e-09	5.00000000000000e-09	3.00000000000000e-09
4.17500000000000e-07	7.50000000000000e-09	1.50000000000000e-09	5.00000000000000e-09	5.00000000000000e-09	3.00000000000000e-09
4.22500000000000e-07	7.50000000000000e-09	1.50000000000000e-09	5.00000000000000e-09	5.00000000000000e-09	3.00000000000000e-09
4.27500000000000e-07	7.50000000000000e-09	1.50000000000000e-09	5.00000000000000e-09	5.00000000000000e-09	3.00000000000000e-09
4.32500000000000e-07	7.50000000000000e-09	1.50000000000000e-09	5.00000000000000e-09	5.00000000000000e-09	3.00000000000000e-09
4.37500000000000e-07	7.50000000000000e-09	1.50000000000000e-09	5.00000000000000e-09	5.00000000000000e-09	3.00000000000000e-09
4.42500000000000e-07	7.50000000000000e-09	1.50000000000000e-09	5.00000000000000e-09	5.00000000000000e-09	3.00000000000000e-09
4.47500000000000e-07	7.50000000000000e-09	1.50000000000000e-09	5.00000000000000e-09	5.00000000000000e-09	3.00000000000000e-09
4.52500000000000e-07	7.50000000000000e-09	1.50000000000000e-09	5.00000000000000e-09	5.00000000000000e-09	3.00000000000000e-09
4.57500000000000e-07	7.50000000000000e-09	1.50000000000000e-09	5.00000000000000e-09	5.00000000000000e-09	3.00000000000000e-09
4.60625000000000e-07	5.62500000000000e-09	1.50000000000000e-09	1.25000000000000e-09	1.25000000000000e-09	3.00000000000000e-09
4.60625000000000e-07	6.87500000000000e-09	1.50000000000000e-09	1.25000000000000e-09	1.25000000000000e-09	3.00000000000000e-09
4.61875000000000e-07	5.62500000000000e-09	1.50000000000000e-09	1.25000000000000e-09	1.25000000000000e-09	3.00000000000000e-09
4.61875000000000e-07	6.87500000000000e-09	1.50000000000000e-09	1.25000000000000e-09	1.25000000000000e-09	3.00000000000000e-09
4.60625000000000e-07	8.12500000000000e-09	1.50000000000000e-09	1.25000000000000e-09	1.25000000000000e-09	3.00000000000000e-09
4.60625000000000e-07	9.37500000000000e-09	1.50000000000000e-09	1.25000000000000e-09	1.25000000000000e-09	3.00000000000000e-09
4.61875000000000e-07	8.12500000000000e-09	1.50000000000000e-09	1.25000000000000e-09	1.25000000000000e-09	3.00000000000000e-09
4.61875000000000e-07	9.37500000000000e-09	1.50000000000000e-09	1.25000000000000e-09	1.25000000000000e-09	3.00000000000000e-09
4.63125000000000e-07	5.62500000000000e-09	1.50000000000000e-09	1.25000000000000e-09	1.25000000000000e-09	3.00000000000000e-09
4.63125000000000e-07	6.87500000000000e-09	1.50000000000000e-09	1.25000000000000e-09	1.25000000000000e-09	3.00000000000000e-09
4.64375000000000e-07	5.62500000000000e-09	1.50000000000000e-09	1.25000000000000e-09	1.25000000000000e-09	3.00000000000000e-09
4.64375000000000e-07	6.87500000000000e-09	1.50000000000000e-09	1.25000000000000e-09	1.25000000000000e-09	3.00000000000000e-09
4.63125000000000e-07	8.12500000000000e-09	1.50000000000000e-09	1.25000000000000e-09	1.25000000000000e-09	3.00000000000000e-09
4.63125000000000e-07	9.37500000000000e-09	1.50000000000000e-09	1.25000000000000e-09	1.25000000000000e-09	3.00000000000000e-09
4.64375000000000e-07	8.12500000000000e-09	1.50000000000000e-09	1.25000000000000e-09	1.25000000000000e-09	3.00000000000000e-09
4.64375000000000e-07	9.37500000000000e-09	1.50000000000000e-09	1.25000000000000e-09	1.25000000000000e-09	3.00000000000000e-09
4.65625000000000e-07	5.62500000000000e-09	1.50000000000000e-09	1.25000000000000e-09	1.25000000000000e-09	3.00000000000000e-09
4.65625000000000e-07	6.87500000000000e-09	1.50000000000000e-09	1.25000000000000e-09	1.25000000000000e-09	3.00000000000000e-09
4.66875000000000e-07	5.62500000000000e-09	1.50000000000000e-09	1.25000000000000e-09	1.25000000000000e-09	3.00000000000000e-09
4.66875000000000e-07	6.87500000000000e-09	1.50000000000000e-09	1.25000000000000e-09	1.25000000000000e-09	3.00000000000000e-09
4.65625000000000e-07	8.12500000000000e-09	1.50000000000000e-09	1.25000000000000e-09	1.25000000000000e-09	3.00000000000000e-09
4.65625000000000e-07	9.37500000000000e-09	1.50000000000000e-09	1.25000000000000e-09	1.25000000000000e-09	3.00000000000000e-09
4.66875000000000e-07	8.12500000000000e-09	1.50000000000000e-09	1.25000000000000e-09	1.25000000000000e-09	3.00000000000000e-09
4.66875000000000e-07	9.37500000000000e-09	1.50000000000000e-09	1.25000000000000e-09	1.25000000000000e-09	3.00000000000000e-09
4.68125000000000e-07	5.62500000000000e-09	1.50000000000000e-09	1.25000000000000e-09	1.25000000000000e-09	3.00000000000000e-09
4.68125000000000e-07	6.87500000000000e-09	1.50000000000000e-09	1.25000000000000e-09	1.25000000000000e-09	3.00000000000000e-09
4.69375000000000e-07	5.62500000000000e-09	1.50000000000000e-09	1.25000000000000e-09	1.25000000000000e-09	3.00000000000000e-09
4.69375000000000e-07	6.87500000000000e-09	1.50000000000000e-09	1.25000000000000e-09	1.25000000000000e-09	3.00000000000000e-09
4.68125000000000e-07	8.12500000000000e-09	1.50000000000000e-09	1.25000000000000e-09	1.25000000000000e-09	3.00000000000000e-09
4.68125000000000e-07	9.37500000000000e-09	1.50000000000000e-09	1.25000000000000e-09	1.25000000000000e-09	3.00000000000000e-09
4.69375000000000e-07	8.12500000000000e-09	1.50000000000000e-09	1.25000000000000e-09	1.25000000000000e-09	3.00000000000000e-09
4.69375000000000e-07	9.37500000000000e-09	1.50000000000000e-09	1.25000000000000e-09	1.25000000000000e-09	3.00000000000000e-09
4.70625000000000e-07	5.62500000000000e-09	1.50000000000000e-09	1.25000000000000e-09	1.25000000000000e-09	3.00000000000000e-09
4.70625000000000e-07	6.87500000000000e-09	1.50000000000000e-09	1.25000000000000e-09	1.25000000000000e-09	3.00000000000000e-09
4.71875000000000e-07	5.62500000000000e-09	1.50000000000000e-09	1.25000000000000e-09	1.25000000000000e-09	3.00000000000000e-09
4.71875000000000e-07	6.87500000000000e-09	1.50000000000000e-09	1.25000000000000e-09	1.25000000000000e-09	3.00000000000000e-09
4.70625000000000e-07	8.12500000000000e-09	1.50000000000000e-09	1.25000000000000e-09	1.25000000000000e-09	3.00000000000000e-09
4.70625000000000e-07	9.37500000000000e-09	1.50000000000000e-09	1.25000000000000e-09	1.25000000000000e-09	3.00000000000000e-09
4.71875000000000e-07	8.12500000000000e-09	1.50000000000000e-09	1.25000000000000e-09	1.25000000000000e-09	3.00000000000000e-09
4.71875000000000e-07	9.37500000000000e-09	1.50000000000000e-09	1.25000000000000e-09	1.25000000000000e-09	3.00000000000000e-09
4.73125000000000e-07	5.62500000000000e-09	1.50000000000000e-09	1.25000000000000e-09	1.25000000000000e-09	3.00000000000000e-09
4.73125000000000e-07	6.87500000000000e-09	1.50000000000000e-09	1.25000000000000e-09	1.25000000000000e-09	3.00000000000000e-09
4.74375000000000e-07	5.62500000000000e-09	1.50000000000000e-09	1.25000000000000e-09	1.25000000000000e-09	3.00000000000000e-09
4.74375000000000e-07	6.87500000000000e-09	1.50000000000000e-09	1.25000000000000e-09	1.25000000000000e-09	3.00000000000000e-09
4.73125000000000e-07	8.12500000000000e-09	1.50000000000000e-09	1.25000000000000e-09	1.25000000000000e-09	3.00000000000000e-09
4.73125000000000e-07	9.37500000000000e-09	1.50000000000000e-09	1.25000000000000e-09	1.25000000000000e-09	3.00000000000000e-09
4.74375000000000e-07	8.12500000000000e-09	1.50000000000000e-09	1.25000000000000e-09	1.25000000000000e-09	3.00000000000000e-09
4.74375000000000e-07	9.37500000000000e-09	1.50000000000000e-09	1.25000000000000e-09	1.25000000000000e-09	3.00000000000000e-09
4.76250000000000e-07	8.75000000000000e-09	1.50000000000000e-09	2.50000000000000e-09	2.50000000000000e-09	3.00000000000000e-09
4.78750000000000e-07	6.25000000000000e-09	1.50000000000000e-09	2.50000000000000e-09	2.50000000000000e-09	3.00000000000000e-09
4.78750000000000e-07	8.75000000000000e-09	1.50000000000000e-09	2.50000000000000e-09	2.50000000000000e-09	3.00000000000000e-09
4.75625000000000e-07	5.62500000000000e-09	1.50000000000000e-09	1.25000000000000e-09	1.25000000000000e-09	3.00000000000000e-09
4.75625000000000e-07	6.87500000000000e-09	1.50000000000000e-09	1.25000000000000e-09	1.25000000000000e-09	3.00000000000000e-09
4.76875000000000e-07	5.62500000000000e-09	1.50000000000000e-09	1.25000000000000e-09	1.25000000000000e-09	3.00000000000000e-09
4.76875000000000e-07	6.87500000000000e-09	1.50000000000000e-09	1.25000000000000e-09	1.25000000000000e-09	3.00000000000000e-09
4.82500000000000e-07	7.50000000000000e-09	1.50000000000000e-09	5.00000000000000e-09	5.00000000000000e-09	3.00000000000000e-09
4.87500000000000e-07	7.50000000000000e-09	1.50000000000000e-09	5.00000000000000e-09	5.00000000000000e-09	3.00000000000000e-09
4.92500000000000e-07	7.50000000000000e-09	1.50000000000000e-09	5.00000000000000e-09	5.00000000000000e-09	3.00000000000000e-09
4.97500000000000e-07	7.50000000000000e-09	1.50000000000000e-09	5.00000000000000e-09	5.00000000000000e-09	3.00000000000000e-09
2.50000000000000e-09	1.25000000000000e-08	1.50000000000000e-09	5.00000000000000e-09	5.00000000000000e-09	3.00000000000000e-09
7.50000000000000e-09	1.25000000000000e-08	1.50000000000000e-09	5.00000000000000e-09	5.00000000000000e-09	3.00000000000000e-09
1.25000000000000e-08	1.25000000000000e-08	1.50000000000000e-09	5.00000000000000e-09	5.00000000000000e-09	3.00000000000000e-09
1.75000000000000e-08	1.25000000000000e-08	1.50000000000000e-09	5.00000000000000e-09	5.00000000000000e-09	3.00000000000000e-09
2.25000000000000e-08	1.25000000000000e-08	1.50000000000000e-09	5.00000000000000e-09	5.00000000000000e-09	3.00000000000000e-09
2.75000000000000e-08	1.25000000000000e-08	1.50000000000000e-09	5.00000000000000e-09	5.00000000000000e-09	3.00000000000000e-09
3.25000000000000e-08	1.25000000000000e-08	1.50000000000000e-09	5.00000000000000e-09	5.00000000000000e-09	3.00000000000000e-09
3.75000000000000e-08	1.25000000000000e-08	1.50000000000000e-09	5.00000000000000e-09	5.00000000000000e-09	3.00000000000000e-09
4.25000000000000e-08	1.25000000000000e-08	1.50000000000000e-09	5.00000000000000e-09	5.00000000000000e-09	3.00000000000000e-09
4.75000000000000e-08	1.25000000000000e-08	1.50000000000000e-09	5.00000000000000e-09	5.00000000000000e-09	3.00000000000000e-09
5.25000000000000e-08	1.25000000000000e-08	1.50000000000000e-09	5.00000000000000e-09	5.00000000000000e-09	3.00000000000000e-09
5.75000000000000e-08	1.25000000000000e-08	1.50000000000000e-09	5.00000000000000e-09	5.00000000000000e-09	3.00000000000000e-09
6.25000000000000e-08	1.25000000000000e-08	1.50000000000000e-09	5.00000000000000e-09	5.00000000000000e-09	3.00000000000000e-09
6.75000000000000e-08	1.25000000000000e-08	1.50000000000000e-09	5.00000000000000e-09	5.00000000000000e-09	3.00000000000000e-09
7.25000000000000e-08	1.25000000000000e-08	1.50000000000000e-09	5.00000000000000e-09	5.00000000000000e-09	3.00000000000000e-09
7.75000000000000e-08	1.25000000000000e-08	1.50000000000000e-09	5.00000000000000e-09	5.00000000000000e-09	3.00000000000000e-09
8.25000000000000e-08	1.25000000000000e-08	1.50000000000000e-09	5.00000000000000e-09	5.00000000000000e-09	3.00000000000000e-09
8.75000000000000e-08	1.25000000000000e-08	1.50000000000000e-09	5.00000000000000e-09	5.00000000000000e-09	3.00000000000000e-09
9.25000000000000e-08	1.25000000000000e-08	1.50000000000000e-09	5.00000000000000e-09	5.00000000000000e-09	3.00000000000000e-09
9.75000000000000e-08	1.25000000000000e-08	1.50000000000000e-09	5.00000000000000e-09	5.00000000000000e-09	3.00000000000000e-09
1.02500000000000e-07	1.25000000000000e-08	1.50000000000000e-09	5.00000000000000e-09	5.00000000000000e-09	3.00000000000000e-09
1.06250000000000e-07	1.12500000000000e-08	1.50000000000000e-09	2.50000000000000e-09	2.50000000000000e-09	3.00000000000000e-09
1.06250000000000e-07	1.37500000000000e-08	1.50000000000000e-09	2.50000000000000e-09	2.50000000000000e-09	3.00000000000000e-09
1.08125000000000e-07	1.06250000000000e-08	1.50000000000000e-09	1.25000000000000e-09	1.25000000000000e-09	3.00000000000000e-09
1.08125000000000e-07	1.18750000000000e-08	1.50000000000000e-09	1.25000000000000e-09	1.25000000000000e-09	3.00000000000000e-09
1.09375000000000e-07	1.06250000000000e-08	1.50000000000000e-09	1.25000000000000e-09	1.25000000000000e-09	3.00000000000000e-09
1.09375000000000e-07	1.18750000000000e-08	1.50000000000000e-09	1.25000000000000e-09	1.25000000000000e-09	3.00000000000000e-09
1.08125000000000e-07	1.31250000000000e-08	1.50000000000000e-09	1.25000000000000e-09	1.25000000000000e-09	3.00000000000000e-09
1.08125000000000e-07	1.43750000000000e-08	1.50000000000000e-09	1.25000000000000e-09	1.25000000000000e-09	3.00000000000000e-09
1.09375000000000e-07	1.31250000000000e-08	1.50000000000000e-09	1.25000000000000e-09	1.25000000000000e-09	3.00000000000000e-09
1.09375000000000e-07	1.43750000000000e-08	1.50000000000000e-09	1.25000000000000e-09	1.25000000000000e-09	3.00000000000000e-09
1.10625000000000e-07	1.06250000000000e-08	1.50000000000000e-09	1.25000000000000e-09	1.25000000000000e-09	3.00000000000000e-09
1.10625000000000e-07	1.18750000000000e-08	1.50000000000000e-09	1.25000000000000e-09	1.25000000000000e-09	3.00000000000000e-09
1.11875000000000e-07	1.06250000000000e-08	1.50000000000000e-09	1.25000000000000e-09	1.25000000000000e-09	3.00000000000000e-09
1.11875000000000e-07	1.18750000000000e-08	1.50000000000000e-09	1.25000000000000e-09	1.25000000000000e-09	3.00000000000000e-09
1.10625000000000e-07	1.31250000000000e-08	1.50000000000000e-09	1.25000000000000e-09	1.25000000000000e-09	3.00000000000000e-09
1.10625000000000e-07	1.43750000000000e-08	1.50000000000000e-09	1.25000000000000e-09	1.25000000000000e-09	3.00000000000000e-09
1.11875000000000e-07	1.31250000000000e-08	1.50000000000000e-09	1.25000000000000e-09	1.25000000000000e-09	3.00000000000000e-09
1.11875000000000e-07	1.43750000000000e-08	1.50000000000000e-09	1.25000000000000e-09	1.25000000000000e-09	3.00000000000000e-09
1.13125000000000e-07	1.06250000000000e-08	1.50000000000000e-09	1.25000000000000e-09	1.25000000000000e-09	3.00000000000000e-09
1.13125000000000e-07	1.18750000000000e-08	1.50000000000000e-09	1.25000000000000e-09	1.25000000000000e-09	3.00000000000000e-09
1.14375000000000e-07	1.06250000000000e-08	1.50000000000000e-09	1.25000000000000e-09	1.25000000000000e-09	3.00000000000000e-09
1.14375000000000e-07	1.18750000000000e-08	1.50000000000000e-09	1.25000000000000e-09	1.25000000000000e-09	3.00000000000000e-09
1.13125000000000e-07	1.31250000000000e-08	1.50000000000000e-09	1.25000000000000e-09	1.25000000000000e-09	3.00000000000000e-09
1.13125000000000e-07	1.43750000000000e-08	1.50000000000000e-09	1.25000000000000e-09	1.25000000000000e-09	3.00000000000000e-09
1.14375000000000e-07	1.31250000000000e-08	1.50000000000000e-09	1.25000000000000e-09	1.25000000000000e-09	3.00000000000000e-09
1.14375000000000e-07	1.43750000000000e-08	1.50000000000000e-09	1.25000000000000e-09	1.25000000000000e-09	3.00000000000000e-09
1.15625000000000e-07	1.06250000000000e-08	1.50000000000000e-09	1.25000000000000e-09	1.25000000000000e-09	3.00000000000000e-09
1.15625000000000e-07	1.18750000000000e-08	1.50000000000000e-09	1.25000000000000e-09	1.25000000000000e-09	3.00000000000000e-09
1.16875000000000e-07	1.06250000000000e-08	1.50000000000000e-09	1.25000000000000e-09	1.25000000000000e-09	3.00000000000000e-09
1.16875000000000e-07	1.18750000000000e-08	1.50000000000000e-09	1.25000000000000e-09	1.25000000000000e-09	3.00000000000000e-09
1.15625000000000e-07	1.31250000000000e-08	1.50000000000000e-09	1.25000000000000e-09	1.25000000000000e-09	3.00000000000000e-09
1.15625000000000e-07	1.43750000000000e-08	1.50000000000000e-09	1.25000000000000e-09	1.25000000000000e-09	3.00000000000000e-09
1.16875000000000e-07	1.31250000000000e-08	1.50000000000000e-09	1.25000000000000e-09	1.25000000000000e-09	3.00000000000000e-09
1.16875000000000e-07	1.43750000000000e-08	1.50000000000000e-09	1.25000000000000e-09	1.25000000000000e-09	3.00000000000000e-09
1.18125000000000e-07	1.06250000000000e-08	1.50000000000000e-09	1.25000000000000e-09	1.25000000000000e-09	3.00000000000000e-09
1.18125000000000e-07	1.18750000000000e-08	1.50000000000000e-09	1.25000000000000e-09	1.25000000000000e-09	3.00000000000000e-09
1.19375000000000e-07	1.06250000000000e-08	1.50000000000000e-09	1.25000000000000e-09	1.25000000000000e-09	3.00000000000000e-09
1.19375000000000e-07	1.18750000000000e-08	1.50000000000000e-09	1.25000000000000e-09	1.25000000000000e-09	3.00000000000000e-09
1.18125000000000e-07	1.31250000000000e-08	1.50000000000000e-09	1.25000000000000e-09	1.25000000000000e-09	3.00000000000000e-09
1.18125000000000e-07	1.43750000000000e-08	1.50000000000000e-09	1.25000000000000e-09	1.25000000000000e-09	3.00000000000000e-09
1.19375000000000e-07	1.31250000000000e-08	1.50000000000000e-09	1.25000000000000e-09	1.25000000000000e-09	3.00000000000000e-09
1.19375000000000e-07	1.43750000000000e-08	1.50000000000000e-09	1.25000000000000e-09	1.25000000000000e-09	3.00000000000000e-09
1.22500000000000e-07	1.25000000000000e-08	1.50000000000000e-09	5.00000000000000e-09	5.00000000000000e-09	3.00000000000000e-09
1.27500000000000e-07	1.25000000000000e-08	1.50000000000000e-09	5.00000000000000e-09	5.00000000000000e-09	3.00000000000000e-09
1.32500000000000e-07	1.25000000000000e-08	1.50000000000000e-09	5.00000000000000e-09	5.00000000000000e-09	3.00000000000000e-09
1.37500000000000e-07	1.25000000000000e-08	1.50000000000000e-09	5.00000000000000e-09	5.00000000000000e-09	3.00000000000000e-09
1.42500000000000e-07	1.25000000000000e-08	1.50000000000000e-09	5.00000000000000e-09	5.00000000000000e-09	3.00000000000000e-09
1.47500000000000e-07	1.25000000000000e-08	1.50000000000000e-09	5.00000000000000e-09	5.00000000000000e-09	3.00000000000000e-09
1.52500000000000e-07	1.25000000000000e-08	1.50000000000000e-09	5.00000000000000e-09	5.00000000000000e-09	3.00000000000000e-09
1.57500000000000e-07	1.25000000000000e-08	1.50000000000000e-09	5.00000000000000e-09	5.00000000000000e-09	3.00000000000000e-09
1.62500000000000e-07	1.25000000000000e-08	1.50000000000000e-09	5.00000000000000e-09	5.00000000000000e-09	3.00000000000000e-09
1.67500000000000e-07	1.25000000000000e-08	1.50000000000000e-09	5.00000000000000e-09	5.00000000000000e-09	3.00000000000000e-09
1.72500000000000e-07	1.25000000000000e-08	1.50000000000000e-09	5.00000000000000e-09	5.00000000000000e-09	3.00000000000000e-09
1.77500000000000e-07	1.25000000000000e-08	1.50000000000000e-09	5.00000000000000e-09	5.00000000000000e-09	3.00000000000000e-09
1.82500000000000e-07	1.25000000000000e-08	1.50000000000000e-09	5.00000000000000e-09	5.00000000000000e-09	3.00000000000000e-09
1.87500000000000e-07	1.25000000000000e-08	1.50000000000000e-09	5.00000000000000e-09	5.00000000000000e-09	3.00000000000000e-09
1.92500000000000e-07	1.25000000000000e-08	1.50000000000000e-09	5.00000000000000e-09	5.00000000000000e-09	3.00000000000000e-09
1.97500000000000e-07	1.25000000000000e-08	1.50000000000000e-09	5.00000000000000e-09	5.00000000000000e-09	3.00000000000000e-09
2.02500000000000e-07	1.25000000000000e-08	1.50000000000000e-09	5.00000000000000e-09	5.00000000000000e-09	3.00000000000000e-09
2.07500000000000e-07	1.25000000000000e-08	1.50000000000000e-09	5.00000000000000e-09	5.00000000000000e-09	3.00000000000000e-09
2.12500000000000e-07	1.25000000000000e-08	1.50000000000000e-09	5.00000000000000e-09	5.00000000000000e-09	3.00000000000000e-09
2.16250000000000e-07	1.12500000000000e-08	1.50000000000000e-09	2.50000000000000e-09	2.50000000000000e-09	3.00000000000000e-09
2.16250000000000e-07	1.37500000000000e-08	1.50000000000000e-09	2.50000000000000e-09	2.50000000000000e-09	3.00000000000000e-09
2.18125000000000e-07	1.06250000000000e-08	1.50000000000000e-09	1.25000000000000e-09	1.25000000000000e-09	3.00000000000000e-09
2.18125000000000e-07	1.18750000000000e-08	1.50000000000000e-09	1.25000000000000e-09	1.25000000000000e-09	3.00000000000000e-09
2.19375000000000e-07	1.06250000000000e-08	1.50000000000000e-09	1.25000000000000e-09	1.25000000000000e-09	3.00000000000000e-09
2.19375000000000e-07	1.18750000000000e-08	1.50000000000000e-09	1.25000000000000e-09	1.25000000000000e-09	3.00000000000000e-09
2.18125000000000e-07	1.31250000000000e-08	1.50000000000000e-09	1.25000000000000e-09	1.25000000000000e-09	3.00000000000000e-09
2.18125000000000e-07	1.43750000000000e-08	1.50000000000000e-09	1.25000000000000e-09	1.25000000000000e-09	3.00000000000000e-09
2.19375000000000e-07	1.31250000000000e-08	1.50000000000000e-09	1.25000000000000e-09	1.25000000000000e-09	3.00000000000000e-09
2.19375000000000e-07	1.43750000000000e-08	1.50000000000000e-09	1.25000000000000e-09	1.25000000000000e-09	3.00000000000000e-09
2.20625000000000e-07	1.06250000000000e-08	1.50000000000000e-09	1.25000000000000e-09	1.25000000000000e-09	3.00000000000000e-09
2.20625000000000e-07	1.18750000000000e-08	1.50000000000000e-09	1.25000000000000e-09	1.25000000000000e-09	3.00000000000000e-09
2.21875000000000e-07	1.06250000000000e-08	1.50000000000000e-09	1.25000000000000e-09	1.25000000000000e-09	3.00000000000000e-09
2.21875000000000e-07	1.18750000000000e-08	1.50000000000000e-09	1.25000000000000e-09	1.25000000000000e-09	3.00000000000000e-09
2.20625000000000e-07	1.31250000000000e-08	1.50000000000000e-09	1.25000000000000e-09	1.25000000000000e-09	3.00000000000000e-09
2.20625000000000e-07	1.43750000000000e-08	1.50000000000000e-09	1.25000000000000e-09	1.25000000000000e-09	3.00000000000000e-09
2.21875000000000e-07	1.31250000000000e-08	1.50000000000000e-09	1.25000000000000e-09	1.25000000000000e-09	3.00000000000000e-09
2.21875000000000e-07	1.43750000000000e-08	1.50000000000000e-09	1.25000000000000e-09	1.25000000000000e-09	3.00000000000000e-09
2.23125000000000e-07	1.06250000000000e-08	1.50000000000000e-09	1.25000000000000e-09	1.25000000000000e-09	3.00000000000000e-09
2.23125000000000e-07	1.18750000000000e-08	1.50000000000000e-09	1.25000000000000e-09	1.25000000000000e-09	3.00000000000000e-09
2.24375000000000e-07	1.06250000000000e-08	1.50000000000000e-09	1.25000000000000e-09	1.25000000000000e-09	3.00000000000000e-09
2.24375000000000e-07	1.18750000000000e-08	1.50000000000000e-09	1.25000000000000e-09	1.25000000000000e-09	3.00000000000000e-09
2.23125000000000e-07	1.31250000000000e-08	1.50000000000000e-09	1.25000000000000e-09	1.25000000000000e-09	3.00000000000000e-09
2.23125000000000e-07	1.43750000000000e-08	1.50000000000000e-09	1.25000000000000e-09	1.25000000000000e-09	3.00000000000000e-09
2.24375000000000e-07	1.31250000000000e-08	1.50000000000000e-09	1.25000000000000e-09	1.25000000000000e-09	3.00000000000000e-09
2.24375000000000e-07	1.43750000000000e-08	1.50000000000000e-09	1.25000000000000e-09	1.25000000000000e-09	3.00000000000000e-09
2.28750000000000e-07	1.12500000000000e-08	1.50000000000000e-09	2.50000000000000e-09	2.50000000000000e-09	3.00000000000000e-09
2.28750000000000e-07	1.37500000000000e-08	1.50000000000000e-09	2.50000000000000e-09	2.50000000000000e-09	3.00000000000000e-09
2.25625000000000e-07	1.06250000000000e-08	1.50000000000000e-09	1.25000000000000e-09	1.25000000000000e-09	3.00000000000000e-09
2.25625000000000e-07	1.18750000000000e-08	1.50000000000000e-09	1.25000000000000e-09	1.25000000000000e-09	3.00000000000000e-09
2.26875000000000e-07	1.06250000000000e-08	1.50000000000000e-09	1.25000000000000e-09	1.25000000000000e-09	3.00000000000000e-09
2.26875000000000e-07	1.18750000000000e-08	1.50000000000000e-09	1.25000000000000e-09	1.25000000000000e-09	3.00000000000000e-09
2.25625000000000e-07	1.31250000000000e-08	1.50000000000000e-09	1.25000000000000e-09	1.25000000000000e-09	3.00000000000000e-09
2.25625000000000e-07	1.43750000000000e-08	1.50000000000000e-09	1.25000000000000e-09	1.25000000000000e-09	3.00000000000000e-09
2.26875000000000e-07	1.31250000000000e-08	1.50000000000000e-09	1.25000000000000e-09	1.25000000000000e-09	3.00000000000000e-09
2.26875000000000e-07	1.43750000000000e-08	1.50000000000000e-09	1.25000000000000e-09	1.25000000000000e-09	3.00000000000000e-09
2.32500000000000e-07	1.25000000000000e-08	1.50000000000000e-09	5.00000000000000e-09	5.00000000000000e-09	3.00000000000000e-09
2.37500000000000e-07	1.25000000000000e-08	1.50000000000000e-09	5.00000000000000e-09	5.00000000000000e-09	3.00000000000000e-09
2.42500000000000e-07	1.25000000000000e-08	1.50000000000000e-09	5.00000000000000e-09	5.00000000000000e-09	3.00000000000000e-09
2.47500000000000e-07	1.25000000000000e-08	1.50000000000000e-09	5.00000000000000e-09	5.00000000000000e-09	3.00000000000000e-09
2.52500000000000e-07	1.25000000000000e-08	1.50000000000000e-09	5.00000000000000e-09	5.00000000000000e-09	3.00000000000000e-09
2.57500000000000e-07	1.25000000000000e-08	1.50000000000000e-09	5.00000000000000e-09	5.00000000000000e-09	3.00000000000000e-09
2.62500000000000e-07	1.25000000000000e-08	1.50000000000000e-09	5.00000000000000e-09	5.00000000000000e-09	3.00000000000000e-09
2.67500000000000e-07	1.25000000000000e-08	1.50000000000000e-09	5.00000000000000e-09	5.00000000000000e-09	3.00000000000000e-09
2.72500000000000e-07	1.25000000000000e-08	1.50000000000000e-09	5.00000000000000e-09	5.00000000000000e-09	3.00000000000000e-09
2.77500000000000e-07	1.25000000000000e-08	1.50000000000000e-09	5.00000000000000e-09	5.00000000000000e-09	3.00000000000000e-09
2.82500000000000e-07	1.25000000000000e-08	1.50000000000000e-09	5.00000000000000e-09	5.00000000000000e-09	3.00000000000000e-09
2.87500000000000e-07	1.25000000000000e-08	1.50000000000000e-09	5.00000000000000e-09	5.00000000000000e-09	3.00000000000000e-09
2.92500000000000e-07	1.25000000000000e-08	1.50000000000000e-09	5.00000000000000e-09	5.00000000000000e-09	3.00000000000000e-09
2.97500000000000e-07	1.25000000000000e-08	1.50000000000000e-09	5.00000000000000e-09	5.00000000000000e-09	3.00000000000000e-09
3.02500000000000e-07	1.25000000000000e-08	1.50000000000000e-09	5.00000000000000e-09	5.00000000000000e-09	3.00000000000000e-09
3.06250000000000e-07	1.12500000000000e-08	1.50000000000000e-09	2.50000000000000e-09	2.50000000000000e-09	3.00000000000000e-09
3.06250000000000e-07	1.37500000000000e-08	1.50000000000000e-09	2.50000000000000e-09	2.50000000000000e-09	3.00000000000000e-09
3.08125000000000e-07	1.06250000000000e-08	1.50000000000000e-09	1.25000000000000e-09	1.25000000000000e-09	3.00000000000000e-09
3.08125000000000e-07	1.18750000000000e-08	1.50000000000000e-09	1.25000000000000e-09	1.25000000000000e-09	3.00000000000000e-09
3.09375000000000e-07	1.06250000000000e-08	1.50000000000000e-09	1.25000000000000e-09	1.25000000000000e-09	3.00000000000000e-09
3.09375000000000e-07	1.18750000000000e-08	1.50000000000000e-09	1.25000000000000e-09	1.25000000000000e-09	3.00000000000000e-09
3.08125000000000e-07	1.31250000000000e-08	1.50000000000000e-09	1.25000000000000e-09	1.25000000000000e-09	3.00000000000000e-09
3.08125000000000e-07	1.43750000000000e-08	1.50000000000000e-09	1.25000000000000e-09	1.25000000000000e-09	3.00000000000000e-09
3.09375000000000e-07	1.31250000000000e-08	1.50000000000000e-09	1.25000000000000e-09	1.25000000000000e-09	3.00000000000000e-09
3.09375000000000e-07	1.43750000000000e-08	1.50000000000000e-09	1.25000000000000e-09	1.25000000000000e-09	3.00000000000000e-09
3.10625000000000e-07	1.06250000000000e-08	1.50000000000000e-09	1.25000000000000e-09	1.25000000000000e-09	3.00000000000000e-09
3.10625000000000e-07	1.18750000000000e-08	1.50000000000000e-09	1.25000000000000e-09	1.25000000000000e-09	3.00000000000000e-09
3.11875000000000e-07	1.06250000000000e-08	1.50000000000000e-09	1.25000000000000e-09	1.25000000000000e-09	3.00000000000000e-09
3.11875000000000e-07	1.18750000000000e-08	1.50000000000000e-09	1.25000000000000e-09	1.25000000000000e-09	3.00000000000000e-09
3.10625000000000e-07	1.31250000000000e-08	1.50000000000000e-09	1.25000000000000e-09	1.25000000000000e-09	3.00000000000000e-09
3.10625000000000e-07	1.43750000000000e-08	1.50000000000000e-09	1.25000000000000e-09	1.25000000000000e-09	3.00000000000000e-09
3.11875000000000e-07	1.31250000000000e-08	1.50000000000000e-09	1.25000000000000e-09	1.25000000000000e-09	3.00000000000000e-09
3.11875000000000e-07	1.43750000000000e-08	1.50000000000000e-09	1.25000000000000e-09	1.25000000000000e-09	3.00000000000000e-09
3.13125000000000e-07	1.06250000000000e-08	1.50000000000000e-09	1.25000000000000e-09	1.25000000000000e-09	3.00000000000000e-09
3.13125000000000e-07	1.18750000000000e-08	1.50000000000000e-09	1.25000000000000e-09	1.25000000000000e-09	3.00000000000000e-09
3.14375000000000e-07	1.06250000000000e-08	1.50000000000000e-09	1.25000000000000e-09	1.25000000000000e-09	3.00000000000000e-09
3.14375000000000e-07	1.18750000000000e-08	1.50000000000000e-09	1.25000000000000e-09	1.25000000000000e-09	3.00000000000000e-09
3.13125000000000e-07	1.31250000000000e-08	1.50000000000000e-09	1.25000000000000e-09	1.25000000000000e-09	3.00000000000000e-09
3.13125000000000e-07	1.43750000000000e-08	1.50000000000000e-09	1.25000000000000e-09	1.25000000000000e-09	3.00000000000000e-09
3.14375000000000e-07	1.31250000000000e-08	1.50000000000000e-09	1.25000000000000e-09	1.25000000000000e-09	3.00000000000000e-09
3.14375000000000e-07	1.43750000000000e-08	1.50000000000000e-09	1.25000000000000e-09	1.25000000000000e-09	3.00000000000000e-09
3.18750000000000e-07	1.37500000000000e-08	1.50000000000000e-09	2.50000000000000e-09	2.50000000000000e-09	3.00000000000000e-09
3.15625000000000e-07	1.06250000000000e-08	1.50000000000000e-09	1.25000000000000e-09	1.25000000000000e-09	3.00000000000000e-09
3.15625000000000e-07	1.18750000000000e-08	1.50000000000000e-09	1.25000000000000e-09	1.25000000000000e-09	3.00000000000000e-09
3.16875000000000e-07	1.06250000000000e-08	1.50000000000000e-09	1.25000000000000e-09	1.25000000000000e-09	3.00000000000000e-09
3.16875000000000e-07	1.18750000000000e-08	1.50000000000000e-09	1.25000000000000e-09	1.25000000000000e-09	3.00000000000000e-09
3.15625000000000e-07	1.31250000000000e-08	1.50000000000000e-09	1.25000000000000e-09	1.25000000000000e-09	3.00000000000000e-09
3.15625000000000e-07	1.43750000000000e-08	1.50000000000000e-09	1.25000000000000e-09	1.25000000000000e-09	3.00000000000000e-09
3.16875000000000e-07	1.31250000000000e-08	1.50000000000000e-09	1.25000000000000e-09	1.25000000000000e-09	3.00000000000000e-09
3.16875000000000e-07	1.43750000000000e-08	1.50000000000000e-09	1.25000000000000e-09	1.25000000000000e-09	3.00000000000000e-09
3.18125000000000e-07	1.06250000000000e-08	1.50000000000000e-09	1.25000000000000e-09	1.25000000000000e-09	3.00000000000000e-09
3.18125000000000e-07	1.18750000000000e-08	1.50000000000000e-09	1.25000000000000e-09	1.25000000000000e-09	3.00000000000000e-09
3.19375000000000e-07	1.06250000000000e-08	1.50000000000000e-09	1.25000000000000e-09	1.25000000000000e-09	3.00000000000000e-09
3.19375000000000e-07	1.18750000000000e-08	1.50000000000000e-09	1.25000000000000e-09	1.25000000000000e-09	3.00000000000000e-09
3.22500000000000e-07	1.25000000000000e-08	1.50000000000000e-09	5.00000000000000e-09	5.00000000000000e-09	3.00000000000000e-09
3.27500000000000e-07	1.25000000000000e-08	1.50000000000000e-09	5.00000000000000e-09	5.00000000000000e-09	3.00000000000000e-09
3.31250000000000e-07	1.12500000000000e-08	1.50000000000000e-09	2.50000000000000e-09	2.50000000000000e-09	3.00000000000000e-09
3.31250000000000e-07	1.37500000000000e-08	1.50000000000000e-09	2.50000000000000e-09	2.50000000000000e-09	3.00000000000000e-09
3.33750000000000e-07	1.37500000000000e-08	1.50000000000000e-09	2.50000000000000e-09	2.50000000000000e-09	3.00000000000000e-09
3.33125000000000e-07	1.06250000000000e-08	1.50000000000000e-09	1.25000000000000e-09	1.25000000000000e-09	3.00000000000000e-09
3.33125000000000e-07	1.18750000000000e-08	1.50000000000000e-09	1.25000000000000e-09	1.25000000000000e-09	3.00000000000000e-09
3.34375000000000e-07	1.06250000000000e-08	1.50000000000000e-09	1.25000000000000e-09	1.25000000000000e-09	3.00000000000000e-09
3.34375000000000e-07	1.18750000000000e-08	1.50000000000000e-09	1.25000000000000e-09	1.25000000000000e-09	3.00000000000000e-09
3.35625000000000e-07	1.06250000000000e-08	1.50000000000000e-09	1.25000000000000e-09	1.25000000000000e-09	3.00000000000000e-09
3.35625000000000e-07	1.18750000000000e-08	1.50000000000000e-09	1.25000000000000e-09	1.25000000000000e-09	3.00000000000000e-09
3.36875000000000e-07	1.06250000000000e-08	1.50000000000000e-09	1.25000000000000e-09	1.25000000000000e-09	3.00000000000000e-09
3.36875000000000e-07	1.18750000000000e-08	1.50000000000000e-09	1.25000000000000e-09	1.25000000000000e-09	3.00000000000000e-09
3.35625000000000e-07	1.31250000000000e-08	1.50000000000000e-09	1.25000000000000e-09	1.25000000000000e-09	3.00000000000000e-09
3.35625000000000e-07	1.43750000000000e-08	1.50000000000000e-09	1.25000000000000e-09	1.25000000000000e-09	3.00000000000000e-09
3.36875000000000e-07	1.31250000000000e-08	1.50000000000000e-09	1.25000000000000e-09	1.25000000000000e-09	3.00000000000000e-09
3.36875000000000e-07	1.43750000000000e-08	1.50000000000000e-09	1.25000000000000e-09	1.25000000000000e-09	3.00000000000000e-09
3.38125000000000e-07	1.06250000000000e-08	1.50000000000000e-09	1.25000000000000e-09	1.25000000000000e-09	3.00000000000000e-09
3.38125000000000e-07	1.18750000000000e-08	1.50000000000000e-09	1.25000000000000e-09	1.25000000000000e-09	3.00000000000000e-09
3.39375000000000e-07	1.06250000000000e-08	1.50000000000000e-09	1.25000000000000e-09	1.25000000000000e-09	3.00000000000000e-09
3.39375000000000e-07	1.18750000000000e-08	1.50000000000000e-09	1.25000000000000e-09	1.25000000000000e-09	3.00000000000000e-09
3.38125000000000e-07	1.31250000000000e-08	1.50000000000000e-09	1.25000000000000e-09	1.25000000000000e-09	3.00000000000000e-09
3.38125000000000e-07	1.43750000000000e-08	1.50000000000000e-09	1.25000000000000e-09	1.25000000000000e-09	3.00000000000000e-09
3.39375000000000e-07	1.31250000000000e-08	1.50000000000000e-09	1.25000000000000e-09	1.25000000000000e-09	3.00000000000000e-09
3.39375000000000e-07	1.43750000000000e-08	1.50000000000000e-09	1.25000000000000e-09	1.25000000000000e-09	3.00000000000000e-09
3.40625000000000e-07	1.06250000000000e-08	1.50000000000000e-09	1.25000000000000e-09	1.25000000000000e-09	3.00000000000000e-09
3.40625000000000e-07	1.18750000000000e-08	1.50000000000000e-09	1.25000000000000e-09	1.25000000000000e-09	3.00000000000000e-09
3.41875000000000e-07	1.06250000000000e-08	1.50000000000000e-09	1.25000000000000e-09	1.25000000000000e-09	3.00000000000000e-09
3.41875000000000e-07	1.18750000000000e-08	1.50000000000000e-09	1.25000000000000e-09	1.25000000000000e-09	3.00000000000000e-09
3.40625000000000e-07	1.31250000000000e-08	1.50000000000000e-09	1.25000000000000e-09	1.25000000000000e-09	3.00000000000000e-09
3.40625000000000e-07	1.43750000000000e-08	1.50000000000000e-09	1.25000000000000e-09	1.25000000000000e-09	3.00000000000000e-09
3.41875000000000e-07	1.31250000000000e-08	1.50000000000000e-09	1.25000000000000e-09	1.25000000000000e-09	3.00000000000000e-09
3.41875000000000e-07	1.43750000000000e-08	1.50000000000000e-09	1.25000000000000e-09	1.25000000000000e-09	3.00000000000000e-09
3.43125000000000e-07	1.06250000000000e-08	1.50000000000000e-09	1.25000000000000e-09	1.25000000000000e-09	3.00000000000000e-09
3.43125000000000e-07	1.18750000000000e-08	1.50000000000000e-09	1.25000000000000e-09	1.25000000000000e-09	3.00000000000000e-09
3.44375000000000e-07	1.06250000000000e-08	1.50000000000000e-09	1.25000000000000e-09	1.25000000000000e-09	3.00000000000000e-09
3.44375000000000e-07	1.18750000000000e-08	1.50000000000000e-09	1.25000000000000e-09	1.25000000000000e-09	3.00000000000000e-09
3.43125000000000e-07	1.31250000000000e-08	1.50000000000000e-09	1.25000000000000e-09	1.25000000000000e-09	3.00000000000000e-09
3.43125000000000e-07	1.43750000000000e-08	1.50000000000000e-09	1.25000000000000e-09	1.25000000000000e-09	3.00000000000000e-09
3.44375000000000e-07	1.31250000000000e-08	1.50000000000000e-09	1.25000000000000e-09	1.25000000000000e-09	3.00000000000000e-09
3.44375000000000e-07	1.43750000000000e-08	1.50000000000000e-09	1.25000000000000e-09	1.25000000000000e-09	3.00000000000000e-09
3.48750000000000e-07	1.12500000000000e-08	1.50000000000000e-09	2.50000000000000e-09	2.50000000000000e-09	3.00000000000000e-09
3.45625000000000e-07	1.06250000000000e-08	1.50000000000000e-09	1.25000000000000e-09	1.25000000000000e-09	3.00000000000000e-09
3.45625000000000e-07	1.18750000000000e-08	1.50000000000000e-09	1.25000000000000e-09	1.25000000000000e-09	3.00000000000000e-09
3.46875000000000e-07	1.06250000000000e-08	1.50000000000000e-09	1.25000000000000e-09	1.25000000000000e-09	3.00000000000000e-09
3.46875000000000e-07	1.18750000000000e-08	1.50000000000000e-09	1.25000000000000e-09	1.25000000000000e-09	3.00000000000000e-09
3.45625000000000e-07	1.31250000000000e-08	1.50000000000000e-09	1.25000000000000e-09	1.25000000000000e-09	3.00000000000000e-09
3.45625000000000e-07	1.43750000000000e-08	1.50000000000000e-09	1.25000000000000e-09	1.25000000000000e-09	3.00000000000000e-09
3.46875000000000e-07	1.31250000000000e-08	1.50000000000000e-09	1.25000000000000e-09	1.25000000000000e-09	3.00000000000000e-09
3.46875000000000e-07	1.43750000000000e-08	1.50000000000000e-09	1.25000000000000e-09	1.25000000000000e-09	3.00000000000000e-09
3.48125000000000e-07	1.31250000000000e-08	1.50000000000000e-09	1.25000000000000e-09	1.25000000000000e-09	3.00000000000000e-09
3.48125000000000e-07	1.43750000000000e-08	1.50000000000000e-09	1.25000000000000e-09	1.25000000000000e-09	3.00000000000000e-09
3.49375000000000e-07	1.31250000000000e-08	1.50000000000000e-09	1.25000000000000e-09	1.25000000000000e-09	3.00000000000000e-09
3.49375000000000e-07	1.43750000000000e-08	1.50000000000000e-09	1.25000000000000e-09	1.25000000000000e-09	3.00000000000000e-09
3.52500000000000e-07	1.25000000000000e-08	1.50000000000000e-09	5.00000000000000e-09	5.00000000000000e-09	3.00000000000000e-09
3.57500000000000e-07	1.25000000000000e-08	1.50000000000000e-09	5.00000000000000e-09	5.00000000000000e-09	3.00000000000000e-09
3.62500000000000e-07	1.25000000000000e-08	1.50000000000000e-09	5.00000000000000e-09	5.00000000000000e-09	3.00000000000000e-09
3.67500000000000e-07	1.25000000000000e-08	1.50000000000000e-09	5.00000000000000e-09	5.00000000000000e-09	3.00000000000000e-09
3.72500000000000e-07	1.25000000000000e-08	1.50000000000000e-09	5.00000000000000e-09	5.00000000000000e-09	3.00000000000000e-09
3.77500000000000e-07	1.25000000000000e-08	1.50000000000000e-09	5.00000000000000e-09	5.00000000000000e-09	3.00000000000000e-09
3.82500000000000e-07	1.25000000000000e-08	1.50000000000000e-09	5.00000000000000e-09	5.00000000000000e-09	3.00000000000000e-09
3.87500000000000e-07	1.25000000000000e-08	1.50000000000000e-09	5.00000000000000e-09	5.00000000000000e-09	3.00000000000000e-09
3.92500000000000e-07	1.25000000000000e-08	1.50000000000000e-09	5.00000000000000e-09	5.00000000000000e-09	3.00000000000000e-09
3.97500000000000e-07	1.25000000000000e-08	1.50000000000000e-09	5.00000000000000e-09	5.00000000000000e-09	3.00000000000000e-09
4.02500000000000e-07	1.25000000000000e-08	1.50000000000000e-09	5.00000000000000e-09	5.00000000000000e-09	3.00000000000000e-09
4.07500000000000e-07	1.25000000000000e-08	1.50000000000000e-09	5.00000000000000e-09	5.00000000000000e-09	3.00000000000000e-09
4.12500000000000e-07	1.25000000000000e-08	1.50000000000000e-09	5.00000000000000e-09	5.00000000000000e-09	3.00000000000000e-09
4.17500000000000e-07	1.25000000000000e-08	1.50000000000000e-09	5.00000000000000e-09	5.00000000000000e-09	3.00000000000000e-09
4.22500000000000e-07	1.25000000000000e-08	1.50000000000000e-09	5.00000000000000e-09	5.00000000000000e-09	3.00000000000000e-09
4.27500000000000e-07	1.25000000000000e-08	1.50000000000000e-09	5.00000000000000e-09	5.00000000000000e-09	3.00000000000000e-09
4.32500000000000e-07	1.25000000000000e-08	1.50000000000000e-09	5.00000000000000e-09	5.00000000000000e-09	3.00000000000000e-09
4.37500000000000e-07	1.25000000000000e-08	1.50000000000000e-09	5.00000000000000e-09	5.00000000000000e-09	3.00000000000000e-09
4.42500000000000e-07	1.25000000000000e-08	1.50000000000000e-09	5.00000000000000e-09	5.00000000000000e-09	3.00000000000000e-09
4.47500000000000e-07	1.25000000000000e-08	1.50000000000000e-09	5.00000000000000e-09	5.00000000000000e-09	3.00000000000000e-09
4.52500000000000e-07	1.25000000000000e-08	1.50000000000000e-09	5.00000000000000e-09	5.00000000000000e-09	3.00000000000000e-09
4.56250000000000e-07	1.12500000000000e-08	1.50000000000000e-09	2.50000000000000e-09	2.50000000000000e-09	3.00000000000000e-09
4.55625000000000e-07	1.31250000000000e-08	1.50000000000000e-09	1.25000000000000e-09	1.25000000000000e-09	3.00000000000000e-09
4.55625000000000e-07	1.43750000000000e-08	1.50000000000000e-09	1.25000000000000e-09	1.25000000000000e-09	3.00000000000000e-09
4.56875000000000e-07	1.31250000000000e-08	1.50000000000000e-09	1.25000000000000e-09	1.25000000000000e-09	3.00000000000000e-09
4.56875000000000e-07	1.43750000000000e-08	1.50000000000000e-09	1.25000000000000e-09	1.25000000000000e-09	3.00000000000000e-09
4.58125000000000e-07	1.06250000000000e-08	1.50000000000000e-09	1.25000000000000e-09	1.25000000000000e-09	3.00000000000000e-09
4.58125000000000e-07	1.18750000000000e-08	1.50000000000000e-09	1.25000000000000e-09	1.25000000000000e-09	3.00000000000000e-09
4.59375000000000e-07	1.06250000000000e-08	1.50000000000000e-09	1.25000000000000e-09	1.25000000000000e-09	3.00000000000000e-09
4.59375000000000e-07	1.18750000000000e-08	1.50000000000000e-09	1.25000000000000e-09	1.25000000000000e-09	3.00000000000000e-09
4.58125000000000e-07	1.31250000000000e-08	1.50000000000000e-09	1.25000000000000e-09	1.25000000000000e-09	3.00000000000000e-09
4.58125000000000e-07	1.43750000000000e-08	1.50000000000000e-09	1.25000000000000e-09	1.25000000000000e-09	3.00000000000000e-09
4.59375000000000e-07	1.31250000000000e-08	1.50000000000000e-09	1.25000000000000e-09	1.25000000000000e-09	3.00000000000000e-09
4.59375000000000e-07	1.43750000000000e-08	1.50000000000000e-09	1.25000000000000e-09	1.25000000000000e-09	3.00000000000000e-09
4.60625000000000e-07	1.06250000000000e-08	1.50000000000000e-09	1.25000000000000e-09	1.25000000000000e-09	3.00000000000000e-09
4.60625000000000e-07	1.18750000000000e-08	1.50000000000000e-09	1.25000000000000e-09	1.25000000000000e-09	3.00000000000000e-09
4.61875000000000e-07	1.06250000000000e-08	1.50000000000000e-09	1.25000000000000e-09	1.25000000000000e-09	3.00000000000000e-09
4.61875000000000e-07	1.18750000000000e-08	1.50000000000000e-09	1.25000000000000e-09	1.25000000000000e-09	3.00000000000000e-09
4.60625000000000e-07	1.31250000000000e-08	1.50000000000000e-09	1.25000000000000e-09	1.25000000000000e-09	3.00000000000000e-09
4.60625000000000e-07	1.43750000000000e-08	1.50000000000000e-09	1.25000000000000e-09	1.25000000000000e-09	3.00000000000000e-09
4.61875000000000e-07	1.31250000000000e-08	1.50000000000000e-09	1.25000000000000e-09	1.25000000000000e-09	3.00000000000000e-09
4.61875000000000e-07	1.43750000000000e-08	1.50000000000000e-09	1.25000000000000e-09	1.25000000000000e-09	3.00000000000000e-09
4.63125000000000e-07	1.06250000000000e-08	1.50000000000000e-09	1.25000000000000e-09	1.25000000000000e-09	3.00000000000000e-09
4.63125000000000e-07	1.18750000000000e-08	1.50000000000000e-09	1.25000000000000e-09	1.25000000000000e-09	3.00000000000000e-09
4.64375000000000e-07	1.06250000000000e-08	1.50000000000000e-09	1.25000000000000e-09	1.25000000000000e-09	3.00000000000000e-09
4.64375000000000e-07	1.18750000000000e-08	1.50000000000000e-09	1.25000000000000e-09	1.25000000000000e-09	3.00000000000000e-09
4.63125000000000e-07	1.31250000000000e-08	1.50000000000000e-09	1.25000000000000e-09	1.25000000000000e-09	3.00000000000000e-09
4.63125000000000e-07	1.43750000000000e-08	1.50000000000000e-09	1.25000000000000e-09	1.25000000000000e-09	3.00000000000000e-09
4.64375000000000e-07	1.31250000000000e-08	1.50000000000000e-09	1.25000000000000e-09	1.25000000000000e-09	3.00000000000000e-09
4.64375000000000e-07	1.43750000000000e-08	1.50000000000000e-09	1.25000000000000e-09	1.25000000000000e-09	3.00000000000000e-09
4.65625000000000e-07	1.06250000000000e-08	1.50000000000000e-09	1.25000000000000e-09	1.25000000000000e-09	3.00000000000000e-09
4.65625000000000e-07	1.18750000000000e-08	1.50000000000000e-09	1.25000000000000e-09	1.25000000000000e-09	3.00000000000000e-09
4.66875000000000e-07	1.06250000000000e-08	1.50000000000000e-09	1.25000000000000e-09	1.25000000000000e-09	3.00000000000000e-09
4.66875000000000e-07	1.18750000000000e-08	1.50000000000000e-09	1.25000000000000e-09	1.25000000000000e-09	3.00000000000000e-09
4.65625000000000e-07	1.31250000000000e-08	1.50000000000000e-09	1.25000000000000e-09	1.25000000000000e-09	3.00000000000000e-09
4.65625000000000e-07	1.43750000000000e-08	1.50000000000000e-09	1.25000000000000e-09	1.25000000000000e-09	3.00000000000000e-09
4.66875000000000e-07	1.31250000000000e-08	1.50000000000000e-09	1.25000000000000e-09	1.25000000000000e-09	3.00000000000000e-09
4.66875000000000e-07	1.43750000000000e-08	1.50000000000000e-09	1.25000000000000e-09	1.25000000000000e-09	3.00000000000000e-09
4.68125000000000e-07	1.06250000000000e-08	1.50000000000000e-09	1.25000000000000e-09	1.25000000000000e-09	3.00000000000000e-09
4.68125000000000e-07	1.18750000000000e-08	1.50000000000000e-09	1.25000000000000e-09	1.25000000000000e-09	3.00000000000000e-09
4.69375000000000e-07	1.06250000000000e-08	1.50000000000000e-09	1.25000000000000e-09	1.25000000000000e-09	3.00000000000000e-09
4.69375000000000e-07	1.18750000000000e-08	1.50000000000000e-09	1.25000000000000e-09	1.25000000000000e-09	3.00000000000000e-09
4.68125000000000e-07	1.31250000000000e-08	1.50000000000000e-09	1.25000000000000e-09	1.25000000000000e-09	3.00000000000000e-09
4.68125000000000e-07	1.43750000000000e-08	1.50000000000000e-09	1.25000000000000e-09	1.25000000000000e-09	3.00000000000000e-09
4.69375000000000e-07	1.31250000000000e-08	1.50000000000000e-09	1.25000000000000e-09	1.25000000000000e-09	3.00000000000000e-09
4.69375000000000e-07	1.43750000000000e-08	1.50000000000000e-09	1.25000000000000e-09	1.25000000000000e-09	3.00000000000000e-09
4.71250000000000e-07	1.37500000000000e-08	1.50000000000000e-09	2.50000000000000e-09	2.50000000000000e-09	3.00000000000000e-09
4.73750000000000e-07	1.12500000000000e-08	1.50000000000000e-09	2.50000000000000e-09	2.50000000000000e-09	3.00000000000000e-09
4.73750000000000e-07	1.37500000000000e-08	1.50000000000000e-09	2.50000000000000e-09	2.50000000000000e-09	3.00000000000000e-09
4.70625000000000e-07	1.06250000000000e-08	1.50000000000000e-09	1.25000000000000e-09	1.25000000000000e-09	3.00000000000000e-09
4.70625000000000e-07	1.18750000000000e-08	1.50000000000000e-09	1.25000000000000e-09	1.25000000000000e-09	3.00000000000000e-09
4.71875000000000e-07	1.06250000000000e-08	1.50000000000000e-09	1.25000000000000e-09	1.25000000000000e-09	3.00000000000000e-09
4.71875000000000e-07	1.18750000000000e-08	1.50000000000000e-09	1.25000000000000e-09	1.25000000000000e-09	3.00000000000000e-09
4.77500000000000e-07	1.25000000000000e-08	1.50000000000000e-09	5.00000000000000e-09	5.00000000000000e-09	3.00000000000000e-09
4.82500000000000e-07	1.25000000000000e-08	1.50000000000000e-09	5.00000000000000e-09	5.00000000000000e-09	3.00000000000000e-09
4.87500000000000e-07	1.25000000000000e-08	1.50000000000000e-09	5.00000000000000e-09	5.00000000000000e-09	3.00000000000000e-09
4.92500000000000e-07	1.25000000000000e-08	1.50000000000000e-09	5.00000000000000e-09	5.00000000000000e-09	3.00000000000000e-09
4.97500000000000e-07	1.25000000000000e-08	1.50000000000000e-09	5.00000000000000e-09	5.00000000000000e-09	3.00000000000000e-09
2.50000000000000e-09	1.75000000000000e-08	1.50000000000000e-09	5.00000000000000e-09	5.00000000000000e-09	3.00000000000000e-09
7.50000000000000e-09	1.75000000000000e-08	1.50000000000000e-09	5.00000000000000e-09	5.00000000000000e-09	3.00000000000000e-09
1.25000000000000e-08	1.75000000000000e-08	1.50000000000000e-09	5.00000000000000e-09	5.00000000000000e-09	3.00000000000000e-09
1.75000000000000e-08	1.75000000000000e-08	1.50000000000000e-09	5.00000000000000e-09	5.00000000000000e-09	3.00000000000000e-09
2.25000000000000e-08	1.75000000000000e-08	1.50000000000000e-09	5.00000000000000e-09	5.00000000000000e-09	3.00000000000000e-09
2.75000000000000e-08	1.75000000000000e-08	1.50000000000000e-09	5.00000000000000e-09	5.00000000000000e-09	3.00000000000000e-09
3.25000000000000e-08	1.75000000000000e-08	1.50000000000000e-09	5.00000000000000e-09	5.00000000000000e-09	3.00000000000000e-09
3.75000000000000e-08	1.75000000000000e-08	1.50000000000000e-09	5.00000000000000e-09	5.00000000000000e-09	3.00000000000000e-09
4.25000000000000e-08	1.75000000000000e-08	1.50000000000000e-09	5.00000000000000e-09	5.00000000000000e-09	3.00000000000000e-09
4.75000000000000e-08	1.75000000000000e-08	1.50000000000000e-09	5.00000000000000e-09	5.00000000000000e-09	3.00000000000000e-09
5.25000000000000e-08	1.75000000000000e-08	1.50000000000000e-09	5.00000000000000e-09	5.00000000000000e-09	3.00000000000000e-09
5.75000000000000e-08	1.75000000000000e-08	1.50000000000000e-09	5.00000000000000e-09	5.00000000000000e-09	3.00000000000000e-09
6.25000000000000e-08	1.75000000000000e-08	1.50000000000000e-09	5.00000000000000e-09	5.00000000000000e-09	3.00000000000000e-09
6.75000000000000e-08	1.75000000000000e-08	1.50000000000000e-09	5.00000000000000e-09	5.00000000000000e-09	3.00000000000000e-09
7.25000000000000e-08	1.75000000000000e-08	1.50000000000000e-09	5.00000000000000e-09	5.00000000000000e-09	3.00000000000000e-09
7.75000000000000e-08	1.75000000000000e-08	1.50000000000000e-09	5.00000000000000e-09	5.00000000000000e-09	3.00000000000000e-09
8.25000000000000e-08	1.75000000000000e-08	1.50000000000000e-09	5.00000000000000e-09	5.00000000000000e-09	3.00000000000000e-09
8.75000000000000e-08	1.75000000000000e-08	1.50000000000000e-09	5.00000000000000e-09	5.00000000000000e-09	3.00000000000000e-09
9.25000000000000e-08	1.75000000000000e-08	1.50000000000000e-09	5.00000000000000e-09	5.00000000000000e-09	3.00000000000000e-09
9.75000000000000e-08	1.75000000000000e-08	1.50000000000000e-09	5.00000000000000e-09	5.00000000000000e-09	3.00000000000000e-09
1.02500000000000e-07	1.75000000000000e-08	1.50000000000000e-09	5.00000000000000e-09	5.00000000000000e-09	3.00000000000000e-09
1.06250000000000e-07	1.62500000000000e-08	1.50000000000000e-09	2.50000000000000e-09	2.50000000000000e-09	3.00000000000000e-09
1.06250000000000e-07	1.87500000000000e-08	1.50000000000000e-09	2.50000000000000e-09	2.50000000000000e-09	3.00000000000000e-09
1.08125000000000e-07	1.56250000000000e-08	1.50000000000000e-09	1.25000000000000e-09	1.25000000000000e-09	3.00000000000000e-09
1.08125000000000e-07	1.68750000000000e-08	1.50000000000000e-09	1.25000000000000e-09	1.25000000000000e-09	3.00000000000000e-09
1.09375000000000e-07	1.56250000000000e-08	1.50000000000000e-09	1.25000000000000e-09	1.25000000000000e-09	3.00000000000000e-09
1.09375000000000e-07	1.68750000000000e-08	1.50000000000000e-09	1.25000000000000e-09	1.25000000000000e-09	3.00000000000000e-09
1.08125000000000e-07	1.81250000000000e-08	1.50000000000000e-09	1.25000000000000e-09	1.25000000000000e-09	3.00000000000000e-09
1.08125000000000e-07	1.93750000000000e-08	1.50000000000000e-09	1.25000000000000e-09	1.25000000000000e-09	3.00000000000000e-09
1.09375000000000e-07	1.81250000000000e-08	1.50000000000000e-09	1.25000000000000e-09	1.25000000000000e-09	3.00000000000000e-09
1.09375000000000e-07	1.93750000000000e-08	1.50000000000000e-09	1.25000000000000e-09	1.25000000000000e-09	3.00000000000000e-09
1.10625000000000e-07	1.56250000000000e-08	1.50000000000000e-09	1.25000000000000e-09	1.25000000000000e-09	3.00000000000000e-09
1.10625000000000e-07	1.68750000000000e-08	1.50000000000000e-09	1.25000000000000e-09	1.25000000000000e-09	3.00000000000000e-09
1.11875000000000e-07	1.56250000000000e-08	1.50000000000000e-09	1.25000000000000e-09	1.25000000000000e-09	3.00000000000000e-09
1.11875000000000e-07	1.68750000000000e-08	1.50000000000000e-09	1.25000000000000e-09	1.25000000000000e-09	3.00000000000000e-09
1.10625000000000e-07	1.81250000000000e-08	1.50000000000000e-09	1.25000000000000e-09	1.25000000000000e-09	3.00000000000000e-09
1.10625000000000e-07	1.93750000000000e-08	1.50000000000000e-09	1.25000000000000e-09	1.25000000000000e-09	3.00000000000000e-09
1.11875000000000e-07	1.81250000000000e-08	1.50000000000000e-09	1.25000000000000e-09	1.25000000000000e-09	3.00000000000000e-09
1.11875000000000e-07	1.93750000000000e-08	1.50000000000000e-09	1.25000000000000e-09	1.25000000000000e-09	3.00000000000000e-09
1.13125000000000e-07	1.56250000000000e-08	1.50000000000000e-09	1.25000000000000e-09	1.25000000000000e-09	3.00000000000000e-09
1.13125000000000e-07	1.68750000000000e-08	1.50000000000000e-09	1.25000000000000e-09	1.25000000000000e-09	3.00000000000000e-09
1.14375000000000e-07	1.56250000000000e-08	1.50000000000000e-09	1.25000000000000e-09	1.25000000000000e-09	3.00000000000000e-09
1.14375000000000e-07	1.68750000000000e-08	1.50000000000000e-09	1.25000000000000e-09	1.25000000000000e-09	3.00000000000000e-09
1.13125000000000e-07	1.81250000000000e-08	1.50000000000000e-09	1.25000000000000e-09	1.25000000000000e-09	3.00000000000000e-09
1.13125000000000e-07	1.93750000000000e-08	1.50000000000000e-09	1.25000000000000e-09	1.25000000000000e-09	3.00000000000000e-09
1.14375000000000e-07	1.81250000000000e-08	1.50000000000000e-09	1.25000000000000e-09	1.25000000000000e-09	3.00000000000000e-09
1.14375000000000e-07	1.93750000000000e-08	1.50000000000000e-09	1.25000000000000e-09	1.25000000000000e-09	3.00000000000000e-09
1.15625000000000e-07	1.56250000000000e-08	1.50000000000000e-09	1.25000000000000e-09	1.25000000000000e-09	3.00000000000000e-09
1.15625000000000e-07	1.68750000000000e-08	1.50000000000000e-09	1.25000000000000e-09	1.25000000000000e-09	3.00000000000000e-09
1.16875000000000e-07	1.56250000000000e-08	1.50000000000000e-09	1.25000000000000e-09	1.25000000000000e-09	3.00000000000000e-09
1.16875000000000e-07	1.68750000000000e-08	1.50000000000000e-09	1.25000000000000e-09	1.25000000000000e-09	3.00000000000000e-09
1.15625000000000e-07	1.81250000000000e-08	1.50000000000000e-09	1.25000000000000e-09	1.25000000000000e-09	3.00000000000000e-09
1.15625000000000e-07	1.93750000000000e-08	1.50000000000000e-09	1.25000000000000e-09	1.25000000000000e-09	3.00000000000000e-09
1.16875000000000e-07	1.81250000000000e-08	1.50000000000000e-09	1.25000000000000e-09	1.25000000000000e-09	3.00000000000000e-09
1.16875000000000e-07	1.93750000000000e-08	1.50000000000000e-09	1.25000000000000e-09	1.25000000000000e-09	3.00000000000000e-09
1.18125000000000e-07	1.56250000000000e-08	1.50000000000000e-09	1.25000000000000e-09	1.25000000000000e-09	3.00000000000000e-09
1.18125000000000e-07	1.68750000000000e-08	1.50000000000000e-09	1.25000000000000e-09	1.25000000000000e-09	3.00000000000000e-09
1.19375000000000e-07	1.56250000000000e-08	1.50000000000000e-09	1.25000000000000e-09	1.25000000000000e-09	3.00000000000000e-09
1.19375000000000e-07	1.68750000000000e-08	1.50000000000000e-09	1.25000000000000e-09	1.25000000000000e-09	3.00000000000000e-09
1.18125000000000e-07	1.81250000000000e-08	1.50000000000000e-09	1.25000000000000e-09	1.25000000000000e-09	3.00000000000000e-09
1.18125000000000e-07	1.93750000000000e-08	1.50000000000000e-09	1.25000000000000e-09	1.25000000000000e-09	3.00000000000000e-09
1.19375000000000e-07	1.81250000000000e-08	1.50000000000000e-09	1.25000000000000e-09	1.25000000000000e-09	3.00000000000000e-09
1.19375000000000e-07	1.93750000000000e-08	1.50000000000000e-09	1.25000000000000e-09	1.25000000000000e-09	3.00000000000000e-09
1.22500000000000e-07	1.75000000000000e-08	1.50000000000000e-09	5.00000000000000e-09	5.00000000000000e-09	3.00000000000000e-09
1.27500000000000e-07	1.75000000000000e-08	1.50000000000000e-09	5.00000000000000e-09	5.00000000000000e-09	3.00000000000000e-09
1.32500000000000e-07	1.75000000000000e-08	1.50000000000000e-09	5.00000000000000e-09	5.00000000000000e-09	3.00000000000000e-09
1.37500000000000e-07	1.75000000000000e-08	1.50000000000000e-09	5.00000000000000e-09	5.00000000000000e-09	3.00000000000000e-09
1.42500000000000e-07	1.75000000000000e-08	1.50000000000000e-09	5.00000000000000e-09	5.00000000000000e-09	3.00000000000000e-09
1.47500000000000e-07	1.75000000000000e-08	1.50000000000000e-09	5.00000000000000e-09	5.00000000000000e-09	3.00000000000000e-09
1.52500000000000e-07	1.75000000000000e-08	1.50000000000000e-09	5.00000000000000e-09	5.00000000000000e-09	3.00000000000000e-09
1.57500000000000e-07	1.75000000000000e-08	1.50000000000000e-09	5.00000000000000e-09	5.00000000000000e-09	3.00000000000000e-09
1.62500000000000e-07	1.75000000000000e-08	1.50000000000000e-09	5.00000000000000e-09	5.00000000000000e-09	3.00000000000000e-09
1.67500000000000e-07	1.75000000000000e-08	1.50000000000000e-09	5.00000000000000e-09	5.00000000000000e-09	3.00000000000000e-09
1.72500000000000e-07	1.75000000000000e-08	1.50000000000000e-09	5.00000000000000e-09	5.00000000000000e-09	3.00000000000000e-09
1.77500000000000e-07	1.75000000000000e-08	1.50000000000000e-09	5.00000000000000e-09	5.00000000000000e-09	3.00000000000000e-09
1.82500000000000e-07	1.75000000000000e-08	1.50000000000000e-09	5.00000000000000e-09	5.00000000000000e-09	3.00000000000000e-09
1.87500000000000e-07	1.75000000000000e-08	1.50000000000000e-09	5.00000000000000e-09	5.00000000000000e-09	3.00000000000000e-09
1.92500000000000e-07	1.75000000000000e-08	1.50000000000000e-09	5.00000000000000e-09	5.00000000000000e-09	3.00000000000000e-09
1.97500000000000e-07	1.75000000000000e-08	1.50000000000000e-09	5.00000000000000e-09	5.00000000000000e-09	3.00000000000000e-09
2.02500000000000e-07	1.75000000000000e-08	1.50000000000000e-09	5.00000000000000e-09	5.00000000000000e-09	3.00000000000000e-09
2.07500000000000e-07	1.75000000000000e-08	1.50000000000000e-09	5.00000000000000e-09	5.00000000000000e-09	3.00000000000000e-09
2.12500000000000e-07	1.75000000000000e-08	1.50000000000000e-09	5.00000000000000e-09	5.00000000000000e-09	3.00000000000000e-09
2.15625000000000e-07	1.56250000000000e-08	1.50000000000000e-09	1.25000000000000e-09	1.25000000000000e-09	3.00000000000000e-09
2.15625000000000e-07	1.68750000000000e-08	1.50000000000000e-09	1.25000000000000e-09	1.25000000000000e-09	3.00000000000000e-09
2.16875000000000e-07	1.56250000000000e-08	1.50000000000000e-09	1.25000000000000e-09	1.25000000000000e-09	3.00000000000000e-09
2.16875000000000e-07	1.68750000000000e-08	1.50000000000000e-09	1.25000000000000e-09	1.25000000000000e-09	3.00000000000000e-09
2.15625000000000e-07	1.81250000000000e-08	1.50000000000000e-09	1.25000000000000e-09	1.25000000000000e-09	3.00000000000000e-09
2.15625000000000e-07	1.93750000000000e-08	1.50000000000000e-09	1.25000000000000e-09	1.25000000000000e-09	3.00000000000000e-09
2.16875000000000e-07	1.81250000000000e-08	1.50000000000000e-09	1.25000000000000e-09	1.25000000000000e-09	3.00000000000000e-09
2.16875000000000e-07	1.93750000000000e-08	1.50000000000000e-09	1.25000000000000e-09	1.25000000000000e-09	3.00000000000000e-09
2.18125000000000e-07	1.56250000000000e-08	1.50000000000000e-09	1.25000000000000e-09	1.25000000000000e-09	3.00000000000000e-09
2.18125000000000e-07	1.68750000000000e-08	1.50000000000000e-09	1.25000000000000e-09	1.25000000000000e-09	3.00000000000000e-09
2.19375000000000e-07	1.56250000000000e-08	1.50000000000000e-09	1.25000000000000e-09	1.25000000000000e-09	3.00000000000000e-09
2.19375000000000e-07	1.68750000000000e-08	1.50000000000000e-09	1.25000000000000e-09	1.25000000000000e-09	3.00000000000000e-09
2.18125000000000e-07	1.81250000000000e-08	1.50000000000000e-09	1.25000000000000e-09	1.25000000000000e-09	3.00000000000000e-09
2.18125000000000e-07	1.93750000000000e-08	1.50000000000000e-09	1.25000000000000e-09	1.25000000000000e-09	3.00000000000000e-09
2.19375000000000e-07	1.81250000000000e-08	1.50000000000000e-09	1.25000000000000e-09	1.25000000000000e-09	3.00000000000000e-09
2.19375000000000e-07	1.93750000000000e-08	1.50000000000000e-09	1.25000000000000e-09	1.25000000000000e-09	3.00000000000000e-09
2.20625000000000e-07	1.56250000000000e-08	1.50000000000000e-09	1.25000000000000e-09	1.25000000000000e-09	3.00000000000000e-09
2.20625000000000e-07	1.68750000000000e-08	1.50000000000000e-09	1.25000000000000e-09	1.25000000000000e-09	3.00000000000000e-09
2.21875000000000e-07	1.56250000000000e-08	1.50000000000000e-09	1.25000000000000e-09	1.25000000000000e-09	3.00000000000000e-09
2.21875000000000e-07	1.68750000000000e-08	1.50000000000000e-09	1.25000000000000e-09	1.25000000000000e-09	3.00000000000000e-09
2.20625000000000e-07	1.81250000000000e-08	1.50000000000000e-09	1.25000000000000e-09	1.25000000000000e-09	3.00000000000000e-09
2.20625000000000e-07	1.93750000000000e-08	1.50000000000000e-09	1.25000000000000e-09	1.25000000000000e-09	3.00000000000000e-09
2.21875000000000e-07	1.81250000000000e-08	1.50000000000000e-09	1.25000000000000e-09	1.25000000000000e-09	3.00000000000000e-09
2.21875000000000e-07	1.93750000000000e-08	1.50000000000000e-09	1.25000000000000e-09	1.25000000000000e-09	3.00000000000000e-09
2.23125000000000e-07	1.56250000000000e-08	1.50000000000000e-09	1.25000000000000e-09	1.25000000000000e-09	3.00000000000000e-09
2.23125000000000e-07	1.68750000000000e-08	1.50000000000000e-09	1.25000000000000e-09	1.25000000000000e-09	3.00000000000000e-09
2.24375000000000e-07	1.56250000000000e-08	1.50000000000000e-09	1.25000000000000e-09	1.25000000000000e-09	3.00000000000000e-09
2.24375000000000e-07	1.68750000000000e-08	1.50000000000000e-09	1.25000000000000e-09	1.25000000000000e-09	3.00000000000000e-09
2.23125000000000e-07	1.81250000000000e-08	1.50000000000000e-09	1.25000000000000e-09	1.25000000000000e-09	3.00000000000000e-09
2.23125000000000e-07	1.93750000000000e-08	1.50000000000000e-09	1.25000000000000e-09	1.25000000000000e-09	3.00000000000000e-09
2.24375000000000e-07	1.81250000000000e-08	1.50000000000000e-09	1.25000000000000e-09	1.25000000000000e-09	3.00000000000000e-09
2.24375000000000e-07	1.93750000000000e-08	1.50000000000000e-09	1.25000000000000e-09	1.25000000000000e-09	3.00000000000000e-09
2.28750000000000e-07	1.62500000000000e-08	1.50000000000000e-09	2.50000000000000e-09	2.50000000000000e-09	3.00000000000000e-09
2.28750000000000e-07	1.87500000000000e-08	1.50000000000000e-09	2.50000000000000e-09	2.50000000000000e-09	3.00000000000000e-09
2.25625000000000e-07	1.56250000000000e-08	1.50000000000000e-09	1.25000000000000e-09	1.25000000000000e-09	3.00000000000000e-09
2.25625000000000e-07	1.68750000000000e-08	1.50000000000000e-09	1.25000000000000e-09	1.25000000000000e-09	3.00000000000000e-09
2.26875000000000e-07	1.56250000000000e-08	1.50000000000000e-09	1.25000000000000e-09	1.25000000000000e-09	3.00000000000000e-09
2.26875000000000e-07	1.68750000000000e-08	1.50000000000000e-09	1.25000000000000e-09	1.25000000000000e-09	3.00000000000000e-09
2.25625000000000e-07	1.81250000000000e-08	1.50000000000000e-09	1.25000000000000e-09	1.25000000000000e-09	3.00000000000000e-09
2.25625000000000e-07	1.93750000000000e-08	1.50000000000000e-09	1.25000000000000e-09	1.25000000000000e-09	3.00000000000000e-09
2.26875000000000e-07	1.81250000000000e-08	1.50000000000000e-09	1.25000000000000e-09	1.25000000000000e-09	3.00000000000000e-09
2.26875000000000e-07	1.93750000000000e-08	1.50000000000000e-09	1.25000000000000e-09	1.25000000000000e-09	3.00000000000000e-09
2.32500000000000e-07	1.75000000000000e-08	1.50000000000000e-09	5.00000000000000e-09	5.00000000000000e-09	3.00000000000000e-09
2.37500000000000e-07	1.75000000000000e-08	1.50000000000000e-09	5.00000000000000e-09	5.00000000000000e-09	3.00000000000000e-09
2.42500000000000e-07	1.75000000000000e-08	1.50000000000000e-09	5.00000000000000e-09	5.00000000000000e-09	3.00000000000000e-09
2.47500000000000e-07	1.75000000000000e-08	1.50000000000000e-09	5.00000000000000e-09	5.00000000000000e-09	3.00000000000000e-09
2.52500000000000e-07	1.75000000000000e-08	1.50000000000000e-09	5.00000000000000e-09	5.00000000000000e-09	3.00000000000000e-09
2.57500000000000e-07	1.75000000000000e-08	1.50000000000000e-09	5.00000000000000e-09	5.00000000000000e-09	3.00000000000000e-09
2.62500000000000e-07	1.75000000000000e-08	1.50000000000000e-09	5.00000000000000e-09	5.00000000000000e-09	3.00000000000000e-09
2.67500000000000e-07	1.75000000000000e-08	1.50000000000000e-09	5.00000000000000e-09	5.00000000000000e-09	3.00000000000000e-09
2.72500000000000e-07	1.75000000000000e-08	1.50000000000000e-09	5.00000000000000e-09	5.00000000000000e-09	3.00000000000000e-09
2.77500000000000e-07	1.75000000000000e-08	1.50000000000000e-09	5.00000000000000e-09	5.00000000000000e-09	3.00000000000000e-09
2.82500000000000e-07	1.75000000000000e-08	1.50000000000000e-09	5.00000000000000e-09	5.00000000000000e-09	3.00000000000000e-09
2.87500000000000e-07	1.75000000000000e-08	1.50000000000000e-09	5.00000000000000e-09	5.00000000000000e-09	3.00000000000000e-09
2.92500000000000e-07	1.75000000000000e-08	1.50000000000000e-09	5.00000000000000e-09	5.00000000000000e-09	3.00000000000000e-09
2.97500000000000e-07	1.75000000000000e-08	1.50000000000000e-09	5.00000000000000e-09	5.00000000000000e-09	3.00000000000000e-09
3.02500000000000e-07	1.75000000000000e-08	1.50000000000000e-09	5.00000000000000e-09	5.00000000000000e-09	3.00000000000000e-09
3.06250000000000e-07	1.62500000000000e-08	1.50000000000000e-09	2.50000000000000e-09	2.50000000000000e-09	3.00000000000000e-09
3.06250000000000e-07	1.87500000000000e-08	1.50000000000000e-09	2.50000000000000e-09	2.50000000000000e-09	3.00000000000000e-09
3.08125000000000e-07	1.56250000000000e-08	1.50000000000000e-09	1.25000000000000e-09	1.25000000000000e-09	3.00000000000000e-09
3.08125000000000e-07	1.68750000000000e-08	1.50000000000000e-09	1.25000000000000e-09	1.25000000000000e-09	3.00000000000000e-09
3.09375000000000e-07	1.56250000000000e-08	1.50000000000000e-09	1.25000000000000e-09	1.25000000000000e-09	3.00000000000000e-09
3.09375000000000e-07	1.68750000000000e-08	1.50000000000000e-09	1.25000000000000e-09	1.25000000000000e-09	3.00000000000000e-09
3.08125000000000e-07	1.81250000000000e-08	1.50000000000000e-09	1.25000000000000e-09	1.25000000000000e-09	3.00000000000000e-09
3.08125000000000e-07	1.93750000000000e-08	1.50000000000000e-09	1.25000000000000e-09	1.25000000000000e-09	3.00000000000000e-09
3.09375000000000e-07	1.81250000000000e-08	1.50000000000000e-09	1.25000000000000e-09	1.25000000000000e-09	3.00000000000000e-09
3.09375000000000e-07	1.93750000000000e-08	1.50000000000000e-09	1.25000000000000e-09	1.25000000000000e-09	3.00000000000000e-09
3.10625000000000e-07	1.56250000000000e-08	1.50000000000000e-09	1.25000000000000e-09	1.25000000000000e-09	3.00000000000000e-09
3.10625000000000e-07	1.68750000000000e-08	1.50000000000000e-09	1.25000000000000e-09	1.25000000000000e-09	3.00000000000000e-09
3.11875000000000e-07	1.56250000000000e-08	1.50000000000000e-09	1.25000000000000e-09	1.25000000000000e-09	3.00000000000000e-09
3.11875000000000e-07	1.68750000000000e-08	1.50000000000000e-09	1.25000000000000e-09	1.25000000000000e-09	3.00000000000000e-09
3.10625000000000e-07	1.81250000000000e-08	1.50000000000000e-09	1.25000000000000e-09	1.25000000000000e-09	3.00000000000000e-09
3.10625000000000e-07	1.93750000000000e-08	1.50000000000000e-09	1.25000000000000e-09	1.25000000000000e-09	3.00000000000000e-09
3.11875000000000e-07	1.81250000000000e-08	1.50000000000000e-09	1.25000000000000e-09	1.25000000000000e-09	3.00000000000000e-09
3.11875000000000e-07	1.93750000000000e-08	1.50000000000000e-09	1.25000000000000e-09	1.25000000000000e-09	3.00000000000000e-09
3.13125000000000e-07	1.56250000000000e-08	1.50000000000000e-09	1.25000000000000e-09	1.25000000000000e-09	3.00000000000000e-09
3.13125000000000e-07	1.68750000000000e-08	1.50000000000000e-09	1.25000000000000e-09	1.25000000000000e-09	3.00000000000000e-09
3.14375000000000e-07	1.56250000000000e-08	1.50000000000000e-09	1.25000000000000e-09	1.25000000000000e-09	3.00000000000000e-09
3.14375000000000e-07	1.68750000000000e-08	1.50000000000000e-09	1.25000000000000e-09	1.25000000000000e-09	3.00000000000000e-09
3.13125000000000e-07	1.81250000000000e-08	1.50000000000000e-09	1.25000000000000e-09	1.25000000000000e-09	3.00000000000000e-09
3.13125000000000e-07	1.93750000000000e-08	1.50000000000000e-09	1.25000000000000e-09	1.25000000000000e-09	3.00000000000000e-09
3.14375000000000e-07	1.81250000000000e-08	1.50000000000000e-09	1.25000000000000e-09	1.25000000000000e-09	3.00000000000000e-09
3.14375000000000e-07	1.93750000000000e-08	1.50000000000000e-09	1.25000000000000e-09	1.25000000000000e-09	3.00000000000000e-09
3.18750000000000e-07	1.62500000000000e-08	1.50000000000000e-09	2.50000000000000e-09	2.50000000000000e-09	3.00000000000000e-09
3.18750000000000e-07	1.87500000000000e-08	1.50000000000000e-09	2.50000000000000e-09	2.50000000000000e-09	3.00000000000000e-09
3.15625000000000e-07	1.56250000000000e-08	1.50000000000000e-09	1.25000000000000e-09	1.25000000000000e-09	3.00000000000000e-09
3.15625000000000e-07	1.68750000000000e-08	1.50000000000000e-09	1.25000000000000e-09	1.25000000000000e-09	3.00000000000000e-09
3.16875000000000e-07	1.56250000000000e-08	1.50000000000000e-09	1.25000000000000e-09	1.25000000000000e-09	3.00000000000000e-09
3.16875000000000e-07	1.68750000000000e-08	1.50000000000000e-09	1.25000000000000e-09	1.25000000000000e-09	3.00000000000000e-09
3.15625000000000e-07	1.81250000000000e-08	1.50000000000000e-09	1.25000000000000e-09	1.25000000000000e-09	3.00000000000000e-09
3.15625000000000e-07	1.93750000000000e-08	1.50000000000000e-09	1.25000000000000e-09	1.25000000000000e-09	3.00000000000000e-09
3.16875000000000e-07	1.81250000000000e-08	1.50000000000000e-09	1.25000000000000e-09	1.25000000000000e-09	3.00000000000000e-09
3.16875000000000e-07	1.93750000000000e-08	1.50000000000000e-09	1.25000000000000e-09	1.25000000000000e-09	3.00000000000000e-09
3.22500000000000e-07	1.75000000000000e-08	1.50000000000000e-09	5.00000000000000e-09	5.00000000000000e-09	3.00000000000000e-09
3.27500000000000e-07	1.75000000000000e-08	1.50000000000000e-09	5.00000000000000e-09	5.00000000000000e-09	3.00000000000000e-09
3.32500000000000e-07	1.75000000000000e-08	1.50000000000000e-09	5.00000000000000e-09	5.00000000000000e-09	3.00000000000000e-09
3.36250000000000e-07	1.62500000000000e-08	1.50000000000000e-09	2.50000000000000e-09	2.50000000000000e-09	3.00000000000000e-09
3.36250000000000e-07	1.87500000000000e-08	1.50000000000000e-09	2.50000000000000e-09	2.50000000000000e-09	3.00000000000000e-09
3.38750000000000e-07	1.87500000000000e-08	1.50000000000000e-09	2.50000000000000e-09	2.50000000000000e-09	3.00000000000000e-09
3.38125000000000e-07	1.56250000000000e-08	1.50000000000000e-09	1.25000000000000e-09	1.25000000000000e-09	3.00000000000000e-09
3.38125000000000e-07	1.68750000000000e-08	1.50000000000000e-09	1.25000000000000e-09	1.25000000000000e-09	3.00000000000000e-09
3.39375000000000e-07	1.56250000000000e-08	1.50000000000000e-09	1.25000000000000e-09	1.25000000000000e-09	3.00000000000000e-09
3.39375000000000e-07	1.68750000000000e-08	1.50000000000000e-09	1.25000000000000e-09	1.25000000000000e-09	3.00000000000000e-09
3.40625000000000e-07	1.56250000000000e-08	1.50000000000000e-09	1.25000000000000e-09	1.25000000000000e-09	3.00000000000000e-09
3.40625000000000e-07	1.68750000000000e-08	1.50000000000000e-09	1.25000000000000e-09	1.25000000000000e-09	3.00000000000000e-09
3.41875000000000e-07	1.56250000000000e-08	1.50000000000000e-09	1.25000000000000e-09	1.25000000000000e-09	3.00000000000000e-09
3.41875000000000e-07	1.68750000000000e-08	1.50000000000000e-09	1.25000000000000e-09	1.25000000000000e-09	3.00000000000000e-09
3.40625000000000e-07	1.81250000000000e-08	1.50000000000000e-09	1.25000000000000e-09	1.25000000000000e-09	3.00000000000000e-09
3.40625000000000e-07	1.93750000000000e-08	1.50000000000000e-09	1.25000000000000e-09	1.25000000000000e-09	3.00000000000000e-09
3.41875000000000e-07	1.81250000000000e-08	1.50000000000000e-09	1.25000000000000e-09	1.25000000000000e-09	3.00000000000000e-09
3.41875000000000e-07	1.93750000000000e-08	1.50000000000000e-09	1.25000000000000e-09	1.25000000000000e-09	3.00000000000000e-09
3.43125000000000e-07	1.56250000000000e-08	1.50000000000000e-09	1.25000000000000e-09	1.25000000000000e-09	3.00000000000000e-09
3.43125000000000e-07	1.68750000000000e-08	1.50000000000000e-09	1.25000000000000e-09	1.25000000000000e-09	3.00000000000000e-09
3.44375000000000e-07	1.56250000000000e-08	1.50000000000000e-09	1.25000000000000e-09	1.25000000000000e-09	3.00000000000000e-09
3.44375000000000e-07	1.68750000000000e-08	1.50000000000000e-09	1.25000000000000e-09	1.25000000000000e-09	3.00000000000000e-09
3.43125000000000e-07	1.81250000000000e-08	1.50000000000000e-09	1.25000000000000e-09	1.25000000000000e-09	3.00000000000000e-09
3.43125000000000e-07	1.93750000000000e-08	1.50000000000000e-09	1.25000000000000e-09	1.25000000000000e-09	3.00000000000000e-09
3.44375000000000e-07	1.81250000000000e-08	1.50000000000000e-09	1.25000000000000e-09	1.25000000000000e-09	3.00000000000000e-09
3.44375000000000e-07	1.93750000000000e-08	1.50000000000000e-09	1.25000000000000e-09	1.25000000000000e-09	3.00000000000000e-09
3.45625000000000e-07	1.56250000000000e-08	1.50000000000000e-09	1.25000000000000e-09	1.25000000000000e-09	3.00000000000000e-09
3.45625000000000e-07	1.68750000000000e-08	1.50000000000000e-09	1.25000000000000e-09	1.25000000000000e-09	3.00000000000000e-09
3.46875000000000e-07	1.56250000000000e-08	1.50000000000000e-09	1.25000000000000e-09	1.25000000000000e-09	3.00000000000000e-09
3.46875000000000e-07	1.68750000000000e-08	1.50000000000000e-09	1.25000000000000e-09	1.25000000000000e-09	3.00000000000000e-09
3.45625000000000e-07	1.81250000000000e-08	1.50000000000000e-09	1.25000000000000e-09	1.25000000000000e-09	3.00000000000000e-09
3.45625000000000e-07	1.93750000000000e-08	1.50000000000000e-09	1.25000000000000e-09	1.25000000000000e-09	3.00000000000000e-09
3.46875000000000e-07	1.81250000000000e-08	1.50000000000000e-09	1.25000000000000e-09	1.25000000000000e-09	3.00000000000000e-09
3.46875000000000e-07	1.93750000000000e-08	1.50000000000000e-09	1.25000000000000e-09	1.25000000000000e-09	3.00000000000000e-09
3.48125000000000e-07	1.56250000000000e-08	1.50000000000000e-09	1.25000000000000e-09	1.25000000000000e-09	3.00000000000000e-09
3.48125000000000e-07	1.68750000000000e-08	1.50000000000000e-09	1.25000000000000e-09	1.25000000000000e-09	3.00000000000000e-09
3.49375000000000e-07	1.56250000000000e-08	1.50000000000000e-09	1.25000000000000e-09	1.25000000000000e-09	3.00000000000000e-09
3.49375000000000e-07	1.68750000000000e-08	1.50000000000000e-09	1.25000000000000e-09	1.25000000000000e-09	3.00000000000000e-09
3.48125000000000e-07	1.81250000000000e-08	1.50000000000000e-09	1.25000000000000e-09	1.25000000000000e-09	3.00000000000000e-09
3.48125000000000e-07	1.93750000000000e-08	1.50000000000000e-09	1.25000000000000e-09	1.25000000000000e-09	3.00000000000000e-09
3.49375000000000e-07	1.81250000000000e-08	1.50000000000000e-09	1.25000000000000e-09	1.25000000000000e-09	3.00000000000000e-09
3.49375000000000e-07	1.93750000000000e-08	1.50000000000000e-09	1.25000000000000e-09	1.25000000000000e-09	3.00000000000000e-09
3.53750000000000e-07	1.62500000000000e-08	1.50000000000000e-09	2.50000000000000e-09	2.50000000000000e-09	3.00000000000000e-09
3.50625000000000e-07	1.56250000000000e-08	1.50000000000000e-09	1.25000000000000e-09	1.25000000000000e-09	3.00000000000000e-09
3.50625000000000e-07	1.68750000000000e-08	1.50000000000000e-09	1.25000000000000e-09	1.25000000000000e-09	3.00000000000000e-09
3.51875000000000e-07	1.56250000000000e-08	1.50000000000000e-09	1.25000000000000e-09	1.25000000000000e-09	3.00000000000000e-09
3.51875000000000e-07	1.68750000000000e-08	1.50000000000000e-09	1.25000000000000e-09	1.25000000000000e-09	3.00000000000000e-09
3.50625000000000e-07	1.81250000000000e-08	1.50000000000000e-09	1.25000000000000e-09	1.25000000000000e-09	3.00000000000000e-09
3.50625000000000e-07	1.93750000000000e-08	1.50000000000000e-09	1.25000000000000e-09	1.25000000000000e-09	3.00000000000000e-09
3.51875000000000e-07	1.81250000000000e-08	1.50000000000000e-09	1.25000000000000e-09	1.25000000000000e-09	3.00000000000000e-09
3.51875000000000e-07	1.93750000000000e-08	1.50000000000000e-09	1.25000000000000e-09	1.25000000000000e-09	3.00000000000000e-09
3.53125000000000e-07	1.81250000000000e-08	1.50000000000000e-09	1.25000000000000e-09	1.25000000000000e-09	3.00000000000000e-09
3.53125000000000e-07	1.93750000000000e-08	1.50000000000000e-09	1.25000000000000e-09	1.25000000000000e-09	3.00000000000000e-09
3.54375000000000e-07	1.81250000000000e-08	1.50000000000000e-09	1.25000000000000e-09	1.25000000000000e-09	3.00000000000000e-09
3.54375000000000e-07	1.93750000000000e-08	1.50000000000000e-09	1.25000000000000e-09	1.25000000000000e-09	3.00000000000000e-09
3.57500000000000e-07	1.75000000000000e-08	1.50000000000000e-09	5.00000000000000e-09	5.00000000000000e-09	3.00000000000000e-09
3.62500000000000e-07	1.75000000000000e-08	1.50000000000000e-09	5.00000000000000e-09	5.00000000000000e-09	3.00000000000000e-09
3.67500000000000e-07	1.75000000000000e-08	1.50000000000000e-09	5.00000000000000e-09	5.00000000000000e-09	3.00000000000000e-09
3.72500000000000e-07	1.75000000000000e-08	1.50000000000000e-09	5.00000000000000e-09	5.00000000000000e-09	3.00000000000000e-09
3.77500000000000e-07	1.75000000000000e-08	1.50000000000000e-09	5.00000000000000e-09	5.00000000000000e-09	3.00000000000000e-09
3.82500000000000e-07	1.75000000000000e-08	1.50000000000000e-09	5.00000000000000e-09	5.00000000000000e-09	3.00000000000000e-09
3.87500000000000e-07	1.75000000000000e-08	1.50000000000000e-09	5.00000000000000e-09	5.00000000000000e-09	3.00000000000000e-09
3.92500000000000e-07	1.75000000000000e-08	1.50000000000000e-09	5.00000000000000e-09	5.00000000000000e-09	3.00000000000000e-09
3.97500000000000e-07	1.75000000000000e-08	1.50000000000000e-09	5.00000000000000e-09	5.00000000000000e-09	3.00000000000000e-09
4.02500000000000e-07	1.75000000000000e-08	1.50000000000000e-09	5.00000000000000e-09	5.00000000000000e-09	3.00000000000000e-09
4.07500000000000e-07	1.75000000000000e-08	1.50000000000000e-09	5.00000000000000e-09	5.00000000000000e-09	3.00000000000000e-09
4.12500000000000e-07	1.75000000000000e-08	1.50000000000000e-09	5.00000000000000e-09	5.00000000000000e-09	3.00000000000000e-09
4.17500000000000e-07	1.75000000000000e-08	1.50000000000000e-09	5.00000000000000e-09	5.00000000000000e-09	3.00000000000000e-09
4.22500000000000e-07	1.75000000000000e-08	1.50000000000000e-09	5.00000000000000e-09	5.00000000000000e-09	3.00000000000000e-09
4.27500000000000e-07	1.75000000000000e-08	1.50000000000000e-09	5.00000000000000e-09	5.00000000000000e-09	3.00000000000000e-09
4.32500000000000e-07	1.75000000000000e-08	1.50000000000000e-09	5.00000000000000e-09	5.00000000000000e-09	3.00000000000000e-09
4.37500000000000e-07	1.75000000000000e-08	1.50000000000000e-09	5.00000000000000e-09	5.00000000000000e-09	3.00000000000000e-09
4.42500000000000e-07	1.75000000000000e-08	1.50000000000000e-09	5.00000000000000e-09	5.00000000000000e-09	3.00000000000000e-09
4.47500000000000e-07	1.75000000000000e-08	1.50000000000000e-09	5.00000000000000e-09	5.00000000000000e-09	3.00000000000000e-09
4.51250000000000e-07	1.62500000000000e-08	1.50000000000000e-09	2.50000000000000e-09	2.50000000000000e-09	3.00000000000000e-09
4.50625000000000e-07	1.81250000000000e-08	1.50000000000000e-09	1.25000000000000e-09	1.25000000000000e-09	3.00000000000000e-09
4.50625000000000e-07	1.93750000000000e-08	1.50000000000000e-09	1.25000000000000e-09	1.25000000000000e-09	3.00000000000000e-09
4.51875000000000e-07	1.81250000000000e-08	1.50000000000000e-09	1.25000000000000e-09	1.25000000000000e-09	3.00000000000000e-09
4.51875000000000e-07	1.93750000000000e-08	1.50000000000000e-09	1.25000000000000e-09	1.25000000000000e-09	3.00000000000000e-09
4.53125000000000e-07	1.56250000000000e-08	1.50000000000000e-09	1.25000000000000e-09	1.25000000000000e-09	3.00000000000000e-09
4.53125000000000e-07	1.68750000000000e-08	1.50000000000000e-09	1.25000000000000e-09	1.25000000000000e-09	3.00000000000000e-09
4.54375000000000e-07	1.56250000000000e-08	1.50000000000000e-09	1.25000000000000e-09	1.25000000000000e-09	3.00000000000000e-09
4.54375000000000e-07	1.68750000000000e-08	1.50000000000000e-09	1.25000000000000e-09	1.25000000000000e-09	3.00000000000000e-09
4.53125000000000e-07	1.81250000000000e-08	1.50000000000000e-09	1.25000000000000e-09	1.25000000000000e-09	3.00000000000000e-09
4.53125000000000e-07	1.93750000000000e-08	1.50000000000000e-09	1.25000000000000e-09	1.25000000000000e-09	3.00000000000000e-09
4.54375000000000e-07	1.81250000000000e-08	1.50000000000000e-09	1.25000000000000e-09	1.25000000000000e-09	3.00000000000000e-09
4.54375000000000e-07	1.93750000000000e-08	1.50000000000000e-09	1.25000000000000e-09	1.25000000000000e-09	3.00000000000000e-09
4.55625000000000e-07	1.56250000000000e-08	1.50000000000000e-09	1.25000000000000e-09	1.25000000000000e-09	3.00000000000000e-09
4.55625000000000e-07	1.68750000000000e-08	1.50000000000000e-09	1.25000000000000e-09	1.25000000000000e-09	3.00000000000000e-09
4.56875000000000e-07	1.56250000000000e-08	1.50000000000000e-09	1.25000000000000e-09	1.25000000000000e-09	3.00000000000000e-09
4.56875000000000e-07	1.68750000000000e-08	1.50000000000000e-09	1.25000000000000e-09	1.25000000000000e-09	3.00000000000000e-09
4.55625000000000e-07	1.81250000000000e-08	1.50000000000000e-09	1.25000000000000e-09	1.25000000000000e-09	3.00000000000000e-09
4.55625000000000e-07	1.93750000000000e-08	1.50000000000000e-09	1.25000000000000e-09	1.25000000000000e-09	3.00000000000000e-09
4.56875000000000e-07	1.81250000000000e-08	1.50000000000000e-09	1.25000000000000e-09	1.25000000000000e-09	3.00000000000000e-09
4.56875000000000e-07	1.93750000000000e-08	1.50000000000000e-09	1.25000000000000e-09	1.25000000000000e-09	3.00000000000000e-09
4.58125000000000e-07	1.56250000000000e-08	1.50000000000000e-09	1.25000000000000e-09	1.25000000000000e-09	3.00000000000000e-09
4.58125000000000e-07	1.68750000000000e-08	1.50000000000000e-09	1.25000000000000e-09	1.25000000000000e-09	3.00000000000000e-09
4.59375000000000e-07	1.56250000000000e-08	1.50000000000000e-09	1.25000000000000e-09	1.25000000000000e-09	3.00000000000000e-09
4.59375000000000e-07	1.68750000000000e-08	1.50000000000000e-09	1.25000000000000e-09	1.25000000000000e-09	3.00000000000000e-09
4.58125000000000e-07	1.81250000000000e-08	1.50000000000000e-09	1.25000000000000e-09	1.25000000000000e-09	3.00000000000000e-09
4.58125000000000e-07	1.93750000000000e-08	1.50000000000000e-09	1.25000000000000e-09	1.25000000000000e-09	3.00000000000000e-09
4.59375000000000e-07	1.81250000000000e-08	1.50000000000000e-09	1.25000000000000e-09	1.25000000000000e-09	3.00000000000000e-09
4.59375000000000e-07	1.93750000000000e-08	1.50000000000000e-09	1.25000000000000e-09	1.25000000000000e-09	3.00000000000000e-09
4.60625000000000e-07	1.56250000000000e-08	1.50000000000000e-09	1.25000000000000e-09	1.25000000000000e-09	3.00000000000000e-09
4.60625000000000e-07	1.68750000000000e-08	1.50000000000000e-09	1.25000000000000e-09	1.25000000000000e-09	3.00000000000000e-09
4.61875000000000e-07	1.56250000000000e-08	1.50000000000000e-09	1.25000000000000e-09	1.25000000000000e-09	3.00000000000000e-09
4.61875000000000e-07	1.68750000000000e-08	1.50000000000000e-09	1.25000000000000e-09	1.25000000000000e-09	3.00000000000000e-09
4.60625000000000e-07	1.81250000000000e-08	1.50000000000000e-09	1.25000000000000e-09	1.25000000000000e-09	3.00000000000000e-09
4.60625000000000e-07	1.93750000000000e-08	1.50000000000000e-09	1.25000000000000e-09	1.25000000000000e-09	3.00000000000000e-09
4.61875000000000e-07	1.81250000000000e-08	1.50000000000000e-09	1.25000000000000e-09	1.25000000000000e-09	3.00000000000000e-09
4.61875000000000e-07	1.93750000000000e-08	1.50000000000000e-09	1.25000000000000e-09	1.25000000000000e-09	3.00000000000000e-09
4.63125000000000e-07	1.56250000000000e-08	1.50000000000000e-09	1.25000000000000e-09	1.25000000000000e-09	3.00000000000000e-09
4.63125000000000e-07	1.68750000000000e-08	1.50000000000000e-09	1.25000000000000e-09	1.25000000000000e-09	3.00000000000000e-09
4.64375000000000e-07	1.56250000000000e-08	1.50000000000000e-09	1.25000000000000e-09	1.25000000000000e-09	3.00000000000000e-09
4.64375000000000e-07	1.68750000000000e-08	1.50000000000000e-09	1.25000000000000e-09	1.25000000000000e-09	3.00000000000000e-09
4.63125000000000e-07	1.81250000000000e-08	1.50000000000000e-09	1.25000000000000e-09	1.25000000000000e-09	3.00000000000000e-09
4.63125000000000e-07	1.93750000000000e-08	1.50000000000000e-09	1.25000000000000e-09	1.25000000000000e-09	3.00000000000000e-09
4.64375000000000e-07	1.81250000000000e-08	1.50000000000000e-09	1.25000000000000e-09	1.25000000000000e-09	3.00000000000000e-09
4.64375000000000e-07	1.93750000000000e-08	1.50000000000000e-09	1.25000000000000e-09	1.25000000000000e-09	3.00000000000000e-09
4.66250000000000e-07	1.87500000000000e-08	1.50000000000000e-09	2.50000000000000e-09	2.50000000000000e-09	3.00000000000000e-09
4.68750000000000e-07	1.62500000000000e-08	1.50000000000000e-09	2.50000000000000e-09	2.50000000000000e-09	3.00000000000000e-09
4.68750000000000e-07	1.87500000000000e-08	1.50000000000000e-09	2.50000000000000e-09	2.50000000000000e-09	3.00000000000000e-09
4.65625000000000e-07	1.56250000000000e-08	1.50000000000000e-09	1.25000000000000e-09	1.25000000000000e-09	3.00000000000000e-09
4.65625000000000e-07	1.68750000000000e-08	1.50000000000000e-09	1.25000000000000e-09	1.25000000000000e-09	3.00000000000000e-09
4.66875000000000e-07	1.56250000000000e-08	1.50000000000000e-09	1.25000000000000e-09	1.25000000000000e-09	3.00000000000000e-09
4.66875000000000e-07	1.68750000000000e-08	1.50000000000000e-09	1.25000000000000e-09	1.25000000000000e-09	3.00000000000000e-09
4.72500000000000e-07	1.75000000000000e-08	1.50000000000000e-09	5.00000000000000e-09	5.00000000000000e-09	3.00000000000000e-09
4.77500000000000e-07	1.75000000000000e-08	1.50000000000000e-09	5.00000000000000e-09	5.00000000000000e-09	3.00000000000000e-09
4.82500000000000e-07	1.75000000000000e-08	1.50000000000000e-09	5.00000000000000e-09	5.00000000000000e-09	3.00000000000000e-09
4.87500000000000e-07	1.75000000000000e-08	1.50000000000000e-09	5.00000000000000e-09	5.00000000000000e-09	3.00000000000000e-09
4.92500000000000e-07	1.75000000000000e-08	1.50000000000000e-09	5.00000000000000e-09	5.00000000000000e-09	3.00000000000000e-09
4.97500000000000e-07	1.75000000000000e-08	1.50000000000000e-09	5.00000000000000e-09	5.00000000000000e-09	3.00000000000000e-09
2.50000000000000e-09	2.25000000000000e-08	1.50000000000000e-09	5.00000000000000e-09	5.00000000000000e-09	3.00000000000000e-09
7.50000000000000e-09	2.25000000000000e-08	1.50000000000000e-09	5.00000000000000e-09	5.00000000000000e-09	3.00000000000000e-09
1.25000000000000e-08	2.25000000000000e-08	1.50000000000000e-09	5.00000000000000e-09	5.00000000000000e-09	3.00000000000000e-09
1.75000000000000e-08	2.25000000000000e-08	1.50000000000000e-09	5.00000000000000e-09	5.00000000000000e-09	3.00000000000000e-09
2.25000000000000e-08	2.25000000000000e-08	1.50000000000000e-09	5.00000000000000e-09	5.00000000000000e-09	3.00000000000000e-09
2.75000000000000e-08	2.25000000000000e-08	1.50000000000000e-09	5.00000000000000e-09	5.00000000000000e-09	3.00000000000000e-09
3.25000000000000e-08	2.25000000000000e-08	1.50000000000000e-09	5.00000000000000e-09	5.00000000000000e-09	3.00000000000000e-09
3.75000000000000e-08	2.25000000000000e-08	1.50000000000000e-09	5.00000000000000e-09	5.00000000000000e-09	3.00000000000000e-09
4.25000000000000e-08	2.25000000000000e-08	1.50000000000000e-09	5.00000000000000e-09	5.00000000000000e-09	3.00000000000000e-09
4.75000000000000e-08	2.25000000000000e-08	1.50000000000000e-09	5.00000000000000e-09	5.00000000000000e-09	3.00000000000000e-09
5.25000000000000e-08	2.25000000000000e-08	1.50000000000000e-09	5.00000000000000e-09	5.00000000000000e-09	3.00000000000000e-09
5.75000000000000e-08	2.25000000000000e-08	1.50000000000000e-09	5.00000000000000e-09	5.00000000000000e-09	3.00000000000000e-09
6.25000000000000e-08	2.25000000000000e-08	1.50000000000000e-09	5.00000000000000e-09	5.00000000000000e-09	3.00000000000000e-09
6.75000000000000e-08	2.25000000000000e-08	1.50000000000000e-09	5.00000000000000e-09	5.00000000000000e-09	3.00000000000000e-09
7.25000000000000e-08	2.25000000000000e-08	1.50000000000000e-09	5.00000000000000e-09	5.00000000000000e-09	3.00000000000000e-09
7.75000000000000e-08	2.25000000000000e-08	1.50000000000000e-09	5.00000000000000e-09	5.00000000000000e-09	3.00000000000000e-09
8.25000000000000e-08	2.25000000000000e-08	1.50000000000000e-09	5.00000000000000e-09	5.00000000000000e-09	3.00000000000000e-09
8.75000000000000e-08	2.25000000000000e-08	1.50000000000000e-09	5.00000000000000e-09	5.00000000000000e-09	3.00000000000000e-09
9.25000000000000e-08	2.25000000000000e-08	1.50000000000000e-09	5.00000000000000e-09	5.00000000000000e-09	3.00000000000000e-09
9.75000000000000e-08	2.25000000000000e-08	1.50000000000000e-09	5.00000000000000e-09	5.00000000000000e-09	3.00000000000000e-09
1.02500000000000e-07	2.25000000000000e-08	1.50000000000000e-09	5.00000000000000e-09	5.00000000000000e-09	3.00000000000000e-09
1.06250000000000e-07	2.12500000000000e-08	1.50000000000000e-09	2.50000000000000e-09	2.50000000000000e-09	3.00000000000000e-09
1.06250000000000e-07	2.37500000000000e-08	1.50000000000000e-09	2.50000000000000e-09	2.50000000000000e-09	3.00000000000000e-09
1.08125000000000e-07	2.06250000000000e-08	1.50000000000000e-09	1.25000000000000e-09	1.25000000000000e-09	3.00000000000000e-09
1.08125000000000e-07	2.18750000000000e-08	1.50000000000000e-09	1.25000000000000e-09	1.25000000000000e-09	3.00000000000000e-09
1.09375000000000e-07	2.06250000000000e-08	1.50000000000000e-09	1.25000000000000e-09	1.25000000000000e-09	3.00000000000000e-09
1.09375000000000e-07	2.18750000000000e-08	1.50000000000000e-09	1.25000000000000e-09	1.25000000000000e-09	3.00000000000000e-09
1.08125000000000e-07	2.31250000000000e-08	1.50000000000000e-09	1.25000000000000e-09	1.25000000000000e-09	3.00000000000000e-09
1.08125000000000e-07	2.43750000000000e-08	1.50000000000000e-09	1.25000000000000e-09	1.25000000000000e-09	3.00000000000000e-09
1.09375000000000e-07	2.31250000000000e-08	1.50000000000000e-09	1.25000000000000e-09	1.25000000000000e-09	3.00000000000000e-09
1.09375000000000e-07	2.43750000000000e-08	1.50000000000000e-09	1.25000000000000e-09	1.25000000000000e-09	3.00000000000000e-09
1.10625000000000e-07	2.06250000000000e-08	1.50000000000000e-09	1.25000000000000e-09	1.25000000000000e-09	3.00000000000000e-09
1.10625000000000e-07	2.18750000000000e-08	1.50000000000000e-09	1.25000000000000e-09	1.25000000000000e-09	3.00000000000000e-09
1.11875000000000e-07	2.06250000000000e-08	1.50000000000000e-09	1.25000000000000e-09	1.25000000000000e-09	3.00000000000000e-09
1.11875000000000e-07	2.18750000000000e-08	1.50000000000000e-09	1.25000000000000e-09	1.25000000000000e-09	3.00000000000000e-09
1.10625000000000e-07	2.31250000000000e-08	1.50000000000000e-09	1.25000000000000e-09	1.25000000000000e-09	3.00000000000000e-09
1.10625000000000e-07	2.43750000000000e-08	1.50000000000000e-09	1.25000000000000e-09	1.25000000000000e-09	3.00000000000000e-09
1.11875000000000e-07	2.31250000000000e-08	1.50000000000000e-09	1.25000000000000e-09	1.25000000000000e-09	3.00000000000000e-09
1.11875000000000e-07	2.43750000000000e-08	1.50000000000000e-09	1.25000000000000e-09	1.25000000000000e-09	3.00000000000000e-09
1.13125000000000e-07	2.06250000000000e-08	1.50000000000000e-09	1.25000000000000e-09	1.25000000000000e-09	3.00000000000000e-09
1.13125000000000e-07	2.18750000000000e-08	1.50000000000000e-09	1.25000000000000e-09	1.25000000000000e-09	3.00000000000000e-09
1.14375000000000e-07	2.06250000000000e-08	1.50000000000000e-09	1.25000000000000e-09	1.25000000000000e-09	3.00000000000000e-09
1.14375000000000e-07	2.18750000000000e-08	1.50000000000000e-09	1.25000000000000e-09	1.25000000000000e-09	3.00000000000000e-09
1.13125000000000e-07	2.31250000000000e-08	1.50000000000000e-09	1.25000000000000e-09	1.25000000000000e-09	3.00000000000000e-09
1.13125000000000e-07	2.43750000000000e-08	1.50000000000000e-09	1.25000000000000e-09	1.25000000000000e-09	3.00000000000000e-09
1.14375000000000e-07	2.31250000000000e-08	1.50000000000000e-09	1.25000000000000e-09	1.25000000000000e-09	3.00000000000000e-09
1.14375000000000e-07	2.43750000000000e-08	1.50000000000000e-09	1.25000000000000e-09	1.25000000000000e-09	3.00000000000000e-09
1.15625000000000e-07	2.06250000000000e-08	1.50000000000000e-09	1.25000000000000e-09	1.25000000000000e-09	3.00000000000000e-09
1.15625000000000e-07	2.18750000000000e-08	1.50000000000000e-09	1.25000000000000e-09	1.25000000000000e-09	3.00000000000000e-09
1.16875000000000e-07	2.06250000000000e-08	1.50000000000000e-09	1.25000000000000e-09	1.25000000000000e-09	3.00000000000000e-09
1.16875000000000e-07	2.18750000000000e-08	1.50000000000000e-09	1.25000000000000e-09	1.25000000000000e-09	3.00000000000000e-09
1.15625000000000e-07	2.31250000000000e-08	1.50000000000000e-09	1.25000000000000e-09	1.25000000000000e-09	3.00000000000000e-09
1.15625000000000e-07	2.43750000000000e-08	1.50000000000000e-09	1.25000000000000e-09	1.25000000000000e-09	3.00000000000000e-09
1.16875000000000e-07	2.31250000000000e-08	1.50000000000000e-09	1.25000000000000e-09	1.25000000000000e-09	3.00000000000000e-09
1.16875000000000e-07	2.43750000000000e-08	1.50000000000000e-09	1.25000000000000e-09	1.25000000000000e-09	3.00000000000000e-09
1.18125000000000e-07	2.06250000000000e-08	1.50000000000000e-09	1.25000000000000e-09	1.25000000000000e-09	3.00000000000000e-09
1.18125000000000e-07	2.18750000000000e-08	1.50000000000000e-09	1.25000000000000e-09	1.25000000000000e-09	3.00000000000000e-09
1.19375000000000e-07	2.06250000000000e-08	1.50000000000000e-09	1.25000000000000e-09	1.25000000000000e-09	3.00000000000000e-09
1.19375000000000e-07	2.18750000000000e-08	1.50000000000000e-09	1.25000000000000e-09	1.25000000000000e-09	3.00000000000000e-09
1.18125000000000e-07	2.31250000000000e-08	1.50000000000000e-09	1.25000000000000e-09	1.25000000000000e-09	3.00000000000000e-09
1.18125000000000e-07	2.43750000000000e-08	1.50000000000000e-09	1.25000000000000e-09	1.25000000000000e-09	3.00000000000000e-09
1.19375000000000e-07	2.31250000000000e-08	1.50000000000000e-09	1.25000000000000e-09	1.25000000000000e-09	3.00000000000000e-09
1.19375000000000e-07	2.43750000000000e-08	1.50000000000000e-09	1.25000000000000e-09	1.25000000000000e-09	3.00000000000000e-09
1.22500000000000e-07	2.25000000000000e-08	1.50000000000000e-09	5.00000000000000e-09	5.00000000000000e-09	3.00000000000000e-09
1.27500000000000e-07	2.25000000000000e-08	1.50000000000000e-09	5.00000000000000e-09	5.00000000000000e-09	3.00000000000000e-09
1.32500000000000e-07	2.25000000000000e-08	1.50000000000000e-09	5.00000000000000e-09	5.00000000000000e-09	3.00000000000000e-09
1.37500000000000e-07	2.25000000000000e-08	1.50000000000000e-09	5.00000000000000e-09	5.00000000000000e-09	3.00000000000000e-09
1.42500000000000e-07	2.25000000000000e-08	1.50000000000000e-09	5.00000000000000e-09	5.00000000000000e-09	3.00000000000000e-09
1.47500000000000e-07	2.25000000000000e-08	1.50000000000000e-09	5.00000000000000e-09	5.00000000000000e-09	3.00000000000000e-09
1.52500000000000e-07	2.25000000000000e-08	1.50000000000000e-09	5.00000000000000e-09	5.00000000000000e-09	3.00000000000000e-09
1.57500000000000e-07	2.25000000000000e-08	1.50000000000000e-09	5.00000000000000e-09	5.00000000000000e-09	3.00000000000000e-09
1.62500000000000e-07	2.25000000000000e-08	1.50000000000000e-09	5.00000000000000e-09	5.00000000000000e-09	3.00000000000000e-09
1.67500000000000e-07	2.25000000000000e-08	1.50000000000000e-09	5.00000000000000e-09	5.00000000000000e-09	3.00000000000000e-09
1.72500000000000e-07	2.25000000000000e-08	1.50000000000000e-09	5.00000000000000e-09	5.00000000000000e-09	3.00000000000000e-09
1.77500000000000e-07	2.25000000000000e-08	1.50000000000000e-09	5.00000000000000e-09	5.00000000000000e-09	3.00000000000000e-09
1.82500000000000e-07	2.25000000000000e-08	1.50000000000000e-09	5.00000000000000e-09	5.00000000000000e-09	3.00000000000000e-09
1.87500000000000e-07	2.25000000000000e-08	1.50000000000000e-09	5.00000000000000e-09	5.00000000000000e-09	3.00000000000000e-09
1.92500000000000e-07	2.25000000000000e-08	1.50000000000000e-09	5.00000000000000e-09	5.00000000000000e-09	3.00000000000000e-09
1.97500000000000e-07	2.25000000000000e-08	1.50000000000000e-09	5.00000000000000e-09	5.00000000000000e-09	3.00000000000000e-09
2.02500000000000e-07	2.25000000000000e-08	1.50000000000000e-09	5.00000000000000e-09	5.00000000000000e-09	3.00000000000000e-09
2.07500000000000e-07	2.25000000000000e-08	1.50000000000000e-09	5.00000000000000e-09	5.00000000000000e-09	3.00000000000000e-09
2.12500000000000e-07	2.25000000000000e-08	1.50000000000000e-09	5.00000000000000e-09	5.00000000000000e-09	3.00000000000000e-09
2.15625000000000e-07	2.06250000000000e-08	1.50000000000000e-09	1.25000000000000e-09	1.25000000000000e-09	3.00000000000000e-09
2.15625000000000e-07	2.18750000000000e-08	1.50000000000000e-09	1.25000000000000e-09	1.25000000000000e-09	3.00000000000000e-09
2.16875000000000e-07	2.06250000000000e-08	1.50000000000000e-09	1.25000000000000e-09	1.25000000000000e-09	3.00000000000000e-09
2.16875000000000e-07	2.18750000000000e-08	1.50000000000000e-09	1.25000000000000e-09	1.25000000000000e-09	3.00000000000000e-09
2.15625000000000e-07	2.31250000000000e-08	1.50000000000000e-09	1.25000000000000e-09	1.25000000000000e-09	3.00000000000000e-09
2.15625000000000e-07	2.43750000000000e-08	1.50000000000000e-09	1.25000000000000e-09	1.25000000000000e-09	3.00000000000000e-09
2.16875000000000e-07	2.31250000000000e-08	1.50000000000000e-09	1.25000000000000e-09	1.25000000000000e-09	3.00000000000000e-09
2.16875000000000e-07	2.43750000000000e-08	1.50000000000000e-09	1.25000000000000e-09	1.25000000000000e-09	3.00000000000000e-09
2.18125000000000e-07	2.06250000000000e-08	1.50000000000000e-09	1.25000000000000e-09	1.25000000000000e-09	3.00000000000000e-09
2.18125000000000e-07	2.18750000000000e-08	1.50000000000000e-09	1.25000000000000e-09	1.25000000000000e-09	3.00000000000000e-09
2.19375000000000e-07	2.06250000000000e-08	1.50000000000000e-09	1.25000000000000e-09	1.25000000000000e-09	3.00000000000000e-09
2.19375000000000e-07	2.18750000000000e-08	1.50000000000000e-09	1.25000000000000e-09	1.25000000000000e-09	3.00000000000000e-09
2.18125000000000e-07	2.31250000000000e-08	1.50000000000000e-09	1.25000000000000e-09	1.25000000000000e-09	3.00000000000000e-09
2.18125000000000e-07	2.43750000000000e-08	1.50000000000000e-09	1.25000000000000e-09	1.25000000000000e-09	3.00000000000000e-09
2.19375000000000e-07	2.31250000000000e-08	1.50000000000000e-09	1.25000000000000e-09	1.25000000000000e-09	3.00000000000000e-09
2.19375000000000e-07	2.43750000000000e-08	1.50000000000000e-09	1.25000000000000e-09	1.25000000000000e-09	3.00000000000000e-09
2.20625000000000e-07	2.06250000000000e-08	1.50000000000000e-09	1.25000000000000e-09	1.25000000000000e-09	3.00000000000000e-09
2.20625000000000e-07	2.18750000000000e-08	1.50000000000000e-09	1.25000000000000e-09	1.25000000000000e-09	3.00000000000000e-09
2.21875000000000e-07	2.06250000000000e-08	1.50000000000000e-09	1.25000000000000e-09	1.25000000000000e-09	3.00000000000000e-09
2.21875000000000e-07	2.18750000000000e-08	1.50000000000000e-09	1.25000000000000e-09	1.25000000000000e-09	3.00000000000000e-09
2.20625000000000e-07	2.31250000000000e-08	1.50000000000000e-09	1.25000000000000e-09	1.25000000000000e-09	3.00000000000000e-09
2.20625000000000e-07	2.43750000000000e-08	1.50000000000000e-09	1.25000000000000e-09	1.25000000000000e-09	3.00000000000000e-09
2.21875000000000e-07	2.31250000000000e-08	1.50000000000000e-09	1.25000000000000e-09	1.25000000000000e-09	3.00000000000000e-09
2.21875000000000e-07	2.43750000000000e-08	1.50000000000000e-09	1.25000000000000e-09	1.25000000000000e-09	3.00000000000000e-09
2.23125000000000e-07	2.06250000000000e-08	1.50000000000000e-09	1.25000000000000e-09	1.25000000000000e-09	3.00000000000000e-09
2.23125000000000e-07	2.18750000000000e-08	1.50000000000000e-09	1.25000000000000e-09	1.25000000000000e-09	3.00000000000000e-09
2.24375000000000e-07	2.06250000000000e-08	1.50000000000000e-09	1.25000000000000e-09	1.25000000000000e-09	3.00000000000000e-09
2.24375000000000e-07	2.18750000000000e-08	1.50000000000000e-09	1.25000000000000e-09	1.25000000000000e-09	3.00000000000000e-09
2.23125000000000e-07	2.31250000000000e-08	1.50000000000000e-09	1.25000000000000e-09	1.25000000000000e-09	3.00000000000000e-09
2.23125000000000e-07	2.43750000000000e-08	1.50000000000000e-09	1.25000000000000e-09	1.25000000000000e-09	3.00000000000000e-09
2.24375000000000e-07	2.31250000000000e-08	1.50000000000000e-09	1.25000000000000e-09	1.25000000000000e-09	3.00000000000000e-09
2.24375000000000e-07	2.43750000000000e-08	1.50000000000000e-09	1.25000000000000e-09	1.25000000000000e-09	3.00000000000000e-09
2.28750000000000e-07	2.12500000000000e-08	1.50000000000000e-09	2.50000000000000e-09	2.50000000000000e-09	3.00000000000000e-09
2.28750000000000e-07	2.37500000000000e-08	1.50000000000000e-09	2.50000000000000e-09	2.50000000000000e-09	3.00000000000000e-09
2.25625000000000e-07	2.06250000000000e-08	1.50000000000000e-09	1.25000000000000e-09	1.25000000000000e-09	3.00000000000000e-09
2.25625000000000e-07	2.18750000000000e-08	1.50000000000000e-09	1.25000000000000e-09	1.25000000000000e-09	3.00000000000000e-09
2.26875000000000e-07	2.06250000000000e-08	1.50000000000000e-09	1.25000000000000e-09	1.25000000000000e-09	3.00000000000000e-09
2.26875000000000e-07	2.18750000000000e-08	1.50000000000000e-09	1.25000000000000e-09	1.25000000000000e-09	3.00000000000000e-09
2.25625000000000e-07	2.31250000000000e-08	1.50000000000000e-09	1.25000000000000e-09	1.25000000000000e-09	3.00000000000000e-09
2.25625000000000e-07	2.43750000000000e-08	1.50000000000000e-09	1.25000000000000e-09	1.25000000000000e-09	3.00000000000000e-09
2.26875000000000e-07	2.31250000000000e-08	1.50000000000000e-09	1.25000000000000e-09	1.25000000000000e-09	3.00000000000000e-09
2.26875000000000e-07	2.43750000000000e-08	1.50000000000000e-09	1.25000000000000e-09	1.25000000000000e-09	3.00000000000000e-09
2.32500000000000e-07	2.25000000000000e-08	1.50000000000000e-09	5.00000000000000e-09	5.00000000000000e-09	3.00000000000000e-09
2.37500000000000e-07	2.25000000000000e-08	1.50000000000000e-09	5.00000000000000e-09	5.00000000000000e-09	3.00000000000000e-09
2.42500000000000e-07	2.25000000000000e-08	1.50000000000000e-09	5.00000000000000e-09	5.00000000000000e-09	3.00000000000000e-09
2.47500000000000e-07	2.25000000000000e-08	1.50000000000000e-09	5.00000000000000e-09	5.00000000000000e-09	3.00000000000000e-09
2.52500000000000e-07	2.25000000000000e-08	1.50000000000000e-09	5.00000000000000e-09	5.00000000000000e-09	3.00000000000000e-09
2.57500000000000e-07	2.25000000000000e-08	1.50000000000000e-09	5.00000000000000e-09	5.00000000000000e-09	3.00000000000000e-09
2.62500000000000e-07	2.25000000000000e-08	1.50000000000000e-09	5.00000000000000e-09	5.00000000000000e-09	3.00000000000000e-09
2.67500000000000e-07	2.25000000000000e-08	1.50000000000000e-09	5.00000000000000e-09	5.00000000000000e-09	3.00000000000000e-09
2.72500000000000e-07	2.25000000000000e-08	1.50000000000000e-09	5.00000000000000e-09	5.00000000000000e-09	3.00000000000000e-09
2.77500000000000e-07	2.25000000000000e-08	1.50000000000000e-09	5.00000000000000e-09	5.00000000000000e-09	3.00000000000000e-09
2.82500000000000e-07	2.25000000000000e-08	1.50000000000000e-09	5.00000000000000e-09	5.00000000000000e-09	3.00000000000000e-09
2.87500000000000e-07	2.25000000000000e-08	1.50000000000000e-09	5.00000000000000e-09	5.00000000000000e-09	3.00000000000000e-09
2.92500000000000e-07	2.25000000000000e-08	1.50000000000000e-09	5.00000000000000e-09	5.00000000000000e-09	3.00000000000000e-09
2.97500000000000e-07	2.25000000000000e-08	1.50000000000000e-09	5.00000000000000e-09	5.00000000000000e-09	3.00000000000000e-09
3.02500000000000e-07	2.25000000000000e-08	1.50000000000000e-09	5.00000000000000e-09	5.00000000000000e-09	3.00000000000000e-09
3.06250000000000e-07	2.12500000000000e-08	1.50000000000000e-09	2.50000000000000e-09	2.50000000000000e-09	3.00000000000000e-09
3.05625000000000e-07	2.31250000000000e-08	1.50000000000000e-09	1.25000000000000e-09	1.25000000000000e-09	3.00000000000000e-09
3.05625000000000e-07	2.43750000000000e-08	1.50000000000000e-09	1.25000000000000e-09	1.25000000000000e-09	3.00000000000000e-09
3.06875000000000e-07	2.31250000000000e-08	1.50000000000000e-09	1.25000000000000e-09	1.25000000000000e-09	3.00000000000000e-09
3.06875000000000e-07	2.43750000000000e-08	1.50000000000000e-09	1.25000000000000e-09	1.25000000000000e-09	3.00000000000000e-09
3.08125000000000e-07	2.06250000000000e-08	1.50000000000000e-09	1.25000000000000e-09	1.25000000000000e-09	3.00000000000000e-09
3.08125000000000e-07	2.18750000000000e-08	1.50000000000000e-09	1.25000000000000e-09	1.25000000000000e-09	3.00000000000000e-09
3.09375000000000e-07	2.06250000000000e-08	1.50000000000000e-09	1.25000000000000e-09	1.25000000000000e-09	3.00000000000000e-09
3.09375000000000e-07	2.18750000000000e-08	1.50000000000000e-09	1.25000000000000e-09	1.25000000000000e-09	3.00000000000000e-09
3.08125000000000e-07	2.31250000000000e-08	1.50000000000000e-09	1.25000000000000e-09	1.25000000000000e-09	3.00000000000000e-09
3.08125000000000e-07	2.43750000000000e-08	1.50000000000000e-09	1.25000000000000e-09	1.25000000000000e-09	3.00000000000000e-09
3.09375000000000e-07	2.31250000000000e-08	1.50000000000000e-09	1.25000000000000e-09	1.25000000000000e-09	3.00000000000000e-09
3.09375000000000e-07	2.43750000000000e-08	1.50000000000000e-09	1.25000000000000e-09	1.25000000000000e-09	3.00000000000000e-09
3.10625000000000e-07	2.06250000000000e-08	1.50000000000000e-09	1.25000000000000e-09	1.25000000000000e-09	3.00000000000000e-09
3.10625000000000e-07	2.18750000000000e-08	1.50000000000000e-09	1.25000000000000e-09	1.25000000000000e-09	3.00000000000000e-09
3.11875000000000e-07	2.06250000000000e-08	1.50000000000000e-09	1.25000000000000e-09	1.25000000000000e-09	3.00000000000000e-09
3.11875000000000e-07	2.18750000000000e-08	1.50000000000000e-09	1.25000000000000e-09	1.25000000000000e-09	3.00000000000000e-09
3.10625000000000e-07	2.31250000000000e-08	1.50000000000000e-09	1.25000000000000e-09	1.25000000000000e-09	3.00000000000000e-09
3.10625000000000e-07	2.43750000000000e-08	1.50000000000000e-09	1.25000000000000e-09	1.25000000000000e-09	3.00000000000000e-09
3.11875000000000e-07	2.31250000000000e-08	1.50000000000000e-09	1.25000000000000e-09	1.25000000000000e-09	3.00000000000000e-09
3.11875000000000e-07	2.43750000000000e-08	1.50000000000000e-09	1.25000000000000e-09	1.25000000000000e-09	3.00000000000000e-09
3.13125000000000e-07	2.06250000000000e-08	1.50000000000000e-09	1.25000000000000e-09	1.25000000000000e-09	3.00000000000000e-09
3.13125000000000e-07	2.18750000000000e-08	1.50000000000000e-09	1.25000000000000e-09	1.25000000000000e-09	3.00000000000000e-09
3.14375000000000e-07	2.06250000000000e-08	1.50000000000000e-09	1.25000000000000e-09	1.25000000000000e-09	3.00000000000000e-09
3.14375000000000e-07	2.18750000000000e-08	1.50000000000000e-09	1.25000000000000e-09	1.25000000000000e-09	3.00000000000000e-09
3.13125000000000e-07	2.31250000000000e-08	1.50000000000000e-09	1.25000000000000e-09	1.25000000000000e-09	3.00000000000000e-09
3.13125000000000e-07	2.43750000000000e-08	1.50000000000000e-09	1.25000000000000e-09	1.25000000000000e-09	3.00000000000000e-09
3.14375000000000e-07	2.31250000000000e-08	1.50000000000000e-09	1.25000000000000e-09	1.25000000000000e-09	3.00000000000000e-09
3.14375000000000e-07	2.43750000000000e-08	1.50000000000000e-09	1.25000000000000e-09	1.25000000000000e-09	3.00000000000000e-09
3.18750000000000e-07	2.12500000000000e-08	1.50000000000000e-09	2.50000000000000e-09	2.50000000000000e-09	3.00000000000000e-09
3.18750000000000e-07	2.37500000000000e-08	1.50000000000000e-09	2.50000000000000e-09	2.50000000000000e-09	3.00000000000000e-09
3.15625000000000e-07	2.06250000000000e-08	1.50000000000000e-09	1.25000000000000e-09	1.25000000000000e-09	3.00000000000000e-09
3.15625000000000e-07	2.18750000000000e-08	1.50000000000000e-09	1.25000000000000e-09	1.25000000000000e-09	3.00000000000000e-09
3.16875000000000e-07	2.06250000000000e-08	1.50000000000000e-09	1.25000000000000e-09	1.25000000000000e-09	3.00000000000000e-09
3.16875000000000e-07	2.18750000000000e-08	1.50000000000000e-09	1.25000000000000e-09	1.25000000000000e-09	3.00000000000000e-09
3.15625000000000e-07	2.31250000000000e-08	1.50000000000000e-09	1.25000000000000e-09	1.25000000000000e-09	3.00000000000000e-09
3.15625000000000e-07	2.43750000000000e-08	1.50000000000000e-09	1.25000000000000e-09	1.25000000000000e-09	3.00000000000000e-09
3.16875000000000e-07	2.31250000000000e-08	1.50000000000000e-09	1.25000000000000e-09	1.25000000000000e-09	3.00000000000000e-09
3.16875000000000e-07	2.43750000000000e-08	1.50000000000000e-09	1.25000000000000e-09	1.25000000000000e-09	3.00000000000000e-09
3.22500000000000e-07	2.25000000000000e-08	1.50000000000000e-09	5.00000000000000e-09	5.00000000000000e-09	3.00000000000000e-09
3.27500000000000e-07	2.25000000000000e-08	1.50000000000000e-09	5.00000000000000e-09	5.00000000000000e-09	3.00000000000000e-09
3.32500000000000e-07	2.25000000000000e-08	1.50000000000000e-09	5.00000000000000e-09	5.00000000000000e-09	3.00000000000000e-09
3.37500000000000e-07	2.25000000000000e-08	1.50000000000000e-09	5.00000000000000e-09	5.00000000000000e-09	3.00000000000000e-09
3.41250000000000e-07	2.12500000000000e-08	1.50000000000000e-09	2.50000000000000e-09	2.50000000000000e-09	3.00000000000000e-09
3.41250000000000e-07	2.37500000000000e-08	1.50000000000000e-09	2.50000000000000e-09	2.50000000000000e-09	3.00000000000000e-09
3.43750000000000e-07	2.37500000000000e-08	1.50000000000000e-09	2.50000000000000e-09	2.50000000000000e-09	3.00000000000000e-09
3.43125000000000e-07	2.06250000000000e-08	1.50000000000000e-09	1.25000000000000e-09	1.25000000000000e-09	3.00000000000000e-09
3.43125000000000e-07	2.18750000000000e-08	1.50000000000000e-09	1.25000000000000e-09	1.25000000000000e-09	3.00000000000000e-09
3.44375000000000e-07	2.06250000000000e-08	1.50000000000000e-09	1.25000000000000e-09	1.25000000000000e-09	3.00000000000000e-09
3.44375000000000e-07	2.18750000000000e-08	1.50000000000000e-09	1.25000000000000e-09	1.25000000000000e-09	3.00000000000000e-09
3.45625000000000e-07	2.06250000000000e-08	1.50000000000000e-09	1.25000000000000e-09	1.25000000000000e-09	3.00000000000000e-09
3.45625000000000e-07	2.18750000000000e-08	1.50000000000000e-09	1.25000000000000e-09	1.25000000000000e-09	3.00000000000000e-09
3.46875000000000e-07	2.06250000000000e-08	1.50000000000000e-09	1.25000000000000e-09	1.25000000000000e-09	3.00000000000000e-09
3.46875000000000e-07	2.18750000000000e-08	1.50000000000000e-09	1.25000000000000e-09	1.25000000000000e-09	3.00000000000000e-09
3.45625000000000e-07	2.31250000000000e-08	1.50000000000000e-09	1.25000000000000e-09	1.25000000000000e-09	3.00000000000000e-09
3.45625000000000e-07	2.43750000000000e-08	1.50000000000000e-09	1.25000000000000e-09	1.25000000000000e-09	3.00000000000000e-09
3.46875000000000e-07	2.31250000000000e-08	1.50000000000000e-09	1.25000000000000e-09	1.25000000000000e-09	3.00000000000000e-09
3.46875000000000e-07	2.43750000000000e-08	1.50000000000000e-09	1.25000000000000e-09	1.25000000000000e-09	3.00000000000000e-09
3.48125000000000e-07	2.06250000000000e-08	1.50000000000000e-09	1.25000000000000e-09	1.25000000000000e-09	3.00000000000000e-09
3.48125000000000e-07	2.18750000000000e-08	1.50000000000000e-09	1.25000000000000e-09	1.25000000000000e-09	3.00000000000000e-09
3.49375000000000e-07	2.06250000000000e-08	1.50000000000000e-09	1.25000000000000e-09	1.25000000000000e-09	3.00000000000000e-09
3.49375000000000e-07	2.18750000000000e-08	1.50000000000000e-09	1.25000000000000e-09	1.25000000000000e-09	3.00000000000000e-09
3.48125000000000e-07	2.31250000000000e-08	1.50000000000000e-09	1.25000000000000e-09	1.25000000000000e-09	3.00000000000000e-09
3.48125000000000e-07	2.43750000000000e-08	1.50000000000000e-09	1.25000000000000e-09	1.25000000000000e-09	3.00000000000000e-09
3.49375000000000e-07	2.31250000000000e-08	1.50000000000000e-09	1.25000000000000e-09	1.25000000000000e-09	3.00000000000000e-09
3.49375000000000e-07	2.43750000000000e-08	1.50000000000000e-09	1.25000000000000e-09	1.25000000000000e-09	3.00000000000000e-09
3.50625000000000e-07	2.06250000000000e-08	1.50000000000000e-09	1.25000000000000e-09	1.25000000000000e-09	3.00000000000000e-09
3.50625000000000e-07	2.18750000000000e-08	1.50000000000000e-09	1.25000000000000e-09	1.25000000000000e-09	3.00000000000000e-09
3.51875000000000e-07	2.06250000000000e-08	1.50000000000000e-09	1.25000000000000e-09	1.25000000000000e-09	3.00000000000000e-09
3.51875000000000e-07	2.18750000000000e-08	1.50000000000000e-09	1.25000000000000e-09	1.25000000000000e-09	3.00000000000000e-09
3.50625000000000e-07	2.31250000000000e-08	1.50000000000000e-09	1.25000000000000e-09	1.25000000000000e-09	3.00000000000000e-09
3.50625000000000e-07	2.43750000000000e-08	1.50000000000000e-09	1.25000000000000e-09	1.25000000000000e-09	3.00000000000000e-09
3.51875000000000e-07	2.31250000000000e-08	1.50000000000000e-09	1.25000000000000e-09	1.25000000000000e-09	3.00000000000000e-09
3.51875000000000e-07	2.43750000000000e-08	1.50000000000000e-09	1.25000000000000e-09	1.25000000000000e-09	3.00000000000000e-09
3.53125000000000e-07	2.06250000000000e-08	1.50000000000000e-09	1.25000000000000e-09	1.25000000000000e-09	3.00000000000000e-09
3.53125000000000e-07	2.18750000000000e-08	1.50000000000000e-09	1.25000000000000e-09	1.25000000000000e-09	3.00000000000000e-09
3.54375000000000e-07	2.06250000000000e-08	1.50000000000000e-09	1.25000000000000e-09	1.25000000000000e-09	3.00000000000000e-09
3.54375000000000e-07	2.18750000000000e-08	1.50000000000000e-09	1.25000000000000e-09	1.25000000000000e-09	3.00000000000000e-09
3.53125000000000e-07	2.31250000000000e-08	1.50000000000000e-09	1.25000000000000e-09	1.25000000000000e-09	3.00000000000000e-09
3.53125000000000e-07	2.43750000000000e-08	1.50000000000000e-09	1.25000000000000e-09	1.25000000000000e-09	3.00000000000000e-09
3.54375000000000e-07	2.31250000000000e-08	1.50000000000000e-09	1.25000000000000e-09	1.25000000000000e-09	3.00000000000000e-09
3.54375000000000e-07	2.43750000000000e-08	1.50000000000000e-09	1.25000000000000e-09	1.25000000000000e-09	3.00000000000000e-09
3.58750000000000e-07	2.12500000000000e-08	1.50000000000000e-09	2.50000000000000e-09	2.50000000000000e-09	3.00000000000000e-09
3.55625000000000e-07	2.06250000000000e-08	1.50000000000000e-09	1.25000000000000e-09	1.25000000000000e-09	3.00000000000000e-09
3.55625000000000e-07	2.18750000000000e-08	1.50000000000000e-09	1.25000000000000e-09	1.25000000000000e-09	3.00000000000000e-09
3.56875000000000e-07	2.06250000000000e-08	1.50000000000000e-09	1.25000000000000e-09	1.25000000000000e-09	3.00000000000000e-09
3.56875000000000e-07	2.18750000000000e-08	1.50000000000000e-09	1.25000000000000e-09	1.25000000000000e-09	3.00000000000000e-09
3.55625000000000e-07	2.31250000000000e-08	1.50000000000000e-09	1.25000000000000e-09	1.25000000000000e-09	3.00000000000000e-09
3.55625000000000e-07	2.43750000000000e-08	1.50000000000000e-09	1.25000000000000e-09	1.25000000000000e-09	3.00000000000000e-09
3.56875000000000e-07	2.31250000000000e-08	1.50000000000000e-09	1.25000000000000e-09	1.25000000000000e-09	3.00000000000000e-09
3.56875000000000e-07	2.43750000000000e-08	1.50000000000000e-09	1.25000000000000e-09	1.25000000000000e-09	3.00000000000000e-09
3.58125000000000e-07	2.31250000000000e-08	1.50000000000000e-09	1.25000000000000e-09	1.25000000000000e-09	3.00000000000000e-09
3.58125000000000e-07	2.43750000000000e-08	1.50000000000000e-09	1.25000000000000e-09	1.25000000000000e-09	3.00000000000000e-09
3.59375000000000e-07	2.31250000000000e-08	1.50000000000000e-09	1.25000000000000e-09	1.25000000000000e-09	3.00000000000000e-09
3.59375000000000e-07	2.43750000000000e-08	1.50000000000000e-09	1.25000000000000e-09	1.25000000000000e-09	3.00000000000000e-09
3.62500000000000e-07	2.25000000000000e-08	1.50000000000000e-09	5.00000000000000e-09	5.00000000000000e-09	3.00000000000000e-09
3.67500000000000e-07	2.25000000000000e-08	1.50000000000000e-09	5.00000000000000e-09	5.00000000000000e-09	3.00000000000000e-09
3.72500000000000e-07	2.25000000000000e-08	1.50000000000000e-09	5.00000000000000e-09	5.00000000000000e-09	3.00000000000000e-09
3.77500000000000e-07	2.25000000000000e-08	1.50000000000000e-09	5.00000000000000e-09	5.00000000000000e-09	3.00000000000000e-09
3.82500000000000e-07	2.25000000000000e-08	1.50000000000000e-09	5.00000000000000e-09	5.00000000000000e-09	3.00000000000000e-09
3.87500000000000e-07	2.25000000000000e-08	1.50000000000000e-09	5.00000000000000e-09	5.00000000000000e-09	3.00000000000000e-09
3.92500000000000e-07	2.25000000000000e-08	1.50000000000000e-09	5.00000000000000e-09	5.00000000000000e-09	3.00000000000000e-09
3.97500000000000e-07	2.25000000000000e-08	1.50000000000000e-09	5.00000000000000e-09	5.00000000000000e-09	3.00000000000000e-09
4.02500000000000e-07	2.25000000000000e-08	1.50000000000000e-09	5.00000000000000e-09	5.00000000000000e-09	3.00000000000000e-09
4.07500000000000e-07	2.25000000000000e-08	1.50000000000000e-09	5.00000000000000e-09	5.00000000000000e-09	3.00000000000000e-09
4.12500000000000e-07	2.25000000000000e-08	1.50000000000000e-09	5.00000000000000e-09	5.00000000000000e-09	3.00000000000000e-09
4.17500000000000e-07	2.25000000000000e-08	1.50000000000000e-09	5.00000000000000e-09	5.00000000000000e-09	3.00000000000000e-09
4.22500000000000e-07	2.25000000000000e-08	1.50000000000000e-09	5.00000000000000e-09	5.00000000000000e-09	3.00000000000000e-09
4.27500000000000e-07	2.25000000000000e-08	1.50000000000000e-09	5.00000000000000e-09	5.00000000000000e-09	3.00000000000000e-09
4.32500000000000e-07	2.25000000000000e-08	1.50000000000000e-09	5.00000000000000e-09	5.00000000000000e-09	3.00000000000000e-09
4.37500000000000e-07	2.25000000000000e-08	1.50000000000000e-09	5.00000000000000e-09	5.00000000000000e-09	3.00000000000000e-09
4.42500000000000e-07	2.25000000000000e-08	1.50000000000000e-09	5.00000000000000e-09	5.00000000000000e-09	3.00000000000000e-09
4.46250000000000e-07	2.12500000000000e-08	1.50000000000000e-09	2.50000000000000e-09	2.50000000000000e-09	3.00000000000000e-09
4.46250000000000e-07	2.37500000000000e-08	1.50000000000000e-09	2.50000000000000e-09	2.50000000000000e-09	3.00000000000000e-09
4.48125000000000e-07	2.06250000000000e-08	1.50000000000000e-09	1.25000000000000e-09	1.25000000000000e-09	3.00000000000000e-09
4.48125000000000e-07	2.18750000000000e-08	1.50000000000000e-09	1.25000000000000e-09	1.25000000000000e-09	3.00000000000000e-09
4.49375000000000e-07	2.06250000000000e-08	1.50000000000000e-09	1.25000000000000e-09	1.25000000000000e-09	3.00000000000000e-09
4.49375000000000e-07	2.18750000000000e-08	1.50000000000000e-09	1.25000000000000e-09	1.25000000000000e-09	3.00000000000000e-09
4.48125000000000e-07	2.31250000000000e-08	1.50000000000000e-09	1.25000000000000e-09	1.25000000000000e-09	3.00000000000000e-09
4.48125000000000e-07	2.43750000000000e-08	1.50000000000000e-09	1.25000000000000e-09	1.25000000000000e-09	3.00000000000000e-09
4.49375000000000e-07	2.31250000000000e-08	1.50000000000000e-09	1.25000000000000e-09	1.25000000000000e-09	3.00000000000000e-09
4.49375000000000e-07	2.43750000000000e-08	1.50000000000000e-09	1.25000000000000e-09	1.25000000000000e-09	3.00000000000000e-09
4.50625000000000e-07	2.06250000000000e-08	1.50000000000000e-09	1.25000000000000e-09	1.25000000000000e-09	3.00000000000000e-09
4.50625000000000e-07	2.18750000000000e-08	1.50000000000000e-09	1.25000000000000e-09	1.25000000000000e-09	3.00000000000000e-09
4.51875000000000e-07	2.06250000000000e-08	1.50000000000000e-09	1.25000000000000e-09	1.25000000000000e-09	3.00000000000000e-09
4.51875000000000e-07	2.18750000000000e-08	1.50000000000000e-09	1.25000000000000e-09	1.25000000000000e-09	3.00000000000000e-09
4.50625000000000e-07	2.31250000000000e-08	1.50000000000000e-09	1.25000000000000e-09	1.25000000000000e-09	3.00000000000000e-09
4.50625000000000e-07	2.43750000000000e-08	1.50000000000000e-09	1.25000000000000e-09	1.25000000000000e-09	3.00000000000000e-09
4.51875000000000e-07	2.31250000000000e-08	1.50000000000000e-09	1.25000000000000e-09	1.25000000000000e-09	3.00000000000000e-09
4.51875000000000e-07	2.43750000000000e-08	1.50000000000000e-09	1.25000000000000e-09	1.25000000000000e-09	3.00000000000000e-09
4.53125000000000e-07	2.06250000000000e-08	1.50000000000000e-09	1.25000000000000e-09	1.25000000000000e-09	3.00000000000000e-09
4.53125000000000e-07	2.18750000000000e-08	1.50000000000000e-09	1.25000000000000e-09	1.25000000000000e-09	3.00000000000000e-09
4.54375000000000e-07	2.06250000000000e-08	1.50000000000000e-09	1.25000000000000e-09	1.25000000000000e-09	3.00000000000000e-09
4.54375000000000e-07	2.18750000000000e-08	1.50000000000000e-09	1.25000000000000e-09	1.25000000000000e-09	3.00000000000000e-09
4.53125000000000e-07	2.31250000000000e-08	1.50000000000000e-09	1.25000000000000e-09	1.25000000000000e-09	3.00000000000000e-09
4.53125000000000e-07	2.43750000000000e-08	1.50000000000000e-09	1.25000000000000e-09	1.25000000000000e-09	3.00000000000000e-09
4.54375000000000e-07	2.31250000000000e-08	1.50000000000000e-09	1.25000000000000e-09	1.25000000000000e-09	3.00000000000000e-09
4.54375000000000e-07	2.43750000000000e-08	1.50000000000000e-09	1.25000000000000e-09	1.25000000000000e-09	3.00000000000000e-09
4.55625000000000e-07	2.06250000000000e-08	1.50000000000000e-09	1.25000000000000e-09	1.25000000000000e-09	3.00000000000000e-09
4.55625000000000e-07	2.18750000000000e-08	1.50000000000000e-09	1.25000000000000e-09	1.25000000000000e-09	3.00000000000000e-09
4.56875000000000e-07	2.06250000000000e-08	1.50000000000000e-09	1.25000000000000e-09	1.25000000000000e-09	3.00000000000000e-09
4.56875000000000e-07	2.18750000000000e-08	1.50000000000000e-09	1.25000000000000e-09	1.25000000000000e-09	3.00000000000000e-09
4.55625000000000e-07	2.31250000000000e-08	1.50000000000000e-09	1.25000000000000e-09	1.25000000000000e-09	3.00000000000000e-09
4.55625000000000e-07	2.43750000000000e-08	1.50000000000000e-09	1.25000000000000e-09	1.25000000000000e-09	3.00000000000000e-09
4.56875000000000e-07	2.31250000000000e-08	1.50000000000000e-09	1.25000000000000e-09	1.25000000000000e-09	3.00000000000000e-09
4.56875000000000e-07	2.43750000000000e-08	1.50000000000000e-09	1.25000000000000e-09	1.25000000000000e-09	3.00000000000000e-09
4.58125000000000e-07	2.06250000000000e-08	1.50000000000000e-09	1.25000000000000e-09	1.25000000000000e-09	3.00000000000000e-09
4.58125000000000e-07	2.18750000000000e-08	1.50000000000000e-09	1.25000000000000e-09	1.25000000000000e-09	3.00000000000000e-09
4.59375000000000e-07	2.06250000000000e-08	1.50000000000000e-09	1.25000000000000e-09	1.25000000000000e-09	3.00000000000000e-09
4.59375000000000e-07	2.18750000000000e-08	1.50000000000000e-09	1.25000000000000e-09	1.25000000000000e-09	3.00000000000000e-09
4.58125000000000e-07	2.31250000000000e-08	1.50000000000000e-09	1.25000000000000e-09	1.25000000000000e-09	3.00000000000000e-09
4.58125000000000e-07	2.43750000000000e-08	1.50000000000000e-09	1.25000000000000e-09	1.25000000000000e-09	3.00000000000000e-09
4.59375000000000e-07	2.31250000000000e-08	1.50000000000000e-09	1.25000000000000e-09	1.25000000000000e-09	3.00000000000000e-09
4.59375000000000e-07	2.43750000000000e-08	1.50000000000000e-09	1.25000000000000e-09	1.25000000000000e-09	3.00000000000000e-09
4.63750000000000e-07	2.37500000000000e-08	1.50000000000000e-09	2.50000000000000e-09	2.50000000000000e-09	3.00000000000000e-09
4.60625000000000e-07	2.06250000000000e-08	1.50000000000000e-09	1.25000000000000e-09	1.25000000000000e-09	3.00000000000000e-09
4.60625000000000e-07	2.18750000000000e-08	1.50000000000000e-09	1.25000000000000e-09	1.25000000000000e-09	3.00000000000000e-09
4.61875000000000e-07	2.06250000000000e-08	1.50000000000000e-09	1.25000000000000e-09	1.25000000000000e-09	3.00000000000000e-09
4.61875000000000e-07	2.18750000000000e-08	1.50000000000000e-09	1.25000000000000e-09	1.25000000000000e-09	3.00000000000000e-09
4.60625000000000e-07	2.31250000000000e-08	1.50000000000000e-09	1.25000000000000e-09	1.25000000000000e-09	3.00000000000000e-09
4.60625000000000e-07	2.43750000000000e-08	1.50000000000000e-09	1.25000000000000e-09	1.25000000000000e-09	3.00000000000000e-09
4.61875000000000e-07	2.31250000000000e-08	1.50000000000000e-09	1.25000000000000e-09	1.25000000000000e-09	3.00000000000000e-09
4.61875000000000e-07	2.43750000000000e-08	1.50000000000000e-09	1.25000000000000e-09	1.25000000000000e-09	3.00000000000000e-09
4.63125000000000e-07	2.06250000000000e-08	1.50000000000000e-09	1.25000000000000e-09	1.25000000000000e-09	3.00000000000000e-09
4.63125000000000e-07	2.18750000000000e-08	1.50000000000000e-09	1.25000000000000e-09	1.25000000000000e-09	3.00000000000000e-09
4.64375000000000e-07	2.06250000000000e-08	1.50000000000000e-09	1.25000000000000e-09	1.25000000000000e-09	3.00000000000000e-09
4.64375000000000e-07	2.18750000000000e-08	1.50000000000000e-09	1.25000000000000e-09	1.25000000000000e-09	3.00000000000000e-09
4.67500000000000e-07	2.25000000000000e-08	1.50000000000000e-09	5.00000000000000e-09	5.00000000000000e-09	3.00000000000000e-09
4.72500000000000e-07	2.25000000000000e-08	1.50000000000000e-09	5.00000000000000e-09	5.00000000000000e-09	3.00000000000000e-09
4.77500000000000e-07	2.25000000000000e-08	1.50000000000000e-09	5.00000000000000e-09	5.00000000000000e-09	3.00000000000000e-09
4.82500000000000e-07	2.25000000000000e-08	1.50000000000000e-09	5.00000000000000e-09	5.00000000000000e-09	3.00000000000000e-09
4.87500000000000e-07	2.25000000000000e-08	1.50000000000000e-09	5.00000000000000e-09	5.00000000000000e-09	3.00000000000000e-09
4.92500000000000e-07	2.25000000000000e-08	1.50000000000000e-09	5.00000000000000e-09	5.00000000000000e-09	3.00000000000000e-09
4.97500000000000e-07	2.25000000000000e-08	1.50000000000000e-09	5.00000000000000e-09	5.00000000000000e-09	3.00000000000000e-09
2.50000000000000e-09	2.75000000000000e-08	1.50000000000000e-09	5.00000000000000e-09	5.00000000000000e-09	3.00000000000000e-09
7.50000000000000e-09	2.75000000000000e-08	1.50000000000000e-09	5.00000000000000e-09	5.00000000000000e-09	3.00000000000000e-09
1.25000000000000e-08	2.75000000000000e-08	1.50000000000000e-09	5.00000000000000e-09	5.00000000000000e-09	3.00000000000000e-09
1.75000000000000e-08	2.75000000000000e-08	1.50000000000000e-09	5.00000000000000e-09	5.00000000000000e-09	3.00000000000000e-09
2.25000000000000e-08	2.75000000000000e-08	1.50000000000000e-09	5.00000000000000e-09	5.00000000000000e-09	3.00000000000000e-09
2.75000000000000e-08	2.75000000000000e-08	1.50000000000000e-09	5.00000000000000e-09	5.00000000000000e-09	3.00000000000000e-09
3.25000000000000e-08	2.75000000000000e-08	1.50000000000000e-09	5.00000000000000e-09	5.00000000000000e-09	3.00000000000000e-09
3.75000000000000e-08	2.75000000000000e-08	1.50000000000000e-09	5.00000000000000e-09	5.00000000000000e-09	3.00000000000000e-09
4.25000000000000e-08	2.75000000000000e-08	1.50000000000000e-09	5.00000000000000e-09	5.00000000000000e-09	3.00000000000000e-09
4.75000000000000e-08	2.75000000000000e-08	1.50000000000000e-09	5.00000000000000e-09	5.00000000000000e-09	3.00000000000000e-09
5.25000000000000e-08	2.75000000000000e-08	1.50000000000000e-09	5.00000000000000e-09	5.00000000000000e-09	3.00000000000000e-09
5.75000000000000e-08	2.75000000000000e-08	1.50000000000000e-09	5.00000000000000e-09	5.00000000000000e-09	3.00000000000000e-09
6.25000000000000e-08	2.75000000000000e-08	1.50000000000000e-09	5.00000000000000e-09	5.00000000000000e-09	3.00000000000000e-09
6.75000000000000e-08	2.75000000000000e-08	1.50000000000000e-09	5.00000000000000e-09	5.00000000000000e-09	3.00000000000000e-09
7.25000000000000e-08	2.75000000000000e-08	1.50000000000000e-09	5.00000000000000e-09	5.00000000000000e-09	3.00000000000000e-09
7.75000000000000e-08	2.75000000000000e-08	1.50000000000000e-09	5.00000000000000e-09	5.00000000000000e-09	3.00000000000000e-09
8.25000000000000e-08	2.75000000000000e-08	1.50000000000000e-09	5.00000000000000e-09	5.00000000000000e-09	3.00000000000000e-09
8.75000000000000e-08	2.75000000000000e-08	1.50000000000000e-09	5.00000000000000e-09	5.00000000000000e-09	3.00000000000000e-09
9.25000000000000e-08	2.75000000000000e-08	1.50000000000000e-09	5.00000000000000e-09	5.00000000000000e-09	3.00000000000000e-09
9.75000000000000e-08	2.75000000000000e-08	1.50000000000000e-09	5.00000000000000e-09	5.00000000000000e-09	3.00000000000000e-09
1.02500000000000e-07	2.75000000000000e-08	1.50000000000000e-09	5.00000000000000e-09	5.00000000000000e-09	3.00000000000000e-09
1.06250000000000e-07	2.62500000000000e-08	1.50000000000000e-09	2.50000000000000e-09	2.50000000000000e-09	3.00000000000000e-09
1.06250000000000e-07	2.87500000000000e-08	1.50000000000000e-09	2.50000000000000e-09	2.50000000000000e-09	3.00000000000000e-09
1.08125000000000e-07	2.56250000000000e-08	1.50000000000000e-09	1.25000000000000e-09	1.25000000000000e-09	3.00000000000000e-09
1.08125000000000e-07	2.68750000000000e-08	1.50000000000000e-09	1.25000000000000e-09	1.25000000000000e-09	3.00000000000000e-09
1.09375000000000e-07	2.56250000000000e-08	1.50000000000000e-09	1.25000000000000e-09	1.25000000000000e-09	3.00000000000000e-09
1.09375000000000e-07	2.68750000000000e-08	1.50000000000000e-09	1.25000000000000e-09	1.25000000000000e-09	3.00000000000000e-09
1.08125000000000e-07	2.81250000000000e-08	1.50000000000000e-09	1.25000000000000e-09	1.25000000000000e-09	3.00000000000000e-09
1.08125000000000e-07	2.93750000000000e-08	1.50000000000000e-09	1.25000000000000e-09	1.25000000000000e-09	3.00000000000000e-09
1.09375000000000e-07	2.81250000000000e-08	1.50000000000000e-09	1.25000000000000e-09	1.25000000000000e-09	3.00000000000000e-09
1.09375000000000e-07	2.93750000000000e-08	1.50000000000000e-09	1.25000000000000e-09	1.25000000000000e-09	3.00000000000000e-09
1.10625000000000e-07	2.56250000000000e-08	1.50000000000000e-09	1.25000000000000e-09	1.25000000000000e-09	3.00000000000000e-09
1.10625000000000e-07	2.68750000000000e-08	1.50000000000000e-09	1.25000000000000e-09	1.25000000000000e-09	3.00000000000000e-09
1.11875000000000e-07	2.56250000000000e-08	1.50000000000000e-09	1.25000000000000e-09	1.25000000000000e-09	3.00000000000000e-09
1.11875000000000e-07	2.68750000000000e-08	1.50000000000000e-09	1.25000000000000e-09	1.25000000000000e-09	3.00000000000000e-09
1.10625000000000e-07	2.81250000000000e-08	1.50000000000000e-09	1.25000000000000e-09	1.25000000000000e-09	3.00000000000000e-09
1.10625000000000e-07	2.93750000000000e-08	1.50000000000000e-09	1.25000000000000e-09	1.25000000000000e-09	3.00000000000000e-09
1.11875000000000e-07	2.81250000000000e-08	1.50000000000000e-09	1.25000000000000e-09	1.25000000000000e-09	3.00000000000000e-09
1.11875000000000e-07	2.93750000000000e-08	1.50000000000000e-09	1.25000000000000e-09	1.25000000000000e-09	3.00000000000000e-09
1.13125000000000e-07	2.56250000000000e-08	1.50000000000000e-09	1.25000000000000e-09	1.25000000000000e-09	3.00000000000000e-09
1.13125000000000e-07	2.68750000000000e-08	1.50000000000000e-09	1.25000000000000e-09	1.25000000000000e-09	3.00000000000000e-09
1.14375000000000e-07	2.56250000000000e-08	1.50000000000000e-09	1.25000000000000e-09	1.25000000000000e-09	3.00000000000000e-09
1.14375000000000e-07	2.68750000000000e-08	1.50000000000000e-09	1.25000000000000e-09	1.25000000000000e-09	3.00000000000000e-09
1.13125000000000e-07	2.81250000000000e-08	1.50000000000000e-09	1.25000000000000e-09	1.25000000000000e-09	3.00000000000000e-09
1.13125000000000e-07	2.93750000000000e-08	1.50000000000000e-09	1.25000000000000e-09	1.25000000000000e-09	3.00000000000000e-09
1.14375000000000e-07	2.81250000000000e-08	1.50000000000000e-09	1.25000000000000e-09	1.25000000000000e-09	3.00000000000000e-09
1.14375000000000e-07	2.93750000000000e-08	1.50000000000000e-09	1.25000000000000e-09	1.25000000000000e-09	3.00000000000000e-09
1.15625000000000e-07	2.56250000000000e-08	1.50000000000000e-09	1.25000000000000e-09	1.25000000000000e-09	3.00000000000000e-09
1.15625000000000e-07	2.68750000000000e-08	1.50000000000000e-09	1.25000000000000e-09	1.25000000000000e-09	3.00000000000000e-09
1.16875000000000e-07	2.56250000000000e-08	1.50000000000000e-09	1.25000000000000e-09	1.25000000000000e-09	3.00000000000000e-09
1.16875000000000e-07	2.68750000000000e-08	1.50000000000000e-09	1.25000000000000e-09	1.25000000000000e-09	3.00000000000000e-09
1.15625000000000e-07	2.81250000000000e-08	1.50000000000000e-09	1.25000000000000e-09	1.25000000000000e-09	3.00000000000000e-09
1.15625000000000e-07	2.93750000000000e-08	1.50000000000000e-09	1.25000000000000e-09	1.25000000000000e-09	3.00000000000000e-09
1.16875000000000e-07	2.81250000000000e-08	1.50000000000000e-09	1.25000000000000e-09	1.25000000000000e-09	3.00000000000000e-09
1.16875000000000e-07	2.93750000000000e-08	1.50000000000000e-09	1.25000000000000e-09	1.25000000000000e-09	3.00000000000000e-09
1.18125000000000e-07	2.56250000000000e-08	1.50000000000000e-09	1.25000000000000e-09	1.25000000000000e-09	3.00000000000000e-09
1.18125000000000e-07	2.68750000000000e-08	1.50000000000000e-09	1.25000000000000e-09	1.25000000000000e-09	3.00000000000000e-09
1.19375000000000e-07	2.56250000000000e-08	1.50000000000000e-09	1.25000000000000e-09	1.25000000000000e-09	3.00000000000000e-09
1.19375000000000e-07	2.68750000000000e-08	1.50000000000000e-09	1.25000000000000e-09	1.25000000000000e-09	3.00000000000000e-09
1.18125000000000e-07	2.81250000000000e-08	1.50000000000000e-09	1.25000000000000e-09	1.25000000000000e-09	3.00000000000000e-09
1.18125000000000e-07	2.93750000000000e-08	1.50000000000000e-09	1.25000000000000e-09	1.25000000000000e-09	3.00000000000000e-09
1.19375000000000e-07	2.81250000000000e-08	1.50000000000000e-09	1.25000000000000e-09	1.25000000000000e-09	3.00000000000000e-09
1.19375000000000e-07	2.93750000000000e-08	1.50000000000000e-09	1.25000000000000e-09	1.25000000000000e-09	3.00000000000000e-09
1.22500000000000e-07	2.75000000000000e-08	1.50000000000000e-09	5.00000000000000e-09	5.00000000000000e-09	3.00000000000000e-09
1.27500000000000e-07	2.75000000000000e-08	1.50000000000000e-09	5.00000000000000e-09	5.00000000000000e-09	3.00000000000000e-09
1.32500000000000e-07	2.75000000000000e-08	1.50000000000000e-09	5.00000000000000e-09	5.00000000000000e-09	3.00000000000000e-09
1.37500000000000e-07	2.75000000000000e-08	1.50000000000000e-09	5.00000000000000e-09	5.00000000000000e-09	3.00000000000000e-09
1.42500000000000e-07	2.75000000000000e-08	1.50000000000000e-09	5.00000000000000e-09	5.00000000000000e-09	3.00000000000000e-09
1.47500000000000e-07	2.75000000000000e-08	1.50000000000000e-09	5.00000000000000e-09	5.00000000000000e-09	3.00000000000000e-09
1.52500000000000e-07	2.75000000000000e-08	1.50000000000000e-09	5.00000000000000e-09	5.00000000000000e-09	3.00000000000000e-09
1.57500000000000e-07	2.75000000000000e-08	1.50000000000000e-09	5.00000000000000e-09	5.00000000000000e-09	3.00000000000000e-09
1.62500000000000e-07	2.75000000000000e-08	1.50000000000000e-09	5.00000000000000e-09	5.00000000000000e-09	3.00000000000000e-09
1.67500000000000e-07	2.75000000000000e-08	1.50000000000000e-09	5.00000000000000e-09	5.00000000000000e-09	3.00000000000000e-09
1.72500000000000e-07	2.75000000000000e-08	1.50000000000000e-09	5.00000000000000e-09	5.00000000000000e-09	3.00000000000000e-09
1.77500000000000e-07	2.75000000000000e-08	1.50000000000000e-09	5.00000000000000e-09	5.00000000000000e-09	3.00000000000000e-09
1.82500000000000e-07	2.75000000000000e-08	1.50000000000000e-09	5.00000000000000e-09	5.00000000000000e-09	3.00000000000000e-09
1.87500000000000e-07	2.75000000000000e-08	1.50000000000000e-09	5.00000000000000e-09	5.00000000000000e-09	3.00000000000000e-09
1.92500000000000e-07	2.75000000000000e-08	1.50000000000000e-09	5.00000000000000e-09	5.00000000000000e-09	3.00000000000000e-09
1.97500000000000e-07	2.75000000000000e-08	1.50000000000000e-09	5.00000000000000e-09	5.00000000000000e-09	3.00000000000000e-09
2.02500000000000e-07	2.75000000000000e-08	1.50000000000000e-09	5.00000000000000e-09	5.00000000000000e-09	3.00000000000000e-09
2.07500000000000e-07	2.75000000000000e-08	1.50000000000000e-09	5.00000000000000e-09	5.00000000000000e-09	3.00000000000000e-09
2.12500000000000e-07	2.75000000000000e-08	1.50000000000000e-09	5.00000000000000e-09	5.00000000000000e-09	3.00000000000000e-09
2.15625000000000e-07	2.56250000000000e-08	1.50000000000000e-09	1.25000000000000e-09	1.25000000000000e-09	3.00000000000000e-09
2.15625000000000e-07	2.68750000000000e-08	1.50000000000000e-09	1.25000000000000e-09	1.25000000000000e-09	3.00000000000000e-09
2.16875000000000e-07	2.56250000000000e-08	1.50000000000000e-09	1.25000000000000e-09	1.25000000000000e-09	3.00000000000000e-09
2.16875000000000e-07	2.68750000000000e-08	1.50000000000000e-09	1.25000000000000e-09	1.25000000000000e-09	3.00000000000000e-09
2.15625000000000e-07	2.81250000000000e-08	1.50000000000000e-09	1.25000000000000e-09	1.25000000000000e-09	3.00000000000000e-09
2.15625000000000e-07	2.93750000000000e-08	1.50000000000000e-09	1.25000000000000e-09	1.25000000000000e-09	3.00000000000000e-09
2.16875000000000e-07	2.81250000000000e-08	1.50000000000000e-09	1.25000000000000e-09	1.25000000000000e-09	3.00000000000000e-09
2.16875000000000e-07	2.93750000000000e-08	1.50000000000000e-09	1.25000000000000e-09	1.25000000000000e-09	3.00000000000000e-09
2.18125000000000e-07	2.56250000000000e-08	1.50000000000000e-09	1.25000000000000e-09	1.25000000000000e-09	3.00000000000000e-09
2.18125000000000e-07	2.68750000000000e-08	1.50000000000000e-09	1.25000000000000e-09	1.25000000000000e-09	3.00000000000000e-09
2.19375000000000e-07	2.56250000000000e-08	1.50000000000000e-09	1.25000000000000e-09	1.25000000000000e-09	3.00000000000000e-09
2.19375000000000e-07	2.68750000000000e-08	1.50000000000000e-09	1.25000000000000e-09	1.25000000000000e-09	3.00000000000000e-09
2.18125000000000e-07	2.81250000000000e-08	1.50000000000000e-09	1.25000000000000e-09	1.25000000000000e-09	3.00000000000000e-09
2.18125000000000e-07	2.93750000000000e-08	1.50000000000000e-09	1.25000000000000e-09	1.25000000000000e-09	3.00000000000000e-09
2.19375000000000e-07	2.81250000000000e-08	1.50000000000000e-09	1.25000000000000e-09	1.25000000000000e-09	3.00000000000000e-09
2.19375000000000e-07	2.93750000000000e-08	1.50000000000000e-09	1.25000000000000e-09	1.25000000000000e-09	3.00000000000000e-09
2.20625000000000e-07	2.56250000000000e-08	1.50000000000000e-09	1.25000000000000e-09	1.25000000000000e-09	3.00000000000000e-09
2.20625000000000e-07	2.68750000000000e-08	1.50000000000000e-09	1.25000000000000e-09	1.25000000000000e-09	3.00000000000000e-09
2.21875000000000e-07	2.56250000000000e-08	1.50000000000000e-09	1.25000000000000e-09	1.25000000000000e-09	3.00000000000000e-09
2.21875000000000e-07	2.68750000000000e-08	1.50000000000000e-09	1.25000000000000e-09	1.25000000000000e-09	3.00000000000000e-09
2.20625000000000e-07	2.81250000000000e-08	1.50000000000000e-09	1.25000000000000e-09	1.25000000000000e-09	3.00000000000000e-09
2.20625000000000e-07	2.93750000000000e-08	1.50000000000000e-09	1.25000000000000e-09	1.25000000000000e-09	3.00000000000000e-09
2.21875000000000e-07	2.81250000000000e-08	1.50000000000000e-09	1.25000000000000e-09	1.25000000000000e-09	3.00000000000000e-09
2.21875000000000e-07	2.93750000000000e-08	1.50000000000000e-09	1.25000000000000e-09	1.25000000000000e-09	3.00000000000000e-09
2.23125000000000e-07	2.56250000000000e-08	1.50000000000000e-09	1.25000000000000e-09	1.25000000000000e-09	3.00000000000000e-09
2.23125000000000e-07	2.68750000000000e-08	1.50000000000000e-09	1.25000000000000e-09	1.25000000000000e-09	3.00000000000000e-09
2.24375000000000e-07	2.56250000000000e-08	1.50000000000000e-09	1.25000000000000e-09	1.25000000000000e-09	3.00000000000000e-09
2.24375000000000e-07	2.68750000000000e-08	1.50000000000000e-09	1.25000000000000e-09	1.25000000000000e-09	3.00000000000000e-09
2.23125000000000e-07	2.81250000000000e-08	1.50000000000000e-09	1.25000000000000e-09	1.25000000000000e-09	3.00000000000000e-09
2.23125000000000e-07	2.93750000000000e-08	1.50000000000000e-09	1.25000000000000e-09	1.25000000000000e-09	3.00000000000000e-09
2.24375000000000e-07	2.81250000000000e-08	1.50000000000000e-09	1.25000000000000e-09	1.25000000000000e-09	3.00000000000000e-09
2.24375000000000e-07	2.93750000000000e-08	1.50000000000000e-09	1.25000000000000e-09	1.25000000000000e-09	3.00000000000000e-09
2.28750000000000e-07	2.62500000000000e-08	1.50000000000000e-09	2.50000000000000e-09	2.50000000000000e-09	3.00000000000000e-09
2.28750000000000e-07	2.87500000000000e-08	1.50000000000000e-09	2.50000000000000e-09	2.50000000000000e-09	3.00000000000000e-09
2.25625000000000e-07	2.56250000000000e-08	1.50000000000000e-09	1.25000000000000e-09	1.25000000000000e-09	3.00000000000000e-09
2.25625000000000e-07	2.68750000000000e-08	1.50000000000000e-09	1.25000000000000e-09	1.25000000000000e-09	3.00000000000000e-09
2.26875000000000e-07	2.56250000000000e-08	1.50000000000000e-09	1.25000000000000e-09	1.25000000000000e-09	3.00000000000000e-09
2.26875000000000e-07	2.68750000000000e-08	1.50000000000000e-09	1.25000000000000e-09	1.25000000000000e-09	3.00000000000000e-09
2.25625000000000e-07	2.81250000000000e-08	1.50000000000000e-09	1.25000000000000e-09	1.25000000000000e-09	3.00000000000000e-09
2.25625000000000e-07	2.93750000000000e-08	1.50000000000000e-09	1.25000000000000e-09	1.25000000000000e-09	3.00000000000000e-09
2.26875000000000e-07	2.81250000000000e-08	1.50000000000000e-09	1.25000000000000e-09	1.25000000000000e-09	3.00000000000000e-09
2.26875000000000e-07	2.93750000000000e-08	1.50000000000000e-09	1.25000000000000e-09	1.25000000000000e-09	3.00000000000000e-09
2.32500000000000e-07	2.75000000000000e-08	1.50000000000000e-09	5.00000000000000e-09	5.00000000000000e-09	3.00000000000000e-09
2.37500000000000e-07	2.75000000000000e-08	1.50000000000000e-09	5.00000000000000e-09	5.00000000000000e-09	3.00000000000000e-09
2.42500000000000e-07	2.75000000000000e-08	1.50000000000000e-09	5.00000000000000e-09	5.00000000000000e-09	3.00000000000000e-09
2.47500000000000e-07	2.75000000000000e-08	1.50000000000000e-09	5.00000000000000e-09	5.00000000000000e-09	3.00000000000000e-09
2.52500000000000e-07	2.75000000000000e-08	1.50000000000000e-09	5.00000000000000e-09	5.00000000000000e-09	3.00000000000000e-09
2.57500000000000e-07	2.75000000000000e-08	1.50000000000000e-09	5.00000000000000e-09	5.00000000000000e-09	3.00000000000000e-09
2.62500000000000e-07	2.75000000000000e-08	1.50000000000000e-09	5.00000000000000e-09	5.00000000000000e-09	3.00000000000000e-09
2.67500000000000e-07	2.75000000000000e-08	1.50000000000000e-09	5.00000000000000e-09	5.00000000000000e-09	3.00000000000000e-09
2.72500000000000e-07	2.75000000000000e-08	1.50000000000000e-09	5.00000000000000e-09	5.00000000000000e-09	3.00000000000000e-09
2.77500000000000e-07	2.75000000000000e-08	1.50000000000000e-09	5.00000000000000e-09	5.00000000000000e-09	3.00000000000000e-09
2.82500000000000e-07	2.75000000000000e-08	1.50000000000000e-09	5.00000000000000e-09	5.00000000000000e-09	3.00000000000000e-09
2.87500000000000e-07	2.75000000000000e-08	1.50000000000000e-09	5.00000000000000e-09	5.00000000000000e-09	3.00000000000000e-09
2.92500000000000e-07	2.75000000000000e-08	1.50000000000000e-09	5.00000000000000e-09	5.00000000000000e-09	3.00000000000000e-09
2.97500000000000e-07	2.75000000000000e-08	1.50000000000000e-09	5.00000000000000e-09	5.00000000000000e-09	3.00000000000000e-09
3.02500000000000e-07	2.75000000000000e-08	1.50000000000000e-09	5.00000000000000e-09	5.00000000000000e-09	3.00000000000000e-09
3.05625000000000e-07	2.56250000000000e-08	1.50000000000000e-09	1.25000000000000e-09	1.25000000000000e-09	3.00000000000000e-09
3.05625000000000e-07	2.68750000000000e-08	1.50000000000000e-09	1.25000000000000e-09	1.25000000000000e-09	3.00000000000000e-09
3.06875000000000e-07	2.56250000000000e-08	1.50000000000000e-09	1.25000000000000e-09	1.25000000000000e-09	3.00000000000000e-09
3.06875000000000e-07	2.68750000000000e-08	1.50000000000000e-09	1.25000000000000e-09	1.25000000000000e-09	3.00000000000000e-09
3.05625000000000e-07	2.81250000000000e-08	1.50000000000000e-09	1.25000000000000e-09	1.25000000000000e-09	3.00000000000000e-09
3.05625000000000e-07	2.93750000000000e-08	1.50000000000000e-09	1.25000000000000e-09	1.25000000000000e-09	3.00000000000000e-09
3.06875000000000e-07	2.81250000000000e-08	1.50000000000000e-09	1.25000000000000e-09	1.25000000000000e-09	3.00000000000000e-09
3.06875000000000e-07	2.93750000000000e-08	1.50000000000000e-09	1.25000000000000e-09	1.25000000000000e-09	3.00000000000000e-09
3.08125000000000e-07	2.56250000000000e-08	1.50000000000000e-09	1.25000000000000e-09	1.25000000000000e-09	3.00000000000000e-09
3.08125000000000e-07	2.68750000000000e-08	1.50000000000000e-09	1.25000000000000e-09	1.25000000000000e-09	3.00000000000000e-09
3.09375000000000e-07	2.56250000000000e-08	1.50000000000000e-09	1.25000000000000e-09	1.25000000000000e-09	3.00000000000000e-09
3.09375000000000e-07	2.68750000000000e-08	1.50000000000000e-09	1.25000000000000e-09	1.25000000000000e-09	3.00000000000000e-09
3.08125000000000e-07	2.81250000000000e-08	1.50000000000000e-09	1.25000000000000e-09	1.25000000000000e-09	3.00000000000000e-09
3.08125000000000e-07	2.93750000000000e-08	1.50000000000000e-09	1.25000000000000e-09	1.25000000000000e-09	3.00000000000000e-09
3.09375000000000e-07	2.81250000000000e-08	1.50000000000000e-09	1.25000000000000e-09	1.25000000000000e-09	3.00000000000000e-09
3.09375000000000e-07	2.93750000000000e-08	1.50000000000000e-09	1.25000000000000e-09	1.25000000000000e-09	3.00000000000000e-09
3.10625000000000e-07	2.56250000000000e-08	1.50000000000000e-09	1.25000000000000e-09	1.25000000000000e-09	3.00000000000000e-09
3.10625000000000e-07	2.68750000000000e-08	1.50000000000000e-09	1.25000000000000e-09	1.25000000000000e-09	3.00000000000000e-09
3.11875000000000e-07	2.56250000000000e-08	1.50000000000000e-09	1.25000000000000e-09	1.25000000000000e-09	3.00000000000000e-09
3.11875000000000e-07	2.68750000000000e-08	1.50000000000000e-09	1.25000000000000e-09	1.25000000000000e-09	3.00000000000000e-09
3.10625000000000e-07	2.81250000000000e-08	1.50000000000000e-09	1.25000000000000e-09	1.25000000000000e-09	3.00000000000000e-09
3.10625000000000e-07	2.93750000000000e-08	1.50000000000000e-09	1.25000000000000e-09	1.25000000000000e-09	3.00000000000000e-09
3.11875000000000e-07	2.81250000000000e-08	1.50000000000000e-09	1.25000000000000e-09	1.25000000000000e-09	3.00000000000000e-09
3.11875000000000e-07	2.93750000000000e-08	1.50000000000000e-09	1.25000000000000e-09	1.25000000000000e-09	3.00000000000000e-09
3.13125000000000e-07	2.56250000000000e-08	1.50000000000000e-09	1.25000000000000e-09	1.25000000000000e-09	3.00000000000000e-09
3.13125000000000e-07	2.68750000000000e-08	1.50000000000000e-09	1.25000000000000e-09	1.25000000000000e-09	3.00000000000000e-09
3.14375000000000e-07	2.56250000000000e-08	1.50000000000000e-09	1.25000000000000e-09	1.25000000000000e-09	3.00000000000000e-09
3.14375000000000e-07	2.68750000000000e-08	1.50000000000000e-09	1.25000000000000e-09	1.25000000000000e-09	3.00000000000000e-09
3.13125000000000e-07	2.81250000000000e-08	1.50000000000000e-09	1.25000000000000e-09	1.25000000000000e-09	3.00000000000000e-09
3.13125000000000e-07	2.93750000000000e-08	1.50000000000000e-09	1.25000000000000e-09	1.25000000000000e-09	3.00000000000000e-09
3.14375000000000e-07	2.81250000000000e-08	1.50000000000000e-09	1.25000000000000e-09	1.25000000000000e-09	3.00000000000000e-09
3.14375000000000e-07	2.93750000000000e-08	1.50000000000000e-09	1.25000000000000e-09	1.25000000000000e-09	3.00000000000000e-09
3.18750000000000e-07	2.62500000000000e-08	1.50000000000000e-09	2.50000000000000e-09	2.50000000000000e-09	3.00000000000000e-09
3.18750000000000e-07	2.87500000000000e-08	1.50000000000000e-09	2.50000000000000e-09	2.50000000000000e-09	3.00000000000000e-09
3.15625000000000e-07	2.56250000000000e-08	1.50000000000000e-09	1.25000000000000e-09	1.25000000000000e-09	3.00000000000000e-09
3.15625000000000e-07	2.68750000000000e-08	1.50000000000000e-09	1.25000000000000e-09	1.25000000000000e-09	3.00000000000000e-09
3.16875000000000e-07	2.56250000000000e-08	1.50000000000000e-09	1.25000000000000e-09	1.25000000000000e-09	3.00000000000000e-09
3.16875000000000e-07	2.68750000000000e-08	1.50000000000000e-09	1.25000000000000e-09	1.25000000000000e-09	3.00000000000000e-09
3.15625000000000e-07	2.81250000000000e-08	1.50000000000000e-09	1.25000000000000e-09	1.25000000000000e-09	3.00000000000000e-09
3.15625000000000e-07	2.93750000000000e-08	1.50000000000000e-09	1.25000000000000e-09	1.25000000000000e-09	3.00000000000000e-09
3.16875000000000e-07	2.81250000000000e-08	1.50000000000000e-09	1.25000000000000e-09	1.25000000000000e-09	3.00000000000000e-09
3.16875000000000e-07	2.93750000000000e-08	1.50000000000000e-09	1.25000000000000e-09	1.25000000000000e-09	3.00000000000000e-09
3.22500000000000e-07	2.75000000000000e-08	1.50000000000000e-09	5.00000000000000e-09	5.00000000000000e-09	3.00000000000000e-09
3.27500000000000e-07	2.75000000000000e-08	1.50000000000000e-09	5.00000000000000e-09	5.00000000000000e-09	3.00000000000000e-09
3.32500000000000e-07	2.75000000000000e-08	1.50000000000000e-09	5.00000000000000e-09	5.00000000000000e-09	3.00000000000000e-09
3.37500000000000e-07	2.75000000000000e-08	1.50000000000000e-09	5.00000000000000e-09	5.00000000000000e-09	3.00000000000000e-09
3.42500000000000e-07	2.75000000000000e-08	1.50000000000000e-09	5.00000000000000e-09	5.00000000000000e-09	3.00000000000000e-09
3.46250000000000e-07	2.62500000000000e-08	1.50000000000000e-09	2.50000000000000e-09	2.50000000000000e-09	3.00000000000000e-09
3.46250000000000e-07	2.87500000000000e-08	1.50000000000000e-09	2.50000000000000e-09	2.50000000000000e-09	3.00000000000000e-09
3.48125000000000e-07	2.56250000000000e-08	1.50000000000000e-09	1.25000000000000e-09	1.25000000000000e-09	3.00000000000000e-09
3.48125000000000e-07	2.68750000000000e-08	1.50000000000000e-09	1.25000000000000e-09	1.25000000000000e-09	3.00000000000000e-09
3.49375000000000e-07	2.56250000000000e-08	1.50000000000000e-09	1.25000000000000e-09	1.25000000000000e-09	3.00000000000000e-09
3.49375000000000e-07	2.68750000000000e-08	1.50000000000000e-09	1.25000000000000e-09	1.25000000000000e-09	3.00000000000000e-09
3.48125000000000e-07	2.81250000000000e-08	1.50000000000000e-09	1.25000000000000e-09	1.25000000000000e-09	3.00000000000000e-09
3.48125000000000e-07	2.93750000000000e-08	1.50000000000000e-09	1.25000000000000e-09	1.25000000000000e-09	3.00000000000000e-09
3.49375000000000e-07	2.81250000000000e-08	1.50000000000000e-09	1.25000000000000e-09	1.25000000000000e-09	3.00000000000000e-09
3.49375000000000e-07	2.93750000000000e-08	1.50000000000000e-09	1.25000000000000e-09	1.25000000000000e-09	3.00000000000000e-09
3.50625000000000e-07	2.56250000000000e-08	1.50000000000000e-09	1.25000000000000e-09	1.25000000000000e-09	3.00000000000000e-09
3.50625000000000e-07	2.68750000000000e-08	1.50000000000000e-09	1.25000000000000e-09	1.25000000000000e-09	3.00000000000000e-09
3.51875000000000e-07	2.56250000000000e-08	1.50000000000000e-09	1.25000000000000e-09	1.25000000000000e-09	3.00000000000000e-09
3.51875000000000e-07	2.68750000000000e-08	1.50000000000000e-09	1.25000000000000e-09	1.25000000000000e-09	3.00000000000000e-09
3.50625000000000e-07	2.81250000000000e-08	1.50000000000000e-09	1.25000000000000e-09	1.25000000000000e-09	3.00000000000000e-09
3.50625000000000e-07	2.93750000000000e-08	1.50000000000000e-09	1.25000000000000e-09	1.25000000000000e-09	3.00000000000000e-09
3.51875000000000e-07	2.81250000000000e-08	1.50000000000000e-09	1.25000000000000e-09	1.25000000000000e-09	3.00000000000000e-09
3.51875000000000e-07	2.93750000000000e-08	1.50000000000000e-09	1.25000000000000e-09	1.25000000000000e-09	3.00000000000000e-09
3.53125000000000e-07	2.56250000000000e-08	1.50000000000000e-09	1.25000000000000e-09	1.25000000000000e-09	3.00000000000000e-09
3.53125000000000e-07	2.68750000000000e-08	1.50000000000000e-09	1.25000000000000e-09	1.25000000000000e-09	3.00000000000000e-09
3.54375000000000e-07	2.56250000000000e-08	1.50000000000000e-09	1.25000000000000e-09	1.25000000000000e-09	3.00000000000000e-09
3.54375000000000e-07	2.68750000000000e-08	1.50000000000000e-09	1.25000000000000e-09	1.25000000000000e-09	3.00000000000000e-09
3.53125000000000e-07	2.81250000000000e-08	1.50000000000000e-09	1.25000000000000e-09	1.25000000000000e-09	3.00000000000000e-09
3.53125000000000e-07	2.93750000000000e-08	1.50000000000000e-09	1.25000000000000e-09	1.25000000000000e-09	3.00000000000000e-09
3.54375000000000e-07	2.81250000000000e-08	1.50000000000000e-09	1.25000000000000e-09	1.25000000000000e-09	3.00000000000000e-09
3.54375000000000e-07	2.93750000000000e-08	1.50000000000000e-09	1.25000000000000e-09	1.25000000000000e-09	3.00000000000000e-09
3.55625000000000e-07	2.56250000000000e-08	1.50000000000000e-09	1.25000000000000e-09	1.25000000000000e-09	3.00000000000000e-09
3.55625000000000e-07	2.68750000000000e-08	1.50000000000000e-09	1.25000000000000e-09	1.25000000000000e-09	3.00000000000000e-09
3.56875000000000e-07	2.56250000000000e-08	1.50000000000000e-09	1.25000000000000e-09	1.25000000000000e-09	3.00000000000000e-09
3.56875000000000e-07	2.68750000000000e-08	1.50000000000000e-09	1.25000000000000e-09	1.25000000000000e-09	3.00000000000000e-09
3.55625000000000e-07	2.81250000000000e-08	1.50000000000000e-09	1.25000000000000e-09	1.25000000000000e-09	3.00000000000000e-09
3.55625000000000e-07	2.93750000000000e-08	1.50000000000000e-09	1.25000000000000e-09	1.25000000000000e-09	3.00000000000000e-09
3.56875000000000e-07	2.81250000000000e-08	1.50000000000000e-09	1.25000000000000e-09	1.25000000000000e-09	3.00000000000000e-09
3.56875000000000e-07	2.93750000000000e-08	1.50000000000000e-09	1.25000000000000e-09	1.25000000000000e-09	3.00000000000000e-09
3.58125000000000e-07	2.56250000000000e-08	1.50000000000000e-09	1.25000000000000e-09	1.25000000000000e-09	3.00000000000000e-09
3.58125000000000e-07	2.68750000000000e-08	1.50000000000000e-09	1.25000000000000e-09	1.25000000000000e-09	3.00000000000000e-09
3.59375000000000e-07	2.56250000000000e-08	1.50000000000000e-09	1.25000000000000e-09	1.25000000000000e-09	3.00000000000000e-09
3.59375000000000e-07	2.68750000000000e-08	1.50000000000000e-09	1.25000000000000e-09	1.25000000000000e-09	3.00000000000000e-09
3.58125000000000e-07	2.81250000000000e-08	1.50000000000000e-09	1.25000000000000e-09	1.25000000000000e-09	3.00000000000000e-09
3.58125000000000e-07	2.93750000000000e-08	1.50000000000000e-09	1.25000000000000e-09	1.25000000000000e-09	3.00000000000000e-09
3.59375000000000e-07	2.81250000000000e-08	1.50000000000000e-09	1.25000000000000e-09	1.25000000000000e-09	3.00000000000000e-09
3.59375000000000e-07	2.93750000000000e-08	1.50000000000000e-09	1.25000000000000e-09	1.25000000000000e-09	3.00000000000000e-09
3.63750000000000e-07	2.62500000000000e-08	1.50000000000000e-09	2.50000000000000e-09	2.50000000000000e-09	3.00000000000000e-09
3.60625000000000e-07	2.56250000000000e-08	1.50000000000000e-09	1.25000000000000e-09	1.25000000000000e-09	3.00000000000000e-09
3.60625000000000e-07	2.68750000000000e-08	1.50000000000000e-09	1.25000000000000e-09	1.25000000000000e-09	3.00000000000000e-09
3.61875000000000e-07	2.56250000000000e-08	1.50000000000000e-09	1.25000000000000e-09	1.25000000000000e-09	3.00000000000000e-09
3.61875000000000e-07	2.68750000000000e-08	1.50000000000000e-09	1.25000000000000e-09	1.25000000000000e-09	3.00000000000000e-09
3.60625000000000e-07	2.81250000000000e-08	1.50000000000000e-09	1.25000000000000e-09	1.25000000000000e-09	3.00000000000000e-09
3.60625000000000e-07	2.93750000000000e-08	1.50000000000000e-09	1.25000000000000e-09	1.25000000000000e-09	3.00000000000000e-09
3.61875000000000e-07	2.81250000000000e-08	1.50000000000000e-09	1.25000000000000e-09	1.25000000000000e-09	3.00000000000000e-09
3.61875000000000e-07	2.93750000000000e-08	1.50000000000000e-09	1.25000000000000e-09	1.25000000000000e-09	3.00000000000000e-09
3.63125000000000e-07	2.81250000000000e-08	1.50000000000000e-09	1.25000000000000e-09	1.25000000000000e-09	3.00000000000000e-09
3.63125000000000e-07	2.93750000000000e-08	1.50000000000000e-09	1.25000000000000e-09	1.25000000000000e-09	3.00000000000000e-09
3.64375000000000e-07	2.81250000000000e-08	1.50000000000000e-09	1.25000000000000e-09	1.25000000000000e-09	3.00000000000000e-09
3.64375000000000e-07	2.93750000000000e-08	1.50000000000000e-09	1.25000000000000e-09	1.25000000000000e-09	3.00000000000000e-09
3.67500000000000e-07	2.75000000000000e-08	1.50000000000000e-09	5.00000000000000e-09	5.00000000000000e-09	3.00000000000000e-09
3.72500000000000e-07	2.75000000000000e-08	1.50000000000000e-09	5.00000000000000e-09	5.00000000000000e-09	3.00000000000000e-09
3.77500000000000e-07	2.75000000000000e-08	1.50000000000000e-09	5.00000000000000e-09	5.00000000000000e-09	3.00000000000000e-09
3.82500000000000e-07	2.75000000000000e-08	1.50000000000000e-09	5.00000000000000e-09	5.00000000000000e-09	3.00000000000000e-09
3.87500000000000e-07	2.75000000000000e-08	1.50000000000000e-09	5.00000000000000e-09	5.00000000000000e-09	3.00000000000000e-09
3.92500000000000e-07	2.75000000000000e-08	1.50000000000000e-09	5.00000000000000e-09	5.00000000000000e-09	3.00000000000000e-09
3.97500000000000e-07	2.75000000000000e-08	1.50000000000000e-09	5.00000000000000e-09	5.00000000000000e-09	3.00000000000000e-09
4.02500000000000e-07	2.75000000000000e-08	1.50000000000000e-09	5.00000000000000e-09	5.00000000000000e-09	3.00000000000000e-09
4.07500000000000e-07	2.75000000000000e-08	1.50000000000000e-09	5.00000000000000e-09	5.00000000000000e-09	3.00000000000000e-09
4.12500000000000e-07	2.75000000000000e-08	1.50000000000000e-09	5.00000000000000e-09	5.00000000000000e-09	3.00000000000000e-09
4.17500000000000e-07	2.75000000000000e-08	1.50000000000000e-09	5.00000000000000e-09	5.00000000000000e-09	3.00000000000000e-09
4.22500000000000e-07	2.75000000000000e-08	1.50000000000000e-09	5.00000000000000e-09	5.00000000000000e-09	3.00000000000000e-09
4.27500000000000e-07	2.75000000000000e-08	1.50000000000000e-09	5.00000000000000e-09	5.00000000000000e-09	3.00000000000000e-09
4.32500000000000e-07	2.75000000000000e-08	1.50000000000000e-09	5.00000000000000e-09	5.00000000000000e-09	3.00000000000000e-09
4.37500000000000e-07	2.75000000000000e-08	1.50000000000000e-09	5.00000000000000e-09	5.00000000000000e-09	3.00000000000000e-09
4.41250000000000e-07	2.62500000000000e-08	1.50000000000000e-09	2.50000000000000e-09	2.50000000000000e-09	3.00000000000000e-09
4.41250000000000e-07	2.87500000000000e-08	1.50000000000000e-09	2.50000000000000e-09	2.50000000000000e-09	3.00000000000000e-09
4.43750000000000e-07	2.62500000000000e-08	1.50000000000000e-09	2.50000000000000e-09	2.50000000000000e-09	3.00000000000000e-09
4.43125000000000e-07	2.81250000000000e-08	1.50000000000000e-09	1.25000000000000e-09	1.25000000000000e-09	3.00000000000000e-09
4.43125000000000e-07	2.93750000000000e-08	1.50000000000000e-09	1.25000000000000e-09	1.25000000000000e-09	3.00000000000000e-09
4.44375000000000e-07	2.81250000000000e-08	1.50000000000000e-09	1.25000000000000e-09	1.25000000000000e-09	3.00000000000000e-09
4.44375000000000e-07	2.93750000000000e-08	1.50000000000000e-09	1.25000000000000e-09	1.25000000000000e-09	3.00000000000000e-09
4.45625000000000e-07	2.56250000000000e-08	1.50000000000000e-09	1.25000000000000e-09	1.25000000000000e-09	3.00000000000000e-09
4.45625000000000e-07	2.68750000000000e-08	1.50000000000000e-09	1.25000000000000e-09	1.25000000000000e-09	3.00000000000000e-09
4.46875000000000e-07	2.56250000000000e-08	1.50000000000000e-09	1.25000000000000e-09	1.25000000000000e-09	3.00000000000000e-09
4.46875000000000e-07	2.68750000000000e-08	1.50000000000000e-09	1.25000000000000e-09	1.25000000000000e-09	3.00000000000000e-09
4.45625000000000e-07	2.81250000000000e-08	1.50000000000000e-09	1.25000000000000e-09	1.25000000000000e-09	3.00000000000000e-09
4.45625000000000e-07	2.93750000000000e-08	1.50000000000000e-09	1.25000000000000e-09	1.25000000000000e-09	3.00000000000000e-09
4.46875000000000e-07	2.81250000000000e-08	1.50000000000000e-09	1.25000000000000e-09	1.25000000000000e-09	3.00000000000000e-09
4.46875000000000e-07	2.93750000000000e-08	1.50000000000000e-09	1.25000000000000e-09	1.25000000000000e-09	3.00000000000000e-09
4.48125000000000e-07	2.56250000000000e-08	1.50000000000000e-09	1.25000000000000e-09	1.25000000000000e-09	3.00000000000000e-09
4.48125000000000e-07	2.68750000000000e-08	1.50000000000000e-09	1.25000000000000e-09	1.25000000000000e-09	3.00000000000000e-09
4.49375000000000e-07	2.56250000000000e-08	1.50000000000000e-09	1.25000000000000e-09	1.25000000000000e-09	3.00000000000000e-09
4.49375000000000e-07	2.68750000000000e-08	1.50000000000000e-09	1.25000000000000e-09	1.25000000000000e-09	3.00000000000000e-09
4.48125000000000e-07	2.81250000000000e-08	1.50000000000000e-09	1.25000000000000e-09	1.25000000000000e-09	3.00000000000000e-09
4.48125000000000e-07	2.93750000000000e-08	1.50000000000000e-09	1.25000000000000e-09	1.25000000000000e-09	3.00000000000000e-09
4.49375000000000e-07	2.81250000000000e-08	1.50000000000000e-09	1.25000000000000e-09	1.25000000000000e-09	3.00000000000000e-09
4.49375000000000e-07	2.93750000000000e-08	1.50000000000000e-09	1.25000000000000e-09	1.25000000000000e-09	3.00000000000000e-09
4.50625000000000e-07	2.56250000000000e-08	1.50000000000000e-09	1.25000000000000e-09	1.25000000000000e-09	3.00000000000000e-09
4.50625000000000e-07	2.68750000000000e-08	1.50000000000000e-09	1.25000000000000e-09	1.25000000000000e-09	3.00000000000000e-09
4.51875000000000e-07	2.56250000000000e-08	1.50000000000000e-09	1.25000000000000e-09	1.25000000000000e-09	3.00000000000000e-09
4.51875000000000e-07	2.68750000000000e-08	1.50000000000000e-09	1.25000000000000e-09	1.25000000000000e-09	3.00000000000000e-09
4.50625000000000e-07	2.81250000000000e-08	1.50000000000000e-09	1.25000000000000e-09	1.25000000000000e-09	3.00000000000000e-09
4.50625000000000e-07	2.93750000000000e-08	1.50000000000000e-09	1.25000000000000e-09	1.25000000000000e-09	3.00000000000000e-09
4.51875000000000e-07	2.81250000000000e-08	1.50000000000000e-09	1.25000000000000e-09	1.25000000000000e-09	3.00000000000000e-09
4.51875000000000e-07	2.93750000000000e-08	1.50000000000000e-09	1.25000000000000e-09	1.25000000000000e-09	3.00000000000000e-09
4.53125000000000e-07	2.56250000000000e-08	1.50000000000000e-09	1.25000000000000e-09	1.25000000000000e-09	3.00000000000000e-09
4.53125000000000e-07	2.68750000000000e-08	1.50000000000000e-09	1.25000000000000e-09	1.25000000000000e-09	3.00000000000000e-09
4.54375000000000e-07	2.56250000000000e-08	1.50000000000000e-09	1.25000000000000e-09	1.25000000000000e-09	3.00000000000000e-09
4.54375000000000e-07	2.68750000000000e-08	1.50000000000000e-09	1.25000000000000e-09	1.25000000000000e-09	3.00000000000000e-09
4.53125000000000e-07	2.81250000000000e-08	1.50000000000000e-09	1.25000000000000e-09	1.25000000000000e-09	3.00000000000000e-09
4.53125000000000e-07	2.93750000000000e-08	1.50000000000000e-09	1.25000000000000e-09	1.25000000000000e-09	3.00000000000000e-09
4.54375000000000e-07	2.81250000000000e-08	1.50000000000000e-09	1.25000000000000e-09	1.25000000000000e-09	3.00000000000000e-09
4.54375000000000e-07	2.93750000000000e-08	1.50000000000000e-09	1.25000000000000e-09	1.25000000000000e-09	3.00000000000000e-09
4.58750000000000e-07	2.87500000000000e-08	1.50000000000000e-09	2.50000000000000e-09	2.50000000000000e-09	3.00000000000000e-09
4.55625000000000e-07	2.56250000000000e-08	1.50000000000000e-09	1.25000000000000e-09	1.25000000000000e-09	3.00000000000000e-09
4.55625000000000e-07	2.68750000000000e-08	1.50000000000000e-09	1.25000000000000e-09	1.25000000000000e-09	3.00000000000000e-09
4.56875000000000e-07	2.56250000000000e-08	1.50000000000000e-09	1.25000000000000e-09	1.25000000000000e-09	3.00000000000000e-09
4.56875000000000e-07	2.68750000000000e-08	1.50000000000000e-09	1.25000000000000e-09	1.25000000000000e-09	3.00000000000000e-09
4.55625000000000e-07	2.81250000000000e-08	1.50000000000000e-09	1.25000000000000e-09	1.25000000000000e-09	3.00000000000000e-09
4.55625000000000e-07	2.93750000000000e-08	1.50000000000000e-09	1.25000000000000e-09	1.25000000000000e-09	3.00000000000000e-09
4.56875000000000e-07	2.81250000000000e-08	1.50000000000000e-09	1.25000000000000e-09	1.25000000000000e-09	3.00000000000000e-09
4.56875000000000e-07	2.93750000000000e-08	1.50000000000000e-09	1.25000000000000e-09	1.25000000000000e-09	3.00000000000000e-09
4.58125000000000e-07	2.56250000000000e-08	1.50000000000000e-09	1.25000000000000e-09	1.25000000000000e-09	3.00000000000000e-09
4.58125000000000e-07	2.68750000000000e-08	1.50000000000000e-09	1.25000000000000e-09	1.25000000000000e-09	3.00000000000000e-09
4.59375000000000e-07	2.56250000000000e-08	1.50000000000000e-09	1.25000000000000e-09	1.25000000000000e-09	3.00000000000000e-09
4.59375000000000e-07	2.68750000000000e-08	1.50000000000000e-09	1.25000000000000e-09	1.25000000000000e-09	3.00000000000000e-09
4.62500000000000e-07	2.75000000000000e-08	1.50000000000000e-09	5.00000000000000e-09	5.00000000000000e-09	3.00000000000000e-09
4.67500000000000e-07	2.75000000000000e-08	1.50000000000000e-09	5.00000000000000e-09	5.00000000000000e-09	3.00000000000000e-09
4.72500000000000e-07	2.75000000000000e-08	1.50000000000000e-09	5.00000000000000e-09	5.00000000000000e-09	3.00000000000000e-09
4.77500000000000e-07	2.75000000000000e-08	1.50000000000000e-09	5.00000000000000e-09	5.00000000000000e-09	3.00000000000000e-09
4.82500000000000e-07	2.75000000000000e-08	1.50000000000000e-09	5.00000000000000e-09	5.00000000000000e-09	3.00000000000000e-09
4.87500000000000e-07	2.75000000000000e-08	1.50000000000000e-09	5.00000000000000e-09	5.00000000000000e-09	3.00000000000000e-09
4.92500000000000e-07	2.75000000000000e-08	1.50000000000000e-09	5.00000000000000e-09	5.00000000000000e-09	3.00000000000000e-09
4.97500000000000e-07	2.75000000000000e-08	1.50000000000000e-09	5.00000000000000e-09	5.00000000000000e-09	3.00000000000000e-09
2.50000000000000e-09	3.25000000000000e-08	1.50000000000000e-09	5.00000000000000e-09	5.00000000000000e-09	3.00000000000000e-09
7.50000000000000e-09	3.25000000000000e-08	1.50000000000000e-09	5.00000000000000e-09	5.00000000000000e-09	3.00000000000000e-09
1.25000000000000e-08	3.25000000000000e-08	1.50000000000000e-09	5.00000000000000e-09	5.00000000000000e-09	3.00000000000000e-09
1.75000000000000e-08	3.25000000000000e-08	1.50000000000000e-09	5.00000000000000e-09	5.00000000000000e-09	3.00000000000000e-09
2.25000000000000e-08	3.25000000000000e-08	1.50000000000000e-09	5.00000000000000e-09	5.00000000000000e-09	3.00000000000000e-09
2.75000000000000e-08	3.25000000000000e-08	1.50000000000000e-09	5.00000000000000e-09	5.00000000000000e-09	3.00000000000000e-09
3.25000000000000e-08	3.25000000000000e-08	1.50000000000000e-09	5.00000000000000e-09	5.00000000000000e-09	3.00000000000000e-09
3.75000000000000e-08	3.25000000000000e-08	1.50000000000000e-09	5.00000000000000e-09	5.00000000000000e-09	3.00000000000000e-09
4.25000000000000e-08	3.25000000000000e-08	1.50000000000000e-09	5.00000000000000e-09	5.00000000000000e-09	3.00000000000000e-09
4.75000000000000e-08	3.25000000000000e-08	1.50000000000000e-09	5.00000000000000e-09	5.00000000000000e-09	3.00000000000000e-09
5.25000000000000e-08	3.25000000000000e-08	1.50000000000000e-09	5.00000000000000e-09	5.00000000000000e-09	3.00000000000000e-09
5.75000000000000e-08	3.25000000000000e-08	1.50000000000000e-09	5.00000000000000e-09	5.00000000000000e-09	3.00000000000000e-09
6.25000000000000e-08	3.25000000000000e-08	1.50000000000000e-09	5.00000000000000e-09	5.00000000000000e-09	3.00000000000000e-09
6.75000000000000e-08	3.25000000000000e-08	1.50000000000000e-09	5.00000000000000e-09	5.00000000000000e-09	3.00000000000000e-09
7.25000000000000e-08	3.25000000000000e-08	1.50000000000000e-09	5.00000000000000e-09	5.00000000000000e-09	3.00000000000000e-09
7.75000000000000e-08	3.25000000000000e-08	1.50000000000000e-09	5.00000000000000e-09	5.00000000000000e-09	3.00000000000000e-09
8.25000000000000e-08	3.25000000000000e-08	1.50000000000000e-09	5.00000000000000e-09	5.00000000000000e-09	3.00000000000000e-09
8.75000000000000e-08	3.25000000000000e-08	1.50000000000000e-09	5.00000000000000e-09	5.00000000000000e-09	3.00000000000000e-09
9.25000000000000e-08	3.25000000000000e-08	1.50000000000000e-09	5.00000000000000e-09	5.00000000000000e-09	3.00000000000000e-09
9.75000000000000e-08	3.25000000000000e-08	1.50000000000000e-09	5.00000000000000e-09	5.00000000000000e-09	3.00000000000000e-09
1.02500000000000e-07	3.25000000000000e-08	1.50000000000000e-09	5.00000000000000e-09	5.00000000000000e-09	3.00000000000000e-09
1.07500000000000e-07	3.25000000000000e-08	1.50000000000000e-09	5.00000000000000e-09	5.00000000000000e-09	3.00000000000000e-09
1.10625000000000e-07	3.06250000000000e-08	1.50000000000000e-09	1.25000000000000e-09	1.25000000000000e-09	3.00000000000000e-09
1.10625000000000e-07	3.18750000000000e-08	1.50000000000000e-09	1.25000000000000e-09	1.25000000000000e-09	3.00000000000000e-09
1.11875000000000e-07	3.06250000000000e-08	1.50000000000000e-09	1.25000000000000e-09	1.25000000000000e-09	3.00000000000000e-09
1.11875000000000e-07	3.18750000000000e-08	1.50000000000000e-09	1.25000000000000e-09	1.25000000000000e-09	3.00000000000000e-09
1.10625000000000e-07	3.31250000000000e-08	1.50000000000000e-09	1.25000000000000e-09	1.25000000000000e-09	3.00000000000000e-09
1.10625000000000e-07	3.43750000000000e-08	1.50000000000000e-09	1.25000000000000e-09	1.25000000000000e-09	3.00000000000000e-09
1.11875000000000e-07	3.31250000000000e-08	1.50000000000000e-09	1.25000000000000e-09	1.25000000000000e-09	3.00000000000000e-09
1.11875000000000e-07	3.43750000000000e-08	1.50000000000000e-09	1.25000000000000e-09	1.25000000000000e-09	3.00000000000000e-09
1.13125000000000e-07	3.06250000000000e-08	1.50000000000000e-09	1.25000000000000e-09	1.25000000000000e-09	3.00000000000000e-09
1.13125000000000e-07	3.18750000000000e-08	1.50000000000000e-09	1.25000000000000e-09	1.25000000000000e-09	3.00000000000000e-09
1.14375000000000e-07	3.06250000000000e-08	1.50000000000000e-09	1.25000000000000e-09	1.25000000000000e-09	3.00000000000000e-09
1.14375000000000e-07	3.18750000000000e-08	1.50000000000000e-09	1.25000000000000e-09	1.25000000000000e-09	3.00000000000000e-09
1.13125000000000e-07	3.31250000000000e-08	1.50000000000000e-09	1.25000000000000e-09	1.25000000000000e-09	3.00000000000000e-09
1.13125000000000e-07	3.43750000000000e-08	1.50000000000000e-09	1.25000000000000e-09	1.25000000000000e-09	3.00000000000000e-09
1.14375000000000e-07	3.31250000000000e-08	1.50000000000000e-09	1.25000000000000e-09	1.25000000000000e-09	3.00000000000000e-09
1.14375000000000e-07	3.43750000000000e-08	1.50000000000000e-09	1.25000000000000e-09	1.25000000000000e-09	3.00000000000000e-09
1.15625000000000e-07	3.06250000000000e-08	1.50000000000000e-09	1.25000000000000e-09	1.25000000000000e-09	3.00000000000000e-09
1.15625000000000e-07	3.18750000000000e-08	1.50000000000000e-09	1.25000000000000e-09	1.25000000000000e-09	3.00000000000000e-09
1.16875000000000e-07	3.06250000000000e-08	1.50000000000000e-09	1.25000000000000e-09	1.25000000000000e-09	3.00000000000000e-09
1.16875000000000e-07	3.18750000000000e-08	1.50000000000000e-09	1.25000000000000e-09	1.25000000000000e-09	3.00000000000000e-09
1.15625000000000e-07	3.31250000000000e-08	1.50000000000000e-09	1.25000000000000e-09	1.25000000000000e-09	3.00000000000000e-09
1.15625000000000e-07	3.43750000000000e-08	1.50000000000000e-09	1.25000000000000e-09	1.25000000000000e-09	3.00000000000000e-09
1.16875000000000e-07	3.31250000000000e-08	1.50000000000000e-09	1.25000000000000e-09	1.25000000000000e-09	3.00000000000000e-09
1.16875000000000e-07	3.43750000000000e-08	1.50000000000000e-09	1.25000000000000e-09	1.25000000000000e-09	3.00000000000000e-09
1.18125000000000e-07	3.06250000000000e-08	1.50000000000000e-09	1.25000000000000e-09	1.25000000000000e-09	3.00000000000000e-09
1.18125000000000e-07	3.18750000000000e-08	1.50000000000000e-09	1.25000000000000e-09	1.25000000000000e-09	3.00000000000000e-09
1.19375000000000e-07	3.06250000000000e-08	1.50000000000000e-09	1.25000000000000e-09	1.25000000000000e-09	3.00000000000000e-09
1.19375000000000e-07	3.18750000000000e-08	1.50000000000000e-09	1.25000000000000e-09	1.25000000000000e-09	3.00000000000000e-09
1.18125000000000e-07	3.31250000000000e-08	1.50000000000000e-09	1.25000000000000e-09	1.25000000000000e-09	3.00000000000000e-09
1.18125000000000e-07	3.43750000000000e-08	1.50000000000000e-09	1.25000000000000e-09	1.25000000000000e-09	3.00000000000000e-09
1.19375000000000e-07	3.31250000000000e-08	1.50000000000000e-09	1.25000000000000e-09	1.25000000000000e-09	3.00000000000000e-09
1.19375000000000e-07	3.43750000000000e-08	1.50000000000000e-09	1.25000000000000e-09	1.25000000000000e-09	3.00000000000000e-09
1.22500000000000e-07	3.25000000000000e-08	1.50000000000000e-09	5.00000000000000e-09	5.00000000000000e-09	3.00000000000000e-09
1.27500000000000e-07	3.25000000000000e-08	1.50000000000000e-09	5.00000000000000e-09	5.00000000000000e-09	3.00000000000000e-09
1.32500000000000e-07	3.25000000000000e-08	1.50000000000000e-09	5.00000000000000e-09	5.00000000000000e-09	3.00000000000000e-09
1.37500000000000e-07	3.25000000000000e-08	1.50000000000000e-09	5.00000000000000e-09	5.00000000000000e-09	3.00000000000000e-09
1.42500000000000e-07	3.25000000000000e-08	1.50000000000000e-09	5.00000000000000e-09	5.00000000000000e-09	3.00000000000000e-09
1.47500000000000e-07	3.25000000000000e-08	1.50000000000000e-09	5.00000000000000e-09	5.00000000000000e-09	3.00000000000000e-09
1.52500000000000e-07	3.25000000000000e-08	1.50000000000000e-09	5.00000000000000e-09	5.00000000000000e-09	3.00000000000000e-09
1.57500000000000e-07	3.25000000000000e-08	1.50000000000000e-09	5.00000000000000e-09	5.00000000000000e-09	3.00000000000000e-09
1.62500000000000e-07	3.25000000000000e-08	1.50000000000000e-09	5.00000000000000e-09	5.00000000000000e-09	3.00000000000000e-09
1.67500000000000e-07	3.25000000000000e-08	1.50000000000000e-09	5.00000000000000e-09	5.00000000000000e-09	3.00000000000000e-09
1.72500000000000e-07	3.25000000000000e-08	1.50000000000000e-09	5.00000000000000e-09	5.00000000000000e-09	3.00000000000000e-09
1.77500000000000e-07	3.25000000000000e-08	1.50000000000000e-09	5.00000000000000e-09	5.00000000000000e-09	3.00000000000000e-09
1.82500000000000e-07	3.25000000000000e-08	1.50000000000000e-09	5.00000000000000e-09	5.00000000000000e-09	3.00000000000000e-09
1.87500000000000e-07	3.25000000000000e-08	1.50000000000000e-09	5.00000000000000e-09	5.00000000000000e-09	3.00000000000000e-09
1.92500000000000e-07	3.25000000000000e-08	1.50000000000000e-09	5.00000000000000e-09	5.00000000000000e-09	3.00000000000000e-09
1.97500000000000e-07	3.25000000000000e-08	1.50000000000000e-09	5.00000000000000e-09	5.00000000000000e-09	3.00000000000000e-09
2.02500000000000e-07	3.25000000000000e-08	1.50000000000000e-09	5.00000000000000e-09	5.00000000000000e-09	3.00000000000000e-09
2.07500000000000e-07	3.25000000000000e-08	1.50000000000000e-09	5.00000000000000e-09	5.00000000000000e-09	3.00000000000000e-09
2.12500000000000e-07	3.25000000000000e-08	1.50000000000000e-09	5.00000000000000e-09	5.00000000000000e-09	3.00000000000000e-09
2.15625000000000e-07	3.06250000000000e-08	1.50000000000000e-09	1.25000000000000e-09	1.25000000000000e-09	3.00000000000000e-09
2.15625000000000e-07	3.18750000000000e-08	1.50000000000000e-09	1.25000000000000e-09	1.25000000000000e-09	3.00000000000000e-09
2.16875000000000e-07	3.06250000000000e-08	1.50000000000000e-09	1.25000000000000e-09	1.25000000000000e-09	3.00000000000000e-09
2.16875000000000e-07	3.18750000000000e-08	1.50000000000000e-09	1.25000000000000e-09	1.25000000000000e-09	3.00000000000000e-09
2.15625000000000e-07	3.31250000000000e-08	1.50000000000000e-09	1.25000000000000e-09	1.25000000000000e-09	3.00000000000000e-09
2.15625000000000e-07	3.43750000000000e-08	1.50000000000000e-09	1.25000000000000e-09	1.25000000000000e-09	3.00000000000000e-09
2.16875000000000e-07	3.31250000000000e-08	1.50000000000000e-09	1.25000000000000e-09	1.25000000000000e-09	3.00000000000000e-09
2.16875000000000e-07	3.43750000000000e-08	1.50000000000000e-09	1.25000000000000e-09	1.25000000000000e-09	3.00000000000000e-09
2.18125000000000e-07	3.06250000000000e-08	1.50000000000000e-09	1.25000000000000e-09	1.25000000000000e-09	3.00000000000000e-09
2.18125000000000e-07	3.18750000000000e-08	1.50000000000000e-09	1.25000000000000e-09	1.25000000000000e-09	3.00000000000000e-09
2.19375000000000e-07	3.06250000000000e-08	1.50000000000000e-09	1.25000000000000e-09	1.25000000000000e-09	3.00000000000000e-09
2.19375000000000e-07	3.18750000000000e-08	1.50000000000000e-09	1.25000000000000e-09	1.25000000000000e-09	3.00000000000000e-09
2.18125000000000e-07	3.31250000000000e-08	1.50000000000000e-09	1.25000000000000e-09	1.25000000000000e-09	3.00000000000000e-09
2.18125000000000e-07	3.43750000000000e-08	1.50000000000000e-09	1.25000000000000e-09	1.25000000000000e-09	3.00000000000000e-09
2.19375000000000e-07	3.31250000000000e-08	1.50000000000000e-09	1.25000000000000e-09	1.25000000000000e-09	3.00000000000000e-09
2.19375000000000e-07	3.43750000000000e-08	1.50000000000000e-09	1.25000000000000e-09	1.25000000000000e-09	3.00000000000000e-09
2.20625000000000e-07	3.06250000000000e-08	1.50000000000000e-09	1.25000000000000e-09	1.25000000000000e-09	3.00000000000000e-09
2.20625000000000e-07	3.18750000000000e-08	1.50000000000000e-09	1.25000000000000e-09	1.25000000000000e-09	3.00000000000000e-09
2.21875000000000e-07	3.06250000000000e-08	1.50000000000000e-09	1.25000000000000e-09	1.25000000000000e-09	3.00000000000000e-09
2.21875000000000e-07	3.18750000000000e-08	1.50000000000000e-09	1.25000000000000e-09	1.25000000000000e-09	3.00000000000000e-09
2.20625000000000e-07	3.31250000000000e-08	1.50000000000000e-09	1.25000000000000e-09	1.25000000000000e-09	3.00000000000000e-09
2.20625000000000e-07	3.43750000000000e-08	1.50000000000000e-09	1.25000000000000e-09	1.25000000000000e-09	3.00000000000000e-09
2.21875000000000e-07	3.31250000000000e-08	1.50000000000000e-09	1.25000000000000e-09	1.25000000000000e-09	3.00000000000000e-09
2.21875000000000e-07	3.43750000000000e-08	1.50000000000000e-09	1.25000000000000e-09	1.25000000000000e-09	3.00000000000000e-09
2.23125000000000e-07	3.06250000000000e-08	1.50000000000000e-09	1.25000000000000e-09	1.25000000000000e-09	3.00000000000000e-09
2.23125000000000e-07	3.18750000000000e-08	1.50000000000000e-09	1.25000000000000e-09	1.25000000000000e-09	3.00000000000000e-09
2.24375000000000e-07	3.06250000000000e-08	1.50000000000000e-09	1.25000000000000e-09	1.25000000000000e-09	3.00000000000000e-09
2.24375000000000e-07	3.18750000000000e-08	1.50000000000000e-09	1.25000000000000e-09	1.25000000000000e-09	3.00000000000000e-09
2.23125000000000e-07	3.31250000000000e-08	1.50000000000000e-09	1.25000000000000e-09	1.25000000000000e-09	3.00000000000000e-09
2.23125000000000e-07	3.43750000000000e-08	1.50000000000000e-09	1.25000000000000e-09	1.25000000000000e-09	3.00000000000000e-09
2.24375000000000e-07	3.31250000000000e-08	1.50000000000000e-09	1.25000000000000e-09	1.25000000000000e-09	3.00000000000000e-09
2.24375000000000e-07	3.43750000000000e-08	1.50000000000000e-09	1.25000000000000e-09	1.25000000000000e-09	3.00000000000000e-09
2.28750000000000e-07	3.12500000000000e-08	1.50000000000000e-09	2.50000000000000e-09	2.50000000000000e-09	3.00000000000000e-09
2.28750000000000e-07	3.37500000000000e-08	1.50000000000000e-09	2.50000000000000e-09	2.50000000000000e-09	3.00000000000000e-09
2.25625000000000e-07	3.06250000000000e-08	1.50000000000000e-09	1.25000000000000e-09	1.25000000000000e-09	3.00000000000000e-09
2.25625000000000e-07	3.18750000000000e-08	1.50000000000000e-09	1.25000000000000e-09	1.25000000000000e-09	3.00000000000000e-09
2.26875000000000e-07	3.06250000000000e-08	1.50000000000000e-09	1.25000000000000e-09	1.25000000000000e-09	3.00000000000000e-09
2.26875000000000e-07	3.18750000000000e-08	1.50000000000000e-09	1.25000000000000e-09	1.25000000000000e-09	3.00000000000000e-09
2.25625000000000e-07	3.31250000000000e-08	1.50000000000000e-09	1.25000000000000e-09	1.25000000000000e-09	3.00000000000000e-09
2.25625000000000e-07	3.43750000000000e-08	1.50000000000000e-09	1.25000000000000e-09	1.25000000000000e-09	3.00000000000000e-09
2.26875000000000e-07	3.31250000000000e-08	1.50000000000000e-09	1.25000000000000e-09	1.25000000000000e-09	3.00000000000000e-09
2.26875000000000e-07	3.43750000000000e-08	1.50000000000000e-09	1.25000000000000e-09	1.25000000000000e-09	3.00000000000000e-09
2.32500000000000e-07	3.25000000000000e-08	1.50000000000000e-09	5.00000000000000e-09	5.00000000000000e-09	3.00000000000000e-09
2.37500000000000e-07	3.25000000000000e-08	1.50000000000000e-09	5.00000000000000e-09	5.00000000000000e-09	3.00000000000000e-09
2.42500000000000e-07	3.25000000000000e-08	1.50000000000000e-09	5.00000000000000e-09	5.00000000000000e-09	3.00000000000000e-09
2.47500000000000e-07	3.25000000000000e-08	1.50000000000000e-09	5.00000000000000e-09	5.00000000000000e-09	3.00000000000000e-09
2.52500000000000e-07	3.25000000000000e-08	1.50000000000000e-09	5.00000000000000e-09	5.00000000000000e-09	3.00000000000000e-09
2.57500000000000e-07	3.25000000000000e-08	1.50000000000000e-09	5.00000000000000e-09	5.00000000000000e-09	3.00000000000000e-09
2.62500000000000e-07	3.25000000000000e-08	1.50000000000000e-09	5.00000000000000e-09	5.00000000000000e-09	3.00000000000000e-09
2.67500000000000e-07	3.25000000000000e-08	1.50000000000000e-09	5.00000000000000e-09	5.00000000000000e-09	3.00000000000000e-09
2.72500000000000e-07	3.25000000000000e-08	1.50000000000000e-09	5.00000000000000e-09	5.00000000000000e-09	3.00000000000000e-09
2.77500000000000e-07	3.25000000000000e-08	1.50000000000000e-09	5.00000000000000e-09	5.00000000000000e-09	3.00000000000000e-09
2.82500000000000e-07	3.25000000000000e-08	1.50000000000000e-09	5.00000000000000e-09	5.00000000000000e-09	3.00000000000000e-09
2.87500000000000e-07	3.25000000000000e-08	1.50000000000000e-09	5.00000000000000e-09	5.00000000000000e-09	3.00000000000000e-09
2.92500000000000e-07	3.25000000000000e-08	1.50000000000000e-09	5.00000000000000e-09	5.00000000000000e-09	3.00000000000000e-09
2.97500000000000e-07	3.25000000000000e-08	1.50000000000000e-09	5.00000000000000e-09	5.00000000000000e-09	3.00000000000000e-09
3.02500000000000e-07	3.25000000000000e-08	1.50000000000000e-09	5.00000000000000e-09	5.00000000000000e-09	3.00000000000000e-09
3.05625000000000e-07	3.06250000000000e-08	1.50000000000000e-09	1.25000000000000e-09	1.25000000000000e-09	3.00000000000000e-09
3.05625000000000e-07	3.18750000000000e-08	1.50000000000000e-09	1.25000000000000e-09	1.25000000000000e-09	3.00000000000000e-09
3.06875000000000e-07	3.06250000000000e-08	1.50000000000000e-09	1.25000000000000e-09	1.25000000000000e-09	3.00000000000000e-09
3.06875000000000e-07	3.18750000000000e-08	1.50000000000000e-09	1.25000000000000e-09	1.25000000000000e-09	3.00000000000000e-09
3.05625000000000e-07	3.31250000000000e-08	1.50000000000000e-09	1.25000000000000e-09	1.25000000000000e-09	3.00000000000000e-09
3.05625000000000e-07	3.43750000000000e-08	1.50000000000000e-09	1.25000000000000e-09	1.25000000000000e-09	3.00000000000000e-09
3.06875000000000e-07	3.31250000000000e-08	1.50000000000000e-09	1.25000000000000e-09	1.25000000000000e-09	3.00000000000000e-09
3.06875000000000e-07	3.43750000000000e-08	1.50000000000000e-09	1.25000000000000e-09	1.25000000000000e-09	3.00000000000000e-09
3.08125000000000e-07	3.06250000000000e-08	1.50000000000000e-09	1.25000000000000e-09	1.25000000000000e-09	3.00000000000000e-09
3.08125000000000e-07	3.18750000000000e-08	1.50000000000000e-09	1.25000000000000e-09	1.25000000000000e-09	3.00000000000000e-09
3.09375000000000e-07	3.06250000000000e-08	1.50000000000000e-09	1.25000000000000e-09	1.25000000000000e-09	3.00000000000000e-09
3.09375000000000e-07	3.18750000000000e-08	1.50000000000000e-09	1.25000000000000e-09	1.25000000000000e-09	3.00000000000000e-09
3.08125000000000e-07	3.31250000000000e-08	1.50000000000000e-09	1.25000000000000e-09	1.25000000000000e-09	3.00000000000000e-09
3.08125000000000e-07	3.43750000000000e-08	1.50000000000000e-09	1.25000000000000e-09	1.25000000000000e-09	3.00000000000000e-09
3.09375000000000e-07	3.31250000000000e-08	1.50000000000000e-09	1.25000000000000e-09	1.25000000000000e-09	3.00000000000000e-09
3.09375000000000e-07	3.43750000000000e-08	1.50000000000000e-09	1.25000000000000e-09	1.25000000000000e-09	3.00000000000000e-09
3.10625000000000e-07	3.06250000000000e-08	1.50000000000000e-09	1.25000000000000e-09	1.25000000000000e-09	3.00000000000000e-09
3.10625000000000e-07	3.18750000000000e-08	1.50000000000000e-09	1.25000000000000e-09	1.25000000000000e-09	3.00000000000000e-09
3.11875000000000e-07	3.06250000000000e-08	1.50000000000000e-09	1.25000000000000e-09	1.25000000000000e-09	3.00000000000000e-09
3.11875000000000e-07	3.18750000000000e-08	1.50000000000000e-09	1.25000000000000e-09	1.25000000000000e-09	3.00000000000000e-09
3.10625000000000e-07	3.31250000000000e-08	1.50000000000000e-09	1.25000000000000e-09	1.25000000000000e-09	3.00000000000000e-09
3.10625000000000e-07	3.43750000000000e-08	1.50000000000000e-09	1.25000000000000e-09	1.25000000000000e-09	3.00000000000000e-09
3.11875000000000e-07	3.31250000000000e-08	1.50000000000000e-09	1.25000000000000e-09	1.25000000000000e-09	3.00000000000000e-09
3.11875000000000e-07	3.43750000000000e-08	1.50000000000000e-09	1.25000000000000e-09	1.25000000000000e-09	3.00000000000000e-09
3.13125000000000e-07	3.06250000000000e-08	1.50000000000000e-09	1.25000000000000e-09	1.25000000000000e-09	3.00000000000000e-09
3.13125000000000e-07	3.18750000000000e-08	1.50000000000000e-09	1.25000000000000e-09	1.25000000000000e-09	3.00000000000000e-09
3.14375000000000e-07	3.06250000000000e-08	1.50000000000000e-09	1.25000000000000e-09	1.25000000000000e-09	3.00000000000000e-09
3.14375000000000e-07	3.18750000000000e-08	1.50000000000000e-09	1.25000000000000e-09	1.25000000000000e-09	3.00000000000000e-09
3.13125000000000e-07	3.31250000000000e-08	1.50000000000000e-09	1.25000000000000e-09	1.25000000000000e-09	3.00000000000000e-09
3.13125000000000e-07	3.43750000000000e-08	1.50000000000000e-09	1.25000000000000e-09	1.25000000000000e-09	3.00000000000000e-09
3.14375000000000e-07	3.31250000000000e-08	1.50000000000000e-09	1.25000000000000e-09	1.25000000000000e-09	3.00000000000000e-09
3.14375000000000e-07	3.43750000000000e-08	1.50000000000000e-09	1.25000000000000e-09	1.25000000000000e-09	3.00000000000000e-09
3.18750000000000e-07	3.12500000000000e-08	1.50000000000000e-09	2.50000000000000e-09	2.50000000000000e-09	3.00000000000000e-09
3.18750000000000e-07	3.37500000000000e-08	1.50000000000000e-09	2.50000000000000e-09	2.50000000000000e-09	3.00000000000000e-09
3.15625000000000e-07	3.06250000000000e-08	1.50000000000000e-09	1.25000000000000e-09	1.25000000000000e-09	3.00000000000000e-09
3.15625000000000e-07	3.18750000000000e-08	1.50000000000000e-09	1.25000000000000e-09	1.25000000000000e-09	3.00000000000000e-09
3.16875000000000e-07	3.06250000000000e-08	1.50000000000000e-09	1.25000000000000e-09	1.25000000000000e-09	3.00000000000000e-09
3.16875000000000e-07	3.18750000000000e-08	1.50000000000000e-09	1.25000000000000e-09	1.25000000000000e-09	3.00000000000000e-09
3.15625000000000e-07	3.31250000000000e-08	1.50000000000000e-09	1.25000000000000e-09	1.25000000000000e-09	3.00000000000000e-09
3.15625000000000e-07	3.43750000000000e-08	1.50000000000000e-09	1.25000000000000e-09	1.25000000000000e-09	3.00000000000000e-09
3.16875000000000e-07	3.31250000000000e-08	1.50000000000000e-09	1.25000000000000e-09	1.25000000000000e-09	3.00000000000000e-09
3.16875000000000e-07	3.43750000000000e-08	1.50000000000000e-09	1.25000000000000e-09	1.25000000000000e-09	3.00000000000000e-09
3.22500000000000e-07	3.25000000000000e-08	1.50000000000000e-09	5.00000000000000e-09	5.00000000000000e-09	3.00000000000000e-09
3.27500000000000e-07	3.25000000000000e-08	1.50000000000000e-09	5.00000000000000e-09	5.00000000000000e-09	3.00000000000000e-09
3.32500000000000e-07	3.25000000000000e-08	1.50000000000000e-09	5.00000000000000e-09	5.00000000000000e-09	3.00000000000000e-09
3.37500000000000e-07	3.25000000000000e-08	1.50000000000000e-09	5.00000000000000e-09	5.00000000000000e-09	3.00000000000000e-09
3.42500000000000e-07	3.25000000000000e-08	1.50000000000000e-09	5.00000000000000e-09	5.00000000000000e-09	3.00000000000000e-09
3.47500000000000e-07	3.25000000000000e-08	1.50000000000000e-09	5.00000000000000e-09	5.00000000000000e-09	3.00000000000000e-09
3.51250000000000e-07	3.37500000000000e-08	1.50000000000000e-09	2.50000000000000e-09	2.50000000000000e-09	3.00000000000000e-09
3.50625000000000e-07	3.06250000000000e-08	1.50000000000000e-09	1.25000000000000e-09	1.25000000000000e-09	3.00000000000000e-09
3.50625000000000e-07	3.18750000000000e-08	1.50000000000000e-09	1.25000000000000e-09	1.25000000000000e-09	3.00000000000000e-09
3.51875000000000e-07	3.06250000000000e-08	1.50000000000000e-09	1.25000000000000e-09	1.25000000000000e-09	3.00000000000000e-09
3.51875000000000e-07	3.18750000000000e-08	1.50000000000000e-09	1.25000000000000e-09	1.25000000000000e-09	3.00000000000000e-09
3.53125000000000e-07	3.06250000000000e-08	1.50000000000000e-09	1.25000000000000e-09	1.25000000000000e-09	3.00000000000000e-09
3.53125000000000e-07	3.18750000000000e-08	1.50000000000000e-09	1.25000000000000e-09	1.25000000000000e-09	3.00000000000000e-09
3.54375000000000e-07	3.06250000000000e-08	1.50000000000000e-09	1.25000000000000e-09	1.25000000000000e-09	3.00000000000000e-09
3.54375000000000e-07	3.18750000000000e-08	1.50000000000000e-09	1.25000000000000e-09	1.25000000000000e-09	3.00000000000000e-09
3.53125000000000e-07	3.31250000000000e-08	1.50000000000000e-09	1.25000000000000e-09	1.25000000000000e-09	3.00000000000000e-09
3.53125000000000e-07	3.43750000000000e-08	1.50000000000000e-09	1.25000000000000e-09	1.25000000000000e-09	3.00000000000000e-09
3.54375000000000e-07	3.31250000000000e-08	1.50000000000000e-09	1.25000000000000e-09	1.25000000000000e-09	3.00000000000000e-09
3.54375000000000e-07	3.43750000000000e-08	1.50000000000000e-09	1.25000000000000e-09	1.25000000000000e-09	3.00000000000000e-09
3.55625000000000e-07	3.06250000000000e-08	1.50000000000000e-09	1.25000000000000e-09	1.25000000000000e-09	3.00000000000000e-09
3.55625000000000e-07	3.18750000000000e-08	1.50000000000000e-09	1.25000000000000e-09	1.25000000000000e-09	3.00000000000000e-09
3.56875000000000e-07	3.06250000000000e-08	1.50000000000000e-09	1.25000000000000e-09	1.25000000000000e-09	3.00000000000000e-09
3.56875000000000e-07	3.18750000000000e-08	1.50000000000000e-09	1.25000000000000e-09	1.25000000000000e-09	3.00000000000000e-09
3.55625000000000e-07	3.31250000000000e-08	1.50000000000000e-09	1.25000000000000e-09	1.25000000000000e-09	3.00000000000000e-09
3.55625000000000e-07	3.43750000000000e-08	1.50000000000000e-09	1.25000000000000e-09	1.25000000000000e-09	3.00000000000000e-09
3.56875000000000e-07	3.31250000000000e-08	1.50000000000000e-09	1.25000000000000e-09	1.25000000000000e-09	3.00000000000000e-09
3.56875000000000e-07	3.43750000000000e-08	1.50000000000000e-09	1.25000000000000e-09	1.25000000000000e-09	3.00000000000000e-09
3.58125000000000e-07	3.06250000000000e-08	1.50000000000000e-09	1.25000000000000e-09	1.25000000000000e-09	3.00000000000000e-09
3.58125000000000e-07	3.18750000000000e-08	1.50000000000000e-09	1.25000000000000e-09	1.25000000000000e-09	3.00000000000000e-09
3.59375000000000e-07	3.06250000000000e-08	1.50000000000000e-09	1.25000000000000e-09	1.25000000000000e-09	3.00000000000000e-09
3.59375000000000e-07	3.18750000000000e-08	1.50000000000000e-09	1.25000000000000e-09	1.25000000000000e-09	3.00000000000000e-09
3.58125000000000e-07	3.31250000000000e-08	1.50000000000000e-09	1.25000000000000e-09	1.25000000000000e-09	3.00000000000000e-09
3.58125000000000e-07	3.43750000000000e-08	1.50000000000000e-09	1.25000000000000e-09	1.25000000000000e-09	3.00000000000000e-09
3.59375000000000e-07	3.31250000000000e-08	1.50000000000000e-09	1.25000000000000e-09	1.25000000000000e-09	3.00000000000000e-09
3.59375000000000e-07	3.43750000000000e-08	1.50000000000000e-09	1.25000000000000e-09	1.25000000000000e-09	3.00000000000000e-09
3.60625000000000e-07	3.06250000000000e-08	1.50000000000000e-09	1.25000000000000e-09	1.25000000000000e-09	3.00000000000000e-09
3.60625000000000e-07	3.18750000000000e-08	1.50000000000000e-09	1.25000000000000e-09	1.25000000000000e-09	3.00000000000000e-09
3.61875000000000e-07	3.06250000000000e-08	1.50000000000000e-09	1.25000000000000e-09	1.25000000000000e-09	3.00000000000000e-09
3.61875000000000e-07	3.18750000000000e-08	1.50000000000000e-09	1.25000000000000e-09	1.25000000000000e-09	3.00000000000000e-09
3.60625000000000e-07	3.31250000000000e-08	1.50000000000000e-09	1.25000000000000e-09	1.25000000000000e-09	3.00000000000000e-09
3.60625000000000e-07	3.43750000000000e-08	1.50000000000000e-09	1.25000000000000e-09	1.25000000000000e-09	3.00000000000000e-09
3.61875000000000e-07	3.31250000000000e-08	1.50000000000000e-09	1.25000000000000e-09	1.25000000000000e-09	3.00000000000000e-09
3.61875000000000e-07	3.43750000000000e-08	1.50000000000000e-09	1.25000000000000e-09	1.25000000000000e-09	3.00000000000000e-09
3.63125000000000e-07	3.06250000000000e-08	1.50000000000000e-09	1.25000000000000e-09	1.25000000000000e-09	3.00000000000000e-09
3.63125000000000e-07	3.18750000000000e-08	1.50000000000000e-09	1.25000000000000e-09	1.25000000000000e-09	3.00000000000000e-09
3.64375000000000e-07	3.06250000000000e-08	1.50000000000000e-09	1.25000000000000e-09	1.25000000000000e-09	3.00000000000000e-09
3.64375000000000e-07	3.18750000000000e-08	1.50000000000000e-09	1.25000000000000e-09	1.25000000000000e-09	3.00000000000000e-09
3.63125000000000e-07	3.31250000000000e-08	1.50000000000000e-09	1.25000000000000e-09	1.25000000000000e-09	3.00000000000000e-09
3.63125000000000e-07	3.43750000000000e-08	1.50000000000000e-09	1.25000000000000e-09	1.25000000000000e-09	3.00000000000000e-09
3.64375000000000e-07	3.31250000000000e-08	1.50000000000000e-09	1.25000000000000e-09	1.25000000000000e-09	3.00000000000000e-09
3.64375000000000e-07	3.43750000000000e-08	1.50000000000000e-09	1.25000000000000e-09	1.25000000000000e-09	3.00000000000000e-09
3.68750000000000e-07	3.12500000000000e-08	1.50000000000000e-09	2.50000000000000e-09	2.50000000000000e-09	3.00000000000000e-09
3.65625000000000e-07	3.06250000000000e-08	1.50000000000000e-09	1.25000000000000e-09	1.25000000000000e-09	3.00000000000000e-09
3.65625000000000e-07	3.18750000000000e-08	1.50000000000000e-09	1.25000000000000e-09	1.25000000000000e-09	3.00000000000000e-09
3.66875000000000e-07	3.06250000000000e-08	1.50000000000000e-09	1.25000000000000e-09	1.25000000000000e-09	3.00000000000000e-09
3.66875000000000e-07	3.18750000000000e-08	1.50000000000000e-09	1.25000000000000e-09	1.25000000000000e-09	3.00000000000000e-09
3.65625000000000e-07	3.31250000000000e-08	1.50000000000000e-09	1.25000000000000e-09	1.25000000000000e-09	3.00000000000000e-09
3.65625000000000e-07	3.43750000000000e-08	1.50000000000000e-09	1.25000000000000e-09	1.25000000000000e-09	3.00000000000000e-09
3.66875000000000e-07	3.31250000000000e-08	1.50000000000000e-09	1.25000000000000e-09	1.25000000000000e-09	3.00000000000000e-09
3.66875000000000e-07	3.43750000000000e-08	1.50000000000000e-09	1.25000000000000e-09	1.25000000000000e-09	3.00000000000000e-09
3.68125000000000e-07	3.31250000000000e-08	1.50000000000000e-09	1.25000000000000e-09	1.25000000000000e-09	3.00000000000000e-09
3.68125000000000e-07	3.43750000000000e-08	1.50000000000000e-09	1.25000000000000e-09	1.25000000000000e-09	3.00000000000000e-09
3.69375000000000e-07	3.31250000000000e-08	1.50000000000000e-09	1.25000000000000e-09	1.25000000000000e-09	3.00000000000000e-09
3.69375000000000e-07	3.43750000000000e-08	1.50000000000000e-09	1.25000000000000e-09	1.25000000000000e-09	3.00000000000000e-09
3.72500000000000e-07	3.25000000000000e-08	1.50000000000000e-09	5.00000000000000e-09	5.00000000000000e-09	3.00000000000000e-09
3.77500000000000e-07	3.25000000000000e-08	1.50000000000000e-09	5.00000000000000e-09	5.00000000000000e-09	3.00000000000000e-09
3.82500000000000e-07	3.25000000000000e-08	1.50000000000000e-09	5.00000000000000e-09	5.00000000000000e-09	3.00000000000000e-09
3.87500000000000e-07	3.25000000000000e-08	1.50000000000000e-09	5.00000000000000e-09	5.00000000000000e-09	3.00000000000000e-09
3.92500000000000e-07	3.25000000000000e-08	1.50000000000000e-09	5.00000000000000e-09	5.00000000000000e-09	3.00000000000000e-09
3.97500000000000e-07	3.25000000000000e-08	1.50000000000000e-09	5.00000000000000e-09	5.00000000000000e-09	3.00000000000000e-09
4.02500000000000e-07	3.25000000000000e-08	1.50000000000000e-09	5.00000000000000e-09	5.00000000000000e-09	3.00000000000000e-09
4.07500000000000e-07	3.25000000000000e-08	1.50000000000000e-09	5.00000000000000e-09	5.00000000000000e-09	3.00000000000000e-09
4.12500000000000e-07	3.25000000000000e-08	1.50000000000000e-09	5.00000000000000e-09	5.00000000000000e-09	3.00000000000000e-09
4.17500000000000e-07	3.25000000000000e-08	1.50000000000000e-09	5.00000000000000e-09	5.00000000000000e-09	3.00000000000000e-09
4.22500000000000e-07	3.25000000000000e-08	1.50000000000000e-09	5.00000000000000e-09	5.00000000000000e-09	3.00000000000000e-09
4.27500000000000e-07	3.25000000000000e-08	1.50000000000000e-09	5.00000000000000e-09	5.00000000000000e-09	3.00000000000000e-09
4.32500000000000e-07	3.25000000000000e-08	1.50000000000000e-09	5.00000000000000e-09	5.00000000000000e-09	3.00000000000000e-09
4.36250000000000e-07	3.12500000000000e-08	1.50000000000000e-09	2.50000000000000e-09	2.50000000000000e-09	3.00000000000000e-09
4.36250000000000e-07	3.37500000000000e-08	1.50000000000000e-09	2.50000000000000e-09	2.50000000000000e-09	3.00000000000000e-09
4.38750000000000e-07	3.12500000000000e-08	1.50000000000000e-09	2.50000000000000e-09	2.50000000000000e-09	3.00000000000000e-09
4.38125000000000e-07	3.31250000000000e-08	1.50000000000000e-09	1.25000000000000e-09	1.25000000000000e-09	3.00000000000000e-09
4.38125000000000e-07	3.43750000000000e-08	1.50000000000000e-09	1.25000000000000e-09	1.25000000000000e-09	3.00000000000000e-09
4.39375000000000e-07	3.31250000000000e-08	1.50000000000000e-09	1.25000000000000e-09	1.25000000000000e-09	3.00000000000000e-09
4.39375000000000e-07	3.43750000000000e-08	1.50000000000000e-09	1.25000000000000e-09	1.25000000000000e-09	3.00000000000000e-09
4.40625000000000e-07	3.06250000000000e-08	1.50000000000000e-09	1.25000000000000e-09	1.25000000000000e-09	3.00000000000000e-09
4.40625000000000e-07	3.18750000000000e-08	1.50000000000000e-09	1.25000000000000e-09	1.25000000000000e-09	3.00000000000000e-09
4.41875000000000e-07	3.06250000000000e-08	1.50000000000000e-09	1.25000000000000e-09	1.25000000000000e-09	3.00000000000000e-09
4.41875000000000e-07	3.18750000000000e-08	1.50000000000000e-09	1.25000000000000e-09	1.25000000000000e-09	3.00000000000000e-09
4.40625000000000e-07	3.31250000000000e-08	1.50000000000000e-09	1.25000000000000e-09	1.25000000000000e-09	3.00000000000000e-09
4.40625000000000e-07	3.43750000000000e-08	1.50000000000000e-09	1.25000000000000e-09	1.25000000000000e-09	3.00000000000000e-09
4.41875000000000e-07	3.31250000000000e-08	1.50000000000000e-09	1.25000000000000e-09	1.25000000000000e-09	3.00000000000000e-09
4.41875000000000e-07	3.43750000000000e-08	1.50000000000000e-09	1.25000000000000e-09	1.25000000000000e-09	3.00000000000000e-09
4.43125000000000e-07	3.06250000000000e-08	1.50000000000000e-09	1.25000000000000e-09	1.25000000000000e-09	3.00000000000000e-09
4.43125000000000e-07	3.18750000000000e-08	1.50000000000000e-09	1.25000000000000e-09	1.25000000000000e-09	3.00000000000000e-09
4.44375000000000e-07	3.06250000000000e-08	1.50000000000000e-09	1.25000000000000e-09	1.25000000000000e-09	3.00000000000000e-09
4.44375000000000e-07	3.18750000000000e-08	1.50000000000000e-09	1.25000000000000e-09	1.25000000000000e-09	3.00000000000000e-09
4.43125000000000e-07	3.31250000000000e-08	1.50000000000000e-09	1.25000000000000e-09	1.25000000000000e-09	3.00000000000000e-09
4.43125000000000e-07	3.43750000000000e-08	1.50000000000000e-09	1.25000000000000e-09	1.25000000000000e-09	3.00000000000000e-09
4.44375000000000e-07	3.31250000000000e-08	1.50000000000000e-09	1.25000000000000e-09	1.25000000000000e-09	3.00000000000000e-09
4.44375000000000e-07	3.43750000000000e-08	1.50000000000000e-09	1.25000000000000e-09	1.25000000000000e-09	3.00000000000000e-09
4.45625000000000e-07	3.06250000000000e-08	1.50000000000000e-09	1.25000000000000e-09	1.25000000000000e-09	3.00000000000000e-09
4.45625000000000e-07	3.18750000000000e-08	1.50000000000000e-09	1.25000000000000e-09	1.25000000000000e-09	3.00000000000000e-09
4.46875000000000e-07	3.06250000000000e-08	1.50000000000000e-09	1.25000000000000e-09	1.25000000000000e-09	3.00000000000000e-09
4.46875000000000e-07	3.18750000000000e-08	1.50000000000000e-09	1.25000000000000e-09	1.25000000000000e-09	3.00000000000000e-09
4.45625000000000e-07	3.31250000000000e-08	1.50000000000000e-09	1.25000000000000e-09	1.25000000000000e-09	3.00000000000000e-09
4.45625000000000e-07	3.43750000000000e-08	1.50000000000000e-09	1.25000000000000e-09	1.25000000000000e-09	3.00000000000000e-09
4.46875000000000e-07	3.31250000000000e-08	1.50000000000000e-09	1.25000000000000e-09	1.25000000000000e-09	3.00000000000000e-09
4.46875000000000e-07	3.43750000000000e-08	1.50000000000000e-09	1.25000000000000e-09	1.25000000000000e-09	3.00000000000000e-09
4.48125000000000e-07	3.06250000000000e-08	1.50000000000000e-09	1.25000000000000e-09	1.25000000000000e-09	3.00000000000000e-09
4.48125000000000e-07	3.18750000000000e-08	1.50000000000000e-09	1.25000000000000e-09	1.25000000000000e-09	3.00000000000000e-09
4.49375000000000e-07	3.06250000000000e-08	1.50000000000000e-09	1.25000000000000e-09	1.25000000000000e-09	3.00000000000000e-09
4.49375000000000e-07	3.18750000000000e-08	1.50000000000000e-09	1.25000000000000e-09	1.25000000000000e-09	3.00000000000000e-09
4.48125000000000e-07	3.31250000000000e-08	1.50000000000000e-09	1.25000000000000e-09	1.25000000000000e-09	3.00000000000000e-09
4.48125000000000e-07	3.43750000000000e-08	1.50000000000000e-09	1.25000000000000e-09	1.25000000000000e-09	3.00000000000000e-09
4.49375000000000e-07	3.31250000000000e-08	1.50000000000000e-09	1.25000000000000e-09	1.25000000000000e-09	3.00000000000000e-09
4.49375000000000e-07	3.43750000000000e-08	1.50000000000000e-09	1.25000000000000e-09	1.25000000000000e-09	3.00000000000000e-09
4.53750000000000e-07	3.37500000000000e-08	1.50000000000000e-09	2.50000000000000e-09	2.50000000000000e-09	3.00000000000000e-09
4.50625000000000e-07	3.06250000000000e-08	1.50000000000000e-09	1.25000000000000e-09	1.25000000000000e-09	3.00000000000000e-09
4.50625000000000e-07	3.18750000000000e-08	1.50000000000000e-09	1.25000000000000e-09	1.25000000000000e-09	3.00000000000000e-09
4.51875000000000e-07	3.06250000000000e-08	1.50000000000000e-09	1.25000000000000e-09	1.25000000000000e-09	3.00000000000000e-09
4.51875000000000e-07	3.18750000000000e-08	1.50000000000000e-09	1.25000000000000e-09	1.25000000000000e-09	3.00000000000000e-09
4.50625000000000e-07	3.31250000000000e-08	1.50000000000000e-09	1.25000000000000e-09	1.25000000000000e-09	3.00000000000000e-09
4.50625000000000e-07	3.43750000000000e-08	1.50000000000000e-09	1.25000000000000e-09	1.25000000000000e-09	3.00000000000000e-09
4.51875000000000e-07	3.31250000000000e-08	1.50000000000000e-09	1.25000000000000e-09	1.25000000000000e-09	3.00000000000000e-09
4.51875000000000e-07	3.43750000000000e-08	1.50000000000000e-09	1.25000000000000e-09	1.25000000000000e-09	3.00000000000000e-09
4.53125000000000e-07	3.06250000000000e-08	1.50000000000000e-09	1.25000000000000e-09	1.25000000000000e-09	3.00000000000000e-09
4.53125000000000e-07	3.18750000000000e-08	1.50000000000000e-09	1.25000000000000e-09	1.25000000000000e-09	3.00000000000000e-09
4.54375000000000e-07	3.06250000000000e-08	1.50000000000000e-09	1.25000000000000e-09	1.25000000000000e-09	3.00000000000000e-09
4.54375000000000e-07	3.18750000000000e-08	1.50000000000000e-09	1.25000000000000e-09	1.25000000000000e-09	3.00000000000000e-09
4.57500000000000e-07	3.25000000000000e-08	1.50000000000000e-09	5.00000000000000e-09	5.00000000000000e-09	3.00000000000000e-09
4.62500000000000e-07	3.25000000000000e-08	1.50000000000000e-09	5.00000000000000e-09	5.00000000000000e-09	3.00000000000000e-09
4.67500000000000e-07	3.25000000000000e-08	1.50000000000000e-09	5.00000000000000e-09	5.00000000000000e-09	3.00000000000000e-09
4.72500000000000e-07	3.25000000000000e-08	1.50000000000000e-09	5.00000000000000e-09	5.00000000000000e-09	3.00000000000000e-09
4.77500000000000e-07	3.25000000000000e-08	1.50000000000000e-09	5.00000000000000e-09	5.00000000000000e-09	3.00000000000000e-09
4.82500000000000e-07	3.25000000000000e-08	1.50000000000000e-09	5.00000000000000e-09	5.00000000000000e-09	3.00000000000000e-09
4.87500000000000e-07	3.25000000000000e-08	1.50000000000000e-09	5.00000000000000e-09	5.00000000000000e-09	3.00000000000000e-09
4.92500000000000e-07	3.25000000000000e-08	1.50000000000000e-09	5.00000000000000e-09	5.00000000000000e-09	3.00000000000000e-09
4.97500000000000e-07	3.25000000000000e-08	1.50000000000000e-09	5.00000000000000e-09	5.00000000000000e-09	3.00000000000000e-09
2.50000000000000e-09	3.75000000000000e-08	1.50000000000000e-09	5.00000000000000e-09	5.00000000000000e-09	3.00000000000000e-09
7.50000000000000e-09	3.75000000000000e-08	1.50000000000000e-09	5.00000000000000e-09	5.00000000000000e-09	3.00000000000000e-09
1.25000000000000e-08	3.75000000000000e-08	1.50000000000000e-09	5.00000000000000e-09	5.00000000000000e-09	3.00000000000000e-09
1.75000000000000e-08	3.75000000000000e-08	1.50000000000000e-09	5.00000000000000e-09	5.00000000000000e-09	3.00000000000000e-09
2.25000000000000e-08	3.75000000000000e-08	1.50000000000000e-09	5.00000000000000e-09	5.00000000000000e-09	3.00000000000000e-09
2.75000000000000e-08	3.75000000000000e-08	1.50000000000000e-09	5.00000000000000e-09	5.00000000000000e-09	3.00000000000000e-09
3.25000000000000e-08	3.75000000000000e-08	1.50000000000000e-09	5.00000000000000e-09	5.00000000000000e-09	3.00000000000000e-09
3.75000000000000e-08	3.75000000000000e-08	1.50000000000000e-09	5.00000000000000e-09	5.00000000000000e-09	3.00000000000000e-09
4.25000000000000e-08	3.75000000000000e-08	1.50000000000000e-09	5.00000000000000e-09	5.00000000000000e-09	3.00000000000000e-09
4.75000000000000e-08	3.75000000000000e-08	1.50000000000000e-09	5.00000000000000e-09	5.00000000000000e-09	3.00000000000000e-09
5.25000000000000e-08	3.75000000000000e-08	1.50000000000000e-09	5.00000000000000e-09	5.00000000000000e-09	3.00000000000000e-09
5.75000000000000e-08	3.75000000000000e-08	1.50000000000000e-09	5.00000000000000e-09	5.00000000000000e-09	3.00000000000000e-09
6.25000000000000e-08	3.75000000000000e-08	1.50000000000000e-09	5.00000000000000e-09	5.00000000000000e-09	3.00000000000000e-09
6.75000000000000e-08	3.75000000000000e-08	1.50000000000000e-09	5.00000000000000e-09	5.00000000000000e-09	3.00000000000000e-09
7.25000000000000e-08	3.75000000000000e-08	1.50000000000000e-09	5.00000000000000e-09	5.00000000000000e-09	3.00000000000000e-09
7.75000000000000e-08	3.75000000000000e-08	1.50000000000000e-09	5.00000000000000e-09	5.00000000000000e-09	3.00000000000000e-09
8.25000000000000e-08	3.75000000000000e-08	1.50000000000000e-09	5.00000000000000e-09	5.00000000000000e-09	3.00000000000000e-09
8.75000000000000e-08	3.75000000000000e-08	1.50000000000000e-09	5.00000000000000e-09	5.00000000000000e-09	3.00000000000000e-09
9.25000000000000e-08	3.75000000000000e-08	1.50000000000000e-09	5.00000000000000e-09	5.00000000000000e-09	3.00000000000000e-09
9.75000000000000e-08	3.75000000000000e-08	1.50000000000000e-09	5.00000000000000e-09	5.00000000000000e-09	3.00000000000000e-09
1.02500000000000e-07	3.75000000000000e-08	1.50000000000000e-09	5.00000000000000e-09	5.00000000000000e-09	3.00000000000000e-09
1.07500000000000e-07	3.75000000000000e-08	1.50000000000000e-09	5.00000000000000e-09	5.00000000000000e-09	3.00000000000000e-09
1.10625000000000e-07	3.56250000000000e-08	1.50000000000000e-09	1.25000000000000e-09	1.25000000000000e-09	3.00000000000000e-09
1.10625000000000e-07	3.68750000000000e-08	1.50000000000000e-09	1.25000000000000e-09	1.25000000000000e-09	3.00000000000000e-09
1.11875000000000e-07	3.56250000000000e-08	1.50000000000000e-09	1.25000000000000e-09	1.25000000000000e-09	3.00000000000000e-09
1.11875000000000e-07	3.68750000000000e-08	1.50000000000000e-09	1.25000000000000e-09	1.25000000000000e-09	3.00000000000000e-09
1.10625000000000e-07	3.81250000000000e-08	1.50000000000000e-09	1.25000000000000e-09	1.25000000000000e-09	3.00000000000000e-09
1.10625000000000e-07	3.93750000000000e-08	1.50000000000000e-09	1.25000000000000e-09	1.25000000000000e-09	3.00000000000000e-09
1.11875000000000e-07	3.81250000000000e-08	1.50000000000000e-09	1.25000000000000e-09	1.25000000000000e-09	3.00000000000000e-09
1.11875000000000e-07	3.93750000000000e-08	1.50000000000000e-09	1.25000000000000e-09	1.25000000000000e-09	3.00000000000000e-09
1.13125000000000e-07	3.56250000000000e-08	1.50000000000000e-09	1.25000000000000e-09	1.25000000000000e-09	3.00000000000000e-09
1.13125000000000e-07	3.68750000000000e-08	1.50000000000000e-09	1.25000000000000e-09	1.25000000000000e-09	3.00000000000000e-09
1.14375000000000e-07	3.56250000000000e-08	1.50000000000000e-09	1.25000000000000e-09	1.25000000000000e-09	3.00000000000000e-09
1.14375000000000e-07	3.68750000000000e-08	1.50000000000000e-09	1.25000000000000e-09	1.25000000000000e-09	3.00000000000000e-09
1.13125000000000e-07	3.81250000000000e-08	1.50000000000000e-09	1.25000000000000e-09	1.25000000000000e-09	3.00000000000000e-09
1.13125000000000e-07	3.93750000000000e-08	1.50000000000000e-09	1.25000000000000e-09	1.25000000000000e-09	3.00000000000000e-09
1.14375000000000e-07	3.81250000000000e-08	1.50000000000000e-09	1.25000000000000e-09	1.25000000000000e-09	3.00000000000000e-09
1.14375000000000e-07	3.93750000000000e-08	1.50000000000000e-09	1.25000000000000e-09	1.25000000000000e-09	3.00000000000000e-09
1.15625000000000e-07	3.56250000000000e-08	1.50000000000000e-09	1.25000000000000e-09	1.25000000000000e-09	3.00000000000000e-09
1.15625000000000e-07	3.68750000000000e-08	1.50000000000000e-09	1.25000000000000e-09	1.25000000000000e-09	3.00000000000000e-09
1.16875000000000e-07	3.56250000000000e-08	1.50000000000000e-09	1.25000000000000e-09	1.25000000000000e-09	3.00000000000000e-09
1.16875000000000e-07	3.68750000000000e-08	1.50000000000000e-09	1.25000000000000e-09	1.25000000000000e-09	3.00000000000000e-09
1.15625000000000e-07	3.81250000000000e-08	1.50000000000000e-09	1.25000000000000e-09	1.25000000000000e-09	3.00000000000000e-09
1.15625000000000e-07	3.93750000000000e-08	1.50000000000000e-09	1.25000000000000e-09	1.25000000000000e-09	3.00000000000000e-09
1.16875000000000e-07	3.81250000000000e-08	1.50000000000000e-09	1.25000000000000e-09	1.25000000000000e-09	3.00000000000000e-09
1.16875000000000e-07	3.93750000000000e-08	1.50000000000000e-09	1.25000000000000e-09	1.25000000000000e-09	3.00000000000000e-09
1.18125000000000e-07	3.56250000000000e-08	1.50000000000000e-09	1.25000000000000e-09	1.25000000000000e-09	3.00000000000000e-09
1.18125000000000e-07	3.68750000000000e-08	1.50000000000000e-09	1.25000000000000e-09	1.25000000000000e-09	3.00000000000000e-09
1.19375000000000e-07	3.56250000000000e-08	1.50000000000000e-09	1.25000000000000e-09	1.25000000000000e-09	3.00000000000000e-09
1.19375000000000e-07	3.68750000000000e-08	1.50000000000000e-09	1.25000000000000e-09	1.25000000000000e-09	3.00000000000000e-09
1.18125000000000e-07	3.81250000000000e-08	1.50000000000000e-09	1.25000000000000e-09	1.25000000000000e-09	3.00000000000000e-09
1.18125000000000e-07	3.93750000000000e-08	1.50000000000000e-09	1.25000000000000e-09	1.25000000000000e-09	3.00000000000000e-09
1.19375000000000e-07	3.81250000000000e-08	1.50000000000000e-09	1.25000000000000e-09	1.25000000000000e-09	3.00000000000000e-09
1.19375000000000e-07	3.93750000000000e-08	1.50000000000000e-09	1.25000000000000e-09	1.25000000000000e-09	3.00000000000000e-09
1.22500000000000e-07	3.75000000000000e-08	1.50000000000000e-09	5.00000000000000e-09	5.00000000000000e-09	3.00000000000000e-09
1.27500000000000e-07	3.75000000000000e-08	1.50000000000000e-09	5.00000000000000e-09	5.00000000000000e-09	3.00000000000000e-09
1.32500000000000e-07	3.75000000000000e-08	1.50000000000000e-09	5.00000000000000e-09	5.00000000000000e-09	3.00000000000000e-09
1.37500000000000e-07	3.75000000000000e-08	1.50000000000000e-09	5.00000000000000e-09	5.00000000000000e-09	3.00000000000000e-09
1.42500000000000e-07	3.75000000000000e-08	1.50000000000000e-09	5.00000000000000e-09	5.00000000000000e-09	3.00000000000000e-09
1.47500000000000e-07	3.75000000000000e-08	1.50000000000000e-09	5.00000000000000e-09	5.00000000000000e-09	3.00000000000000e-09
1.52500000000000e-07	3.75000000000000e-08	1.50000000000000e-09	5.00000000000000e-09	5.00000000000000e-09	3.00000000000000e-09
1.57500000000000e-07	3.75000000000000e-08	1.50000000000000e-09	5.00000000000000e-09	5.00000000000000e-09	3.00000000000000e-09
1.62500000000000e-07	3.75000000000000e-08	1.50000000000000e-09	5.00000000000000e-09	5.00000000000000e-09	3.00000000000000e-09
1.67500000000000e-07	3.75000000000000e-08	1.50000000000000e-09	5.00000000000000e-09	5.00000000000000e-09	3.00000000000000e-09
1.72500000000000e-07	3.75000000000000e-08	1.50000000000000e-09	5.00000000000000e-09	5.00000000000000e-09	3.00000000000000e-09
1.77500000000000e-07	3.75000000000000e-08	1.50000000000000e-09	5.00000000000000e-09	5.00000000000000e-09	3.00000000000000e-09
1.82500000000000e-07	3.75000000000000e-08	1.50000000000000e-09	5.00000000000000e-09	5.00000000000000e-09	3.00000000000000e-09
1.87500000000000e-07	3.75000000000000e-08	1.50000000000000e-09	5.00000000000000e-09	5.00000000000000e-09	3.00000000000000e-09
1.92500000000000e-07	3.75000000000000e-08	1.50000000000000e-09	5.00000000000000e-09	5.00000000000000e-09	3.00000000000000e-09
1.97500000000000e-07	3.75000000000000e-08	1.50000000000000e-09	5.00000000000000e-09	5.00000000000000e-09	3.00000000000000e-09
2.02500000000000e-07	3.75000000000000e-08	1.50000000000000e-09	5.00000000000000e-09	5.00000000000000e-09	3.00000000000000e-09
2.07500000000000e-07	3.75000000000000e-08	1.50000000000000e-09	5.00000000000000e-09	5.00000000000000e-09	3.00000000000000e-09
2.12500000000000e-07	3.75000000000000e-08	1.50000000000000e-09	5.00000000000000e-09	5.00000000000000e-09	3.00000000000000e-09
2.15625000000000e-07	3.56250000000000e-08	1.50000000000000e-09	1.25000000000000e-09	1.25000000000000e-09	3.00000000000000e-09
2.15625000000000e-07	3.68750000000000e-08	1.50000000000000e-09	1.25000000000000e-09	1.25000000000000e-09	3.00000000000000e-09
2.16875000000000e-07	3.56250000000000e-08	1.50000000000000e-09	1.25000000000000e-09	1.25000000000000e-09	3.00000000000000e-09
2.16875000000000e-07	3.68750000000000e-08	1.50000000000000e-09	1.25000000000000e-09	1.25000000000000e-09	3.00000000000000e-09
2.15625000000000e-07	3.81250000000000e-08	1.50000000000000e-09	1.25000000000000e-09	1.25000000000000e-09	3.00000000000000e-09
2.15625000000000e-07	3.93750000000000e-08	1.50000000000000e-09	1.25000000000000e-09	1.25000000000000e-09	3.00000000000000e-09
2.16875000000000e-07	3.81250000000000e-08	1.50000000000000e-09	1.25000000000000e-09	1.25000000000000e-09	3.00000000000000e-09
2.16875000000000e-07	3.93750000000000e-08	1.50000000000000e-09	1.25000000000000e-09	1.25000000000000e-09	3.00000000000000e-09
2.18125000000000e-07	3.56250000000000e-08	1.50000000000000e-09	1.25000000000000e-09	1.25000000000000e-09	3.00000000000000e-09
2.18125000000000e-07	3.68750000000000e-08	1.50000000000000e-09	1.25000000000000e-09	1.25000000000000e-09	3.00000000000000e-09
2.19375000000000e-07	3.56250000000000e-08	1.50000000000000e-09	1.25000000000000e-09	1.25000000000000e-09	3.00000000000000e-09
2.19375000000000e-07	3.68750000000000e-08	1.50000000000000e-09	1.25000000000000e-09	1.25000000000000e-09	3.00000000000000e-09
2.18125000000000e-07	3.81250000000000e-08	1.50000000000000e-09	1.25000000000000e-09	1.25000000000000e-09	3.00000000000000e-09
2.18125000000000e-07	3.93750000000000e-08	1.50000000000000e-09	1.25000000000000e-09	1.25000000000000e-09	3.00000000000000e-09
2.19375000000000e-07	3.81250000000000e-08	1.50000000000000e-09	1.25000000000000e-09	1.25000000000000e-09	3.00000000000000e-09
2.19375000000000e-07	3.93750000000000e-08	1.50000000000000e-09	1.25000000000000e-09	1.25000000000000e-09	3.00000000000000e-09
2.20625000000000e-07	3.56250000000000e-08	1.50000000000000e-09	1.25000000000000e-09	1.25000000000000e-09	3.00000000000000e-09
2.20625000000000e-07	3.68750000000000e-08	1.50000000000000e-09	1.25000000000000e-09	1.25000000000000e-09	3.00000000000000e-09
2.21875000000000e-07	3.56250000000000e-08	1.50000000000000e-09	1.25000000000000e-09	1.25000000000000e-09	3.00000000000000e-09
2.21875000000000e-07	3.68750000000000e-08	1.50000000000000e-09	1.25000000000000e-09	1.25000000000000e-09	3.00000000000000e-09
2.20625000000000e-07	3.81250000000000e-08	1.50000000000000e-09	1.25000000000000e-09	1.25000000000000e-09	3.00000000000000e-09
2.20625000000000e-07	3.93750000000000e-08	1.50000000000000e-09	1.25000000000000e-09	1.25000000000000e-09	3.00000000000000e-09
2.21875000000000e-07	3.81250000000000e-08	1.50000000000000e-09	1.25000000000000e-09	1.25000000000000e-09	3.00000000000000e-09
2.21875000000000e-07	3.93750000000000e-08	1.50000000000000e-09	1.25000000000000e-09	1.25000000000000e-09	3.00000000000000e-09
2.23125000000000e-07	3.56250000000000e-08	1.50000000000000e-09	1.25000000000000e-09	1.25000000000000e-09	3.00000000000000e-09
2.23125000000000e-07	3.68750000000000e-08	1.50000000000000e-09	1.25000000000000e-09	1.25000000000000e-09	3.00000000000000e-09
2.24375000000000e-07	3.56250000000000e-08	1.50000000000000e-09	1.25000000000000e-09	1.25000000000000e-09	3.00000000000000e-09
2.24375000000000e-07	3.68750000000000e-08	1.50000000000000e-09	1.25000000000000e-09	1.25000000000000e-09	3.00000000000000e-09
2.23125000000000e-07	3.81250000000000e-08	1.50000000000000e-09	1.25000000000000e-09	1.25000000000000e-09	3.00000000000000e-09
2.23125000000000e-07	3.93750000000000e-08	1.50000000000000e-09	1.25000000000000e-09	1.25000000000000e-09	3.00000000000000e-09
2.24375000000000e-07	3.81250000000000e-08	1.50000000000000e-09	1.25000000000000e-09	1.25000000000000e-09	3.00000000000000e-09
2.24375000000000e-07	3.93750000000000e-08	1.50000000000000e-09	1.25000000000000e-09	1.25000000000000e-09	3.00000000000000e-09
2.27500000000000e-07	3.75000000000000e-08	1.50000000000000e-09	5.00000000000000e-09	5.00000000000000e-09	3.00000000000000e-09
2.32500000000000e-07	3.75000000000000e-08	1.50000000000000e-09	5.00000000000000e-09	5.00000000000000e-09	3.00000000000000e-09
2.37500000000000e-07	3.75000000000000e-08	1.50000000000000e-09	5.00000000000000e-09	5.00000000000000e-09	3.00000000000000e-09
2.42500000000000e-07	3.75000000000000e-08	1.50000000000000e-09	5.00000000000000e-09	5.00000000000000e-09	3.00000000000000e-09
2.47500000000000e-07	3.75000000000000e-08	1.50000000000000e-09	5.00000000000000e-09	5.00000000000000e-09	3.00000000000000e-09
2.52500000000000e-07	3.75000000000000e-08	1.50000000000000e-09	5.00000000000000e-09	5.00000000000000e-09	3.00000000000000e-09
2.57500000000000e-07	3.75000000000000e-08	1.50000000000000e-09	5.00000000000000e-09	5.00000000000000e-09	3.00000000000000e-09
2.62500000000000e-07	3.75000000000000e-08	1.50000000000000e-09	5.00000000000000e-09	5.00000000000000e-09	3.00000000000000e-09
2.67500000000000e-07	3.75000000000000e-08	1.50000000000000e-09	5.00000000000000e-09	5.00000000000000e-09	3.00000000000000e-09
2.72500000000000e-07	3.75000000000000e-08	1.50000000000000e-09	5.00000000000000e-09	5.00000000000000e-09	3.00000000000000e-09
2.77500000000000e-07	3.75000000000000e-08	1.50000000000000e-09	5.00000000000000e-09	5.00000000000000e-09	3.00000000000000e-09
2.82500000000000e-07	3.75000000000000e-08	1.50000000000000e-09	5.00000000000000e-09	5.00000000000000e-09	3.00000000000000e-09
2.87500000000000e-07	3.75000000000000e-08	1.50000000000000e-09	5.00000000000000e-09	5.00000000000000e-09	3.00000000000000e-09
2.92500000000000e-07	3.75000000000000e-08	1.50000000000000e-09	5.00000000000000e-09	5.00000000000000e-09	3.00000000000000e-09
2.97500000000000e-07	3.75000000000000e-08	1.50000000000000e-09	5.00000000000000e-09	5.00000000000000e-09	3.00000000000000e-09
3.02500000000000e-07	3.75000000000000e-08	1.50000000000000e-09	5.00000000000000e-09	5.00000000000000e-09	3.00000000000000e-09
3.05625000000000e-07	3.56250000000000e-08	1.50000000000000e-09	1.25000000000000e-09	1.25000000000000e-09	3.00000000000000e-09
3.05625000000000e-07	3.68750000000000e-08	1.50000000000000e-09	1.25000000000000e-09	1.25000000000000e-09	3.00000000000000e-09
3.06875000000000e-07	3.56250000000000e-08	1.50000000000000e-09	1.25000000000000e-09	1.25000000000000e-09	3.00000000000000e-09
3.06875000000000e-07	3.68750000000000e-08	1.50000000000000e-09	1.25000000000000e-09	1.25000000000000e-09	3.00000000000000e-09
3.05625000000000e-07	3.81250000000000e-08	1.50000000000000e-09	1.25000000000000e-09	1.25000000000000e-09	3.00000000000000e-09
3.05625000000000e-07	3.93750000000000e-08	1.50000000000000e-09	1.25000000000000e-09	1.25000000000000e-09	3.00000000000000e-09
3.06875000000000e-07	3.81250000000000e-08	1.50000000000000e-09	1.25000000000000e-09	1.25000000000000e-09	3.00000000000000e-09
3.06875000000000e-07	3.93750000000000e-08	1.50000000000000e-09	1.25000000000000e-09	1.25000000000000e-09	3.00000000000000e-09
3.08125000000000e-07	3.56250000000000e-08	1.50000000000000e-09	1.25000000000000e-09	1.25000000000000e-09	3.00000000000000e-09
3.08125000000000e-07	3.68750000000000e-08	1.50000000000000e-09	1.25000000000000e-09	1.25000000000000e-09	3.00000000000000e-09
3.09375000000000e-07	3.56250000000000e-08	1.50000000000000e-09	1.25000000000000e-09	1.25000000000000e-09	3.00000000000000e-09
3.09375000000000e-07	3.68750000000000e-08	1.50000000000000e-09	1.25000000000000e-09	1.25000000000000e-09	3.00000000000000e-09
3.08125000000000e-07	3.81250000000000e-08	1.50000000000000e-09	1.25000000000000e-09	1.25000000000000e-09	3.00000000000000e-09
3.08125000000000e-07	3.93750000000000e-08	1.50000000000000e-09	1.25000000000000e-09	1.25000000000000e-09	3.00000000000000e-09
3.09375000000000e-07	3.81250000000000e-08	1.50000000000000e-09	1.25000000000000e-09	1.25000000000000e-09	3.00000000000000e-09
3.09375000000000e-07	3.93750000000000e-08	1.50000000000000e-09	1.25000000000000e-09	1.25000000000000e-09	3.00000000000000e-09
3.10625000000000e-07	3.56250000000000e-08	1.50000000000000e-09	1.25000000000000e-09	1.25000000000000e-09	3.00000000000000e-09
3.10625000000000e-07	3.68750000000000e-08	1.50000000000000e-09	1.25000000000000e-09	1.25000000000000e-09	3.00000000000000e-09
3.11875000000000e-07	3.56250000000000e-08	1.50000000000000e-09	1.25000000000000e-09	1.25000000000000e-09	3.00000000000000e-09
3.11875000000000e-07	3.68750000000000e-08	1.50000000000000e-09	1.25000000000000e-09	1.25000000000000e-09	3.00000000000000e-09
3.10625000000000e-07	3.81250000000000e-08	1.50000000000000e-09	1.25000000000000e-09	1.25000000000000e-09	3.00000000000000e-09
3.10625000000000e-07	3.93750000000000e-08	1.50000000000000e-09	1.25000000000000e-09	1.25000000000000e-09	3.00000000000000e-09
3.11875000000000e-07	3.81250000000000e-08	1.50000000000000e-09	1.25000000000000e-09	1.25000000000000e-09	3.00000000000000e-09
3.11875000000000e-07	3.93750000000000e-08	1.50000000000000e-09	1.25000000000000e-09	1.25000000000000e-09	3.00000000000000e-09
3.13125000000000e-07	3.56250000000000e-08	1.50000000000000e-09	1.25000000000000e-09	1.25000000000000e-09	3.00000000000000e-09
3.13125000000000e-07	3.68750000000000e-08	1.50000000000000e-09	1.25000000000000e-09	1.25000000000000e-09	3.00000000000000e-09
3.14375000000000e-07	3.56250000000000e-08	1.50000000000000e-09	1.25000000000000e-09	1.25000000000000e-09	3.00000000000000e-09
3.14375000000000e-07	3.68750000000000e-08	1.50000000000000e-09	1.25000000000000e-09	1.25000000000000e-09	3.00000000000000e-09
3.13125000000000e-07	3.81250000000000e-08	1.50000000000000e-09	1.25000000000000e-09	1.25000000000000e-09	3.00000000000000e-09
3.13125000000000e-07	3.93750000000000e-08	1.50000000000000e-09	1.25000000000000e-09	1.25000000000000e-09	3.00000000000000e-09
3.14375000000000e-07	3.81250000000000e-08	1.50000000000000e-09	1.25000000000000e-09	1.25000000000000e-09	3.00000000000000e-09
3.14375000000000e-07	3.93750000000000e-08	1.50000000000000e-09	1.25000000000000e-09	1.25000000000000e-09	3.00000000000000e-09
3.17500000000000e-07	3.75000000000000e-08	1.50000000000000e-09	5.00000000000000e-09	5.00000000000000e-09	3.00000000000000e-09
3.22500000000000e-07	3.75000000000000e-08	1.50000000000000e-09	5.00000000000000e-09	5.00000000000000e-09	3.00000000000000e-09
3.27500000000000e-07	3.75000000000000e-08	1.50000000000000e-09	5.00000000000000e-09	5.00000000000000e-09	3.00000000000000e-09
3.32500000000000e-07	3.75000000000000e-08	1.50000000000000e-09	5.00000000000000e-09	5.00000000000000e-09	3.00000000000000e-09
3.37500000000000e-07	3.75000000000000e-08	1.50000000000000e-09	5.00000000000000e-09	5.00000000000000e-09	3.00000000000000e-09
3.42500000000000e-07	3.75000000000000e-08	1.50000000000000e-09	5.00000000000000e-09	5.00000000000000e-09	3.00000000000000e-09
3.47500000000000e-07	3.75000000000000e-08	1.50000000000000e-09	5.00000000000000e-09	5.00000000000000e-09	3.00000000000000e-09
3.52500000000000e-07	3.75000000000000e-08	1.50000000000000e-09	5.00000000000000e-09	5.00000000000000e-09	3.00000000000000e-09
3.56250000000000e-07	3.87500000000000e-08	1.50000000000000e-09	2.50000000000000e-09	2.50000000000000e-09	3.00000000000000e-09
3.55625000000000e-07	3.56250000000000e-08	1.50000000000000e-09	1.25000000000000e-09	1.25000000000000e-09	3.00000000000000e-09
3.55625000000000e-07	3.68750000000000e-08	1.50000000000000e-09	1.25000000000000e-09	1.25000000000000e-09	3.00000000000000e-09
3.56875000000000e-07	3.56250000000000e-08	1.50000000000000e-09	1.25000000000000e-09	1.25000000000000e-09	3.00000000000000e-09
3.56875000000000e-07	3.68750000000000e-08	1.50000000000000e-09	1.25000000000000e-09	1.25000000000000e-09	3.00000000000000e-09
3.58125000000000e-07	3.56250000000000e-08	1.50000000000000e-09	1.25000000000000e-09	1.25000000000000e-09	3.00000000000000e-09
3.58125000000000e-07	3.68750000000000e-08	1.50000000000000e-09	1.25000000000000e-09	1.25000000000000e-09	3.00000000000000e-09
3.59375000000000e-07	3.56250000000000e-08	1.50000000000000e-09	1.25000000000000e-09	1.25000000000000e-09	3.00000000000000e-09
3.59375000000000e-07	3.68750000000000e-08	1.50000000000000e-09	1.25000000000000e-09	1.25000000000000e-09	3.00000000000000e-09
3.58125000000000e-07	3.81250000000000e-08	1.50000000000000e-09	1.25000000000000e-09	1.25000000000000e-09	3.00000000000000e-09
3.58125000000000e-07	3.93750000000000e-08	1.50000000000000e-09	1.25000000000000e-09	1.25000000000000e-09	3.00000000000000e-09
3.59375000000000e-07	3.81250000000000e-08	1.50000000000000e-09	1.25000000000000e-09	1.25000000000000e-09	3.00000000000000e-09
3.59375000000000e-07	3.93750000000000e-08	1.50000000000000e-09	1.25000000000000e-09	1.25000000000000e-09	3.00000000000000e-09
3.60625000000000e-07	3.56250000000000e-08	1.50000000000000e-09	1.25000000000000e-09	1.25000000000000e-09	3.00000000000000e-09
3.60625000000000e-07	3.68750000000000e-08	1.50000000000000e-09	1.25000000000000e-09	1.25000000000000e-09	3.00000000000000e-09
3.61875000000000e-07	3.56250000000000e-08	1.50000000000000e-09	1.25000000000000e-09	1.25000000000000e-09	3.00000000000000e-09
3.61875000000000e-07	3.68750000000000e-08	1.50000000000000e-09	1.25000000000000e-09	1.25000000000000e-09	3.00000000000000e-09
3.60625000000000e-07	3.81250000000000e-08	1.50000000000000e-09	1.25000000000000e-09	1.25000000000000e-09	3.00000000000000e-09
3.60625000000000e-07	3.93750000000000e-08	1.50000000000000e-09	1.25000000000000e-09	1.25000000000000e-09	3.00000000000000e-09
3.61875000000000e-07	3.81250000000000e-08	1.50000000000000e-09	1.25000000000000e-09	1.25000000000000e-09	3.00000000000000e-09
3.61875000000000e-07	3.93750000000000e-08	1.50000000000000e-09	1.25000000000000e-09	1.25000000000000e-09	3.00000000000000e-09
3.63125000000000e-07	3.56250000000000e-08	1.50000000000000e-09	1.25000000000000e-09	1.25000000000000e-09	3.00000000000000e-09
3.63125000000000e-07	3.68750000000000e-08	1.50000000000000e-09	1.25000000000000e-09	1.25000000000000e-09	3.00000000000000e-09
3.64375000000000e-07	3.56250000000000e-08	1.50000000000000e-09	1.25000000000000e-09	1.25000000000000e-09	3.00000000000000e-09
3.64375000000000e-07	3.68750000000000e-08	1.50000000000000e-09	1.25000000000000e-09	1.25000000000000e-09	3.00000000000000e-09
3.63125000000000e-07	3.81250000000000e-08	1.50000000000000e-09	1.25000000000000e-09	1.25000000000000e-09	3.00000000000000e-09
3.63125000000000e-07	3.93750000000000e-08	1.50000000000000e-09	1.25000000000000e-09	1.25000000000000e-09	3.00000000000000e-09
3.64375000000000e-07	3.81250000000000e-08	1.50000000000000e-09	1.25000000000000e-09	1.25000000000000e-09	3.00000000000000e-09
3.64375000000000e-07	3.93750000000000e-08	1.50000000000000e-09	1.25000000000000e-09	1.25000000000000e-09	3.00000000000000e-09
3.65625000000000e-07	3.56250000000000e-08	1.50000000000000e-09	1.25000000000000e-09	1.25000000000000e-09	3.00000000000000e-09
3.65625000000000e-07	3.68750000000000e-08	1.50000000000000e-09	1.25000000000000e-09	1.25000000000000e-09	3.00000000000000e-09
3.66875000000000e-07	3.56250000000000e-08	1.50000000000000e-09	1.25000000000000e-09	1.25000000000000e-09	3.00000000000000e-09
3.66875000000000e-07	3.68750000000000e-08	1.50000000000000e-09	1.25000000000000e-09	1.25000000000000e-09	3.00000000000000e-09
3.65625000000000e-07	3.81250000000000e-08	1.50000000000000e-09	1.25000000000000e-09	1.25000000000000e-09	3.00000000000000e-09
3.65625000000000e-07	3.93750000000000e-08	1.50000000000000e-09	1.25000000000000e-09	1.25000000000000e-09	3.00000000000000e-09
3.66875000000000e-07	3.81250000000000e-08	1.50000000000000e-09	1.25000000000000e-09	1.25000000000000e-09	3.00000000000000e-09
3.66875000000000e-07	3.93750000000000e-08	1.50000000000000e-09	1.25000000000000e-09	1.25000000000000e-09	3.00000000000000e-09
3.68125000000000e-07	3.56250000000000e-08	1.50000000000000e-09	1.25000000000000e-09	1.25000000000000e-09	3.00000000000000e-09
3.68125000000000e-07	3.68750000000000e-08	1.50000000000000e-09	1.25000000000000e-09	1.25000000000000e-09	3.00000000000000e-09
3.69375000000000e-07	3.56250000000000e-08	1.50000000000000e-09	1.25000000000000e-09	1.25000000000000e-09	3.00000000000000e-09
3.69375000000000e-07	3.68750000000000e-08	1.50000000000000e-09	1.25000000000000e-09	1.25000000000000e-09	3.00000000000000e-09
3.68125000000000e-07	3.81250000000000e-08	1.50000000000000e-09	1.25000000000000e-09	1.25000000000000e-09	3.00000000000000e-09
3.68125000000000e-07	3.93750000000000e-08	1.50000000000000e-09	1.25000000000000e-09	1.25000000000000e-09	3.00000000000000e-09
3.69375000000000e-07	3.81250000000000e-08	1.50000000000000e-09	1.25000000000000e-09	1.25000000000000e-09	3.00000000000000e-09
3.69375000000000e-07	3.93750000000000e-08	1.50000000000000e-09	1.25000000000000e-09	1.25000000000000e-09	3.00000000000000e-09
3.73750000000000e-07	3.62500000000000e-08	1.50000000000000e-09	2.50000000000000e-09	2.50000000000000e-09	3.00000000000000e-09
3.70625000000000e-07	3.56250000000000e-08	1.50000000000000e-09	1.25000000000000e-09	1.25000000000000e-09	3.00000000000000e-09
3.70625000000000e-07	3.68750000000000e-08	1.50000000000000e-09	1.25000000000000e-09	1.25000000000000e-09	3.00000000000000e-09
3.71875000000000e-07	3.56250000000000e-08	1.50000000000000e-09	1.25000000000000e-09	1.25000000000000e-09	3.00000000000000e-09
3.71875000000000e-07	3.68750000000000e-08	1.50000000000000e-09	1.25000000000000e-09	1.25000000000000e-09	3.00000000000000e-09
3.70625000000000e-07	3.81250000000000e-08	1.50000000000000e-09	1.25000000000000e-09	1.25000000000000e-09	3.00000000000000e-09
3.70625000000000e-07	3.93750000000000e-08	1.50000000000000e-09	1.25000000000000e-09	1.25000000000000e-09	3.00000000000000e-09
3.71875000000000e-07	3.81250000000000e-08	1.50000000000000e-09	1.25000000000000e-09	1.25000000000000e-09	3.00000000000000e-09
3.71875000000000e-07	3.93750000000000e-08	1.50000000000000e-09	1.25000000000000e-09	1.25000000000000e-09	3.00000000000000e-09
3.73125000000000e-07	3.81250000000000e-08	1.50000000000000e-09	1.25000000000000e-09	1.25000000000000e-09	3.00000000000000e-09
3.73125000000000e-07	3.93750000000000e-08	1.50000000000000e-09	1.25000000000000e-09	1.25000000000000e-09	3.00000000000000e-09
3.74375000000000e-07	3.81250000000000e-08	1.50000000000000e-09	1.25000000000000e-09	1.25000000000000e-09	3.00000000000000e-09
3.74375000000000e-07	3.93750000000000e-08	1.50000000000000e-09	1.25000000000000e-09	1.25000000000000e-09	3.00000000000000e-09
3.77500000000000e-07	3.75000000000000e-08	1.50000000000000e-09	5.00000000000000e-09	5.00000000000000e-09	3.00000000000000e-09
3.82500000000000e-07	3.75000000000000e-08	1.50000000000000e-09	5.00000000000000e-09	5.00000000000000e-09	3.00000000000000e-09
3.87500000000000e-07	3.75000000000000e-08	1.50000000000000e-09	5.00000000000000e-09	5.00000000000000e-09	3.00000000000000e-09
3.92500000000000e-07	3.75000000000000e-08	1.50000000000000e-09	5.00000000000000e-09	5.00000000000000e-09	3.00000000000000e-09
3.97500000000000e-07	3.75000000000000e-08	1.50000000000000e-09	5.00000000000000e-09	5.00000000000000e-09	3.00000000000000e-09
4.02500000000000e-07	3.75000000000000e-08	1.50000000000000e-09	5.00000000000000e-09	5.00000000000000e-09	3.00000000000000e-09
4.07500000000000e-07	3.75000000000000e-08	1.50000000000000e-09	5.00000000000000e-09	5.00000000000000e-09	3.00000000000000e-09
4.12500000000000e-07	3.75000000000000e-08	1.50000000000000e-09	5.00000000000000e-09	5.00000000000000e-09	3.00000000000000e-09
4.17500000000000e-07	3.75000000000000e-08	1.50000000000000e-09	5.00000000000000e-09	5.00000000000000e-09	3.00000000000000e-09
4.22500000000000e-07	3.75000000000000e-08	1.50000000000000e-09	5.00000000000000e-09	5.00000000000000e-09	3.00000000000000e-09
4.27500000000000e-07	3.75000000000000e-08	1.50000000000000e-09	5.00000000000000e-09	5.00000000000000e-09	3.00000000000000e-09
4.32500000000000e-07	3.75000000000000e-08	1.50000000000000e-09	5.00000000000000e-09	5.00000000000000e-09	3.00000000000000e-09
4.35625000000000e-07	3.56250000000000e-08	1.50000000000000e-09	1.25000000000000e-09	1.25000000000000e-09	3.00000000000000e-09
4.35625000000000e-07	3.68750000000000e-08	1.50000000000000e-09	1.25000000000000e-09	1.25000000000000e-09	3.00000000000000e-09
4.36875000000000e-07	3.56250000000000e-08	1.50000000000000e-09	1.25000000000000e-09	1.25000000000000e-09	3.00000000000000e-09
4.36875000000000e-07	3.68750000000000e-08	1.50000000000000e-09	1.25000000000000e-09	1.25000000000000e-09	3.00000000000000e-09
4.35625000000000e-07	3.81250000000000e-08	1.50000000000000e-09	1.25000000000000e-09	1.25000000000000e-09	3.00000000000000e-09
4.35625000000000e-07	3.93750000000000e-08	1.50000000000000e-09	1.25000000000000e-09	1.25000000000000e-09	3.00000000000000e-09
4.36875000000000e-07	3.81250000000000e-08	1.50000000000000e-09	1.25000000000000e-09	1.25000000000000e-09	3.00000000000000e-09
4.36875000000000e-07	3.93750000000000e-08	1.50000000000000e-09	1.25000000000000e-09	1.25000000000000e-09	3.00000000000000e-09
4.38125000000000e-07	3.56250000000000e-08	1.50000000000000e-09	1.25000000000000e-09	1.25000000000000e-09	3.00000000000000e-09
4.38125000000000e-07	3.68750000000000e-08	1.50000000000000e-09	1.25000000000000e-09	1.25000000000000e-09	3.00000000000000e-09
4.39375000000000e-07	3.56250000000000e-08	1.50000000000000e-09	1.25000000000000e-09	1.25000000000000e-09	3.00000000000000e-09
4.39375000000000e-07	3.68750000000000e-08	1.50000000000000e-09	1.25000000000000e-09	1.25000000000000e-09	3.00000000000000e-09
4.38125000000000e-07	3.81250000000000e-08	1.50000000000000e-09	1.25000000000000e-09	1.25000000000000e-09	3.00000000000000e-09
4.38125000000000e-07	3.93750000000000e-08	1.50000000000000e-09	1.25000000000000e-09	1.25000000000000e-09	3.00000000000000e-09
4.39375000000000e-07	3.81250000000000e-08	1.50000000000000e-09	1.25000000000000e-09	1.25000000000000e-09	3.00000000000000e-09
4.39375000000000e-07	3.93750000000000e-08	1.50000000000000e-09	1.25000000000000e-09	1.25000000000000e-09	3.00000000000000e-09
4.40625000000000e-07	3.56250000000000e-08	1.50000000000000e-09	1.25000000000000e-09	1.25000000000000e-09	3.00000000000000e-09
4.40625000000000e-07	3.68750000000000e-08	1.50000000000000e-09	1.25000000000000e-09	1.25000000000000e-09	3.00000000000000e-09
4.41875000000000e-07	3.56250000000000e-08	1.50000000000000e-09	1.25000000000000e-09	1.25000000000000e-09	3.00000000000000e-09
4.41875000000000e-07	3.68750000000000e-08	1.50000000000000e-09	1.25000000000000e-09	1.25000000000000e-09	3.00000000000000e-09
4.40625000000000e-07	3.81250000000000e-08	1.50000000000000e-09	1.25000000000000e-09	1.25000000000000e-09	3.00000000000000e-09
4.40625000000000e-07	3.93750000000000e-08	1.50000000000000e-09	1.25000000000000e-09	1.25000000000000e-09	3.00000000000000e-09
4.41875000000000e-07	3.81250000000000e-08	1.50000000000000e-09	1.25000000000000e-09	1.25000000000000e-09	3.00000000000000e-09
4.41875000000000e-07	3.93750000000000e-08	1.50000000000000e-09	1.25000000000000e-09	1.25000000000000e-09	3.00000000000000e-09
4.43125000000000e-07	3.56250000000000e-08	1.50000000000000e-09	1.25000000000000e-09	1.25000000000000e-09	3.00000000000000e-09
4.43125000000000e-07	3.68750000000000e-08	1.50000000000000e-09	1.25000000000000e-09	1.25000000000000e-09	3.00000000000000e-09
4.44375000000000e-07	3.56250000000000e-08	1.50000000000000e-09	1.25000000000000e-09	1.25000000000000e-09	3.00000000000000e-09
4.44375000000000e-07	3.68750000000000e-08	1.50000000000000e-09	1.25000000000000e-09	1.25000000000000e-09	3.00000000000000e-09
4.43125000000000e-07	3.81250000000000e-08	1.50000000000000e-09	1.25000000000000e-09	1.25000000000000e-09	3.00000000000000e-09
4.43125000000000e-07	3.93750000000000e-08	1.50000000000000e-09	1.25000000000000e-09	1.25000000000000e-09	3.00000000000000e-09
4.44375000000000e-07	3.81250000000000e-08	1.50000000000000e-09	1.25000000000000e-09	1.25000000000000e-09	3.00000000000000e-09
4.44375000000000e-07	3.93750000000000e-08	1.50000000000000e-09	1.25000000000000e-09	1.25000000000000e-09	3.00000000000000e-09
4.45625000000000e-07	3.56250000000000e-08	1.50000000000000e-09	1.25000000000000e-09	1.25000000000000e-09	3.00000000000000e-09
4.45625000000000e-07	3.68750000000000e-08	1.50000000000000e-09	1.25000000000000e-09	1.25000000000000e-09	3.00000000000000e-09
4.46875000000000e-07	3.56250000000000e-08	1.50000000000000e-09	1.25000000000000e-09	1.25000000000000e-09	3.00000000000000e-09
4.46875000000000e-07	3.68750000000000e-08	1.50000000000000e-09	1.25000000000000e-09	1.25000000000000e-09	3.00000000000000e-09
4.45625000000000e-07	3.81250000000000e-08	1.50000000000000e-09	1.25000000000000e-09	1.25000000000000e-09	3.00000000000000e-09
4.45625000000000e-07	3.93750000000000e-08	1.50000000000000e-09	1.25000000000000e-09	1.25000000000000e-09	3.00000000000000e-09
4.46875000000000e-07	3.81250000000000e-08	1.50000000000000e-09	1.25000000000000e-09	1.25000000000000e-09	3.00000000000000e-09
4.46875000000000e-07	3.93750000000000e-08	1.50000000000000e-09	1.25000000000000e-09	1.25000000000000e-09	3.00000000000000e-09
4.48125000000000e-07	3.56250000000000e-08	1.50000000000000e-09	1.25000000000000e-09	1.25000000000000e-09	3.00000000000000e-09
4.48125000000000e-07	3.68750000000000e-08	1.50000000000000e-09	1.25000000000000e-09	1.25000000000000e-09	3.00000000000000e-09
4.49375000000000e-07	3.56250000000000e-08	1.50000000000000e-09	1.25000000000000e-09	1.25000000000000e-09	3.00000000000000e-09
4.49375000000000e-07	3.68750000000000e-08	1.50000000000000e-09	1.25000000000000e-09	1.25000000000000e-09	3.00000000000000e-09
4.48125000000000e-07	3.81250000000000e-08	1.50000000000000e-09	1.25000000000000e-09	1.25000000000000e-09	3.00000000000000e-09
4.48125000000000e-07	3.93750000000000e-08	1.50000000000000e-09	1.25000000000000e-09	1.25000000000000e-09	3.00000000000000e-09
4.49375000000000e-07	3.81250000000000e-08	1.50000000000000e-09	1.25000000000000e-09	1.25000000000000e-09	3.00000000000000e-09
4.49375000000000e-07	3.93750000000000e-08	1.50000000000000e-09	1.25000000000000e-09	1.25000000000000e-09	3.00000000000000e-09
4.51250000000000e-07	3.87500000000000e-08	1.50000000000000e-09	2.50000000000000e-09	2.50000000000000e-09	3.00000000000000e-09
4.53750000000000e-07	3.62500000000000e-08	1.50000000000000e-09	2.50000000000000e-09	2.50000000000000e-09	3.00000000000000e-09
4.53750000000000e-07	3.87500000000000e-08	1.50000000000000e-09	2.50000000000000e-09	2.50000000000000e-09	3.00000000000000e-09
4.50625000000000e-07	3.56250000000000e-08	1.50000000000000e-09	1.25000000000000e-09	1.25000000000000e-09	3.00000000000000e-09
4.50625000000000e-07	3.68750000000000e-08	1.50000000000000e-09	1.25000000000000e-09	1.25000000000000e-09	3.00000000000000e-09
4.51875000000000e-07	3.56250000000000e-08	1.50000000000000e-09	1.25000000000000e-09	1.25000000000000e-09	3.00000000000000e-09
4.51875000000000e-07	3.68750000000000e-08	1.50000000000000e-09	1.25000000000000e-09	1.25000000000000e-09	3.00000000000000e-09
4.57500000000000e-07	3.75000000000000e-08	1.50000000000000e-09	5.00000000000000e-09	5.00000000000000e-09	3.00000000000000e-09
4.62500000000000e-07	3.75000000000000e-08	1.50000000000000e-09	5.00000000000000e-09	5.00000000000000e-09	3.00000000000000e-09
4.67500000000000e-07	3.75000000000000e-08	1.50000000000000e-09	5.00000000000000e-09	5.00000000000000e-09	3.00000000000000e-09
4.72500000000000e-07	3.75000000000000e-08	1.50000000000000e-09	5.00000000000000e-09	5.00000000000000e-09	3.00000000000000e-09
4.77500000000000e-07	3.75000000000000e-08	1.50000000000000e-09	5.00000000000000e-09	5.00000000000000e-09	3.00000000000000e-09
4.82500000000000e-07	3.75000000000000e-08	1.50000000000000e-09	5.00000000000000e-09	5.00000000000000e-09	3.00000000000000e-09
4.87500000000000e-07	3.75000000000000e-08	1.50000000000000e-09	5.00000000000000e-09	5.00000000000000e-09	3.00000000000000e-09
4.92500000000000e-07	3.75000000000000e-08	1.50000000000000e-09	5.00000000000000e-09	5.00000000000000e-09	3.00000000000000e-09
4.97500000000000e-07	3.75000000000000e-08	1.50000000000000e-09	5.00000000000000e-09	5.00000000000000e-09	3.00000000000000e-09
2.50000000000000e-09	4.25000000000000e-08	1.50000000000000e-09	5.00000000000000e-09	5.00000000000000e-09	3.00000000000000e-09
7.50000000000000e-09	4.25000000000000e-08	1.50000000000000e-09	5.00000000000000e-09	5.00000000000000e-09	3.00000000000000e-09
1.25000000000000e-08	4.25000000000000e-08	1.50000000000000e-09	5.00000000000000e-09	5.00000000000000e-09	3.00000000000000e-09
1.75000000000000e-08	4.25000000000000e-08	1.50000000000000e-09	5.00000000000000e-09	5.00000000000000e-09	3.00000000000000e-09
2.25000000000000e-08	4.25000000000000e-08	1.50000000000000e-09	5.00000000000000e-09	5.00000000000000e-09	3.00000000000000e-09
2.75000000000000e-08	4.25000000000000e-08	1.50000000000000e-09	5.00000000000000e-09	5.00000000000000e-09	3.00000000000000e-09
3.25000000000000e-08	4.25000000000000e-08	1.50000000000000e-09	5.00000000000000e-09	5.00000000000000e-09	3.00000000000000e-09
3.75000000000000e-08	4.25000000000000e-08	1.50000000000000e-09	5.00000000000000e-09	5.00000000000000e-09	3.00000000000000e-09
4.25000000000000e-08	4.25000000000000e-08	1.50000000000000e-09	5.00000000000000e-09	5.00000000000000e-09	3.00000000000000e-09
4.75000000000000e-08	4.25000000000000e-08	1.50000000000000e-09	5.00000000000000e-09	5.00000000000000e-09	3.00000000000000e-09
5.25000000000000e-08	4.25000000000000e-08	1.50000000000000e-09	5.00000000000000e-09	5.00000000000000e-09	3.00000000000000e-09
5.75000000000000e-08	4.25000000000000e-08	1.50000000000000e-09	5.00000000000000e-09	5.00000000000000e-09	3.00000000000000e-09
6.25000000000000e-08	4.25000000000000e-08	1.50000000000000e-09	5.00000000000000e-09	5.00000000000000e-09	3.00000000000000e-09
6.75000000000000e-08	4.25000000000000e-08	1.50000000000000e-09	5.00000000000000e-09	5.00000000000000e-09	3.00000000000000e-09
7.25000000000000e-08	4.25000000000000e-08	1.50000000000000e-09	5.00000000000000e-09	5.00000000000000e-09	3.00000000000000e-09
7.75000000000000e-08	4.25000000000000e-08	1.50000000000000e-09	5.00000000000000e-09	5.00000000000000e-09	3.00000000000000e-09
8.25000000000000e-08	4.25000000000000e-08	1.50000000000000e-09	5.00000000000000e-09	5.00000000000000e-09	3.00000000000000e-09
8.75000000000000e-08	4.25000000000000e-08	1.50000000000000e-09	5.00000000000000e-09	5.00000000000000e-09	3.00000000000000e-09
9.25000000000000e-08	4.25000000000000e-08	1.50000000000000e-09	5.00000000000000e-09	5.00000000000000e-09	3.00000000000000e-09
9.75000000000000e-08	4.25000000000000e-08	1.50000000000000e-09	5.00000000000000e-09	5.00000000000000e-09	3.00000000000000e-09
1.02500000000000e-07	4.25000000000000e-08	1.50000000000000e-09	5.00000000000000e-09	5.00000000000000e-09	3.00000000000000e-09
1.07500000000000e-07	4.25000000000000e-08	1.50000000000000e-09	5.00000000000000e-09	5.00000000000000e-09	3.00000000000000e-09
1.10625000000000e-07	4.06250000000000e-08	1.50000000000000e-09	1.25000000000000e-09	1.25000000000000e-09	3.00000000000000e-09
1.10625000000000e-07	4.18750000000000e-08	1.50000000000000e-09	1.25000000000000e-09	1.25000000000000e-09	3.00000000000000e-09
1.11875000000000e-07	4.06250000000000e-08	1.50000000000000e-09	1.25000000000000e-09	1.25000000000000e-09	3.00000000000000e-09
1.11875000000000e-07	4.18750000000000e-08	1.50000000000000e-09	1.25000000000000e-09	1.25000000000000e-09	3.00000000000000e-09
1.10625000000000e-07	4.31250000000000e-08	1.50000000000000e-09	1.25000000000000e-09	1.25000000000000e-09	3.00000000000000e-09
1.10625000000000e-07	4.43750000000000e-08	1.50000000000000e-09	1.25000000000000e-09	1.25000000000000e-09	3.00000000000000e-09
1.11875000000000e-07	4.31250000000000e-08	1.50000000000000e-09	1.25000000000000e-09	1.25000000000000e-09	3.00000000000000e-09
1.11875000000000e-07	4.43750000000000e-08	1.50000000000000e-09	1.25000000000000e-09	1.25000000000000e-09	3.00000000000000e-09
1.13125000000000e-07	4.06250000000000e-08	1.50000000000000e-09	1.25000000000000e-09	1.25000000000000e-09	3.00000000000000e-09
1.13125000000000e-07	4.18750000000000e-08	1.50000000000000e-09	1.25000000000000e-09	1.25000000000000e-09	3.00000000000000e-09
1.14375000000000e-07	4.06250000000000e-08	1.50000000000000e-09	1.25000000000000e-09	1.25000000000000e-09	3.00000000000000e-09
1.14375000000000e-07	4.18750000000000e-08	1.50000000000000e-09	1.25000000000000e-09	1.25000000000000e-09	3.00000000000000e-09
1.13125000000000e-07	4.31250000000000e-08	1.50000000000000e-09	1.25000000000000e-09	1.25000000000000e-09	3.00000000000000e-09
1.13125000000000e-07	4.43750000000000e-08	1.50000000000000e-09	1.25000000000000e-09	1.25000000000000e-09	3.00000000000000e-09
1.14375000000000e-07	4.31250000000000e-08	1.50000000000000e-09	1.25000000000000e-09	1.25000000000000e-09	3.00000000000000e-09
1.14375000000000e-07	4.43750000000000e-08	1.50000000000000e-09	1.25000000000000e-09	1.25000000000000e-09	3.00000000000000e-09
1.15625000000000e-07	4.06250000000000e-08	1.50000000000000e-09	1.25000000000000e-09	1.25000000000000e-09	3.00000000000000e-09
1.15625000000000e-07	4.18750000000000e-08	1.50000000000000e-09	1.25000000000000e-09	1.25000000000000e-09	3.00000000000000e-09
1.16875000000000e-07	4.06250000000000e-08	1.50000000000000e-09	1.25000000000000e-09	1.25000000000000e-09	3.00000000000000e-09
1.16875000000000e-07	4.18750000000000e-08	1.50000000000000e-09	1.25000000000000e-09	1.25000000000000e-09	3.00000000000000e-09
1.15625000000000e-07	4.31250000000000e-08	1.50000000000000e-09	1.25000000000000e-09	1.25000000000000e-09	3.00000000000000e-09
1.15625000000000e-07	4.43750000000000e-08	1.50000000000000e-09	1.25000000000000e-09	1.25000000000000e-09	3.00000000000000e-09
1.16875000000000e-07	4.31250000000000e-08	1.50000000000000e-09	1.25000000000000e-09	1.25000000000000e-09	3.00000000000000e-09
1.16875000000000e-07	4.43750000000000e-08	1.50000000000000e-09	1.25000000000000e-09	1.25000000000000e-09	3.00000000000000e-09
1.18125000000000e-07	4.06250000000000e-08	1.50000000000000e-09	1.25000000000000e-09	1.25000000000000e-09	3.00000000000000e-09
1.18125000000000e-07	4.18750000000000e-08	1.50000000000000e-09	1.25000000000000e-09	1.25000000000000e-09	3.00000000000000e-09
1.19375000000000e-07	4.06250000000000e-08	1.50000000000000e-09	1.25000000000000e-09	1.25000000000000e-09	3.00000000000000e-09
1.19375000000000e-07	4.18750000000000e-08	1.50000000000000e-09	1.25000000000000e-09	1.25000000000000e-09	3.00000000000000e-09
1.18125000000000e-07	4.31250000000000e-08	1.50000000000000e-09	1.25000000000000e-09	1.25000000000000e-09	3.00000000000000e-09
1.18125000000000e-07	4.43750000000000e-08	1.50000000000000e-09	1.25000000000000e-09	1.25000000000000e-09	3.00000000000000e-09
1.19375000000000e-07	4.31250000000000e-08	1.50000000000000e-09	1.25000000000000e-09	1.25000000000000e-09	3.00000000000000e-09
1.19375000000000e-07	4.43750000000000e-08	1.50000000000000e-09	1.25000000000000e-09	1.25000000000000e-09	3.00000000000000e-09
1.22500000000000e-07	4.25000000000000e-08	1.50000000000000e-09	5.00000000000000e-09	5.00000000000000e-09	3.00000000000000e-09
1.27500000000000e-07	4.25000000000000e-08	1.50000000000000e-09	5.00000000000000e-09	5.00000000000000e-09	3.00000000000000e-09
1.32500000000000e-07	4.25000000000000e-08	1.50000000000000e-09	5.00000000000000e-09	5.00000000000000e-09	3.00000000000000e-09
1.37500000000000e-07	4.25000000000000e-08	1.50000000000000e-09	5.00000000000000e-09	5.00000000000000e-09	3.00000000000000e-09
1.42500000000000e-07	4.25000000000000e-08	1.50000000000000e-09	5.00000000000000e-09	5.00000000000000e-09	3.00000000000000e-09
1.47500000000000e-07	4.25000000000000e-08	1.50000000000000e-09	5.00000000000000e-09	5.00000000000000e-09	3.00000000000000e-09
1.52500000000000e-07	4.25000000000000e-08	1.50000000000000e-09	5.00000000000000e-09	5.00000000000000e-09	3.00000000000000e-09
1.57500000000000e-07	4.25000000000000e-08	1.50000000000000e-09	5.00000000000000e-09	5.00000000000000e-09	3.00000000000000e-09
1.62500000000000e-07	4.25000000000000e-08	1.50000000000000e-09	5.00000000000000e-09	5.00000000000000e-09	3.00000000000000e-09
1.67500000000000e-07	4.25000000000000e-08	1.50000000000000e-09	5.00000000000000e-09	5.00000000000000e-09	3.00000000000000e-09
1.72500000000000e-07	4.25000000000000e-08	1.50000000000000e-09	5.00000000000000e-09	5.00000000000000e-09	3.00000000000000e-09
1.77500000000000e-07	4.25000000000000e-08	1.50000000000000e-09	5.00000000000000e-09	5.00000000000000e-09	3.00000000000000e-09
1.82500000000000e-07	4.25000000000000e-08	1.50000000000000e-09	5.00000000000000e-09	5.00000000000000e-09	3.00000000000000e-09
1.87500000000000e-07	4.25000000000000e-08	1.50000000000000e-09	5.00000000000000e-09	5.00000000000000e-09	3.00000000000000e-09
1.92500000000000e-07	4.25000000000000e-08	1.50000000000000e-09	5.00000000000000e-09	5.00000000000000e-09	3.00000000000000e-09
1.97500000000000e-07	4.25000000000000e-08	1.50000000000000e-09	5.00000000000000e-09	5.00000000000000e-09	3.00000000000000e-09
2.02500000000000e-07	4.25000000000000e-08	1.50000000000000e-09	5.00000000000000e-09	5.00000000000000e-09	3.00000000000000e-09
2.07500000000000e-07	4.25000000000000e-08	1.50000000000000e-09	5.00000000000000e-09	5.00000000000000e-09	3.00000000000000e-09
2.12500000000000e-07	4.25000000000000e-08	1.50000000000000e-09	5.00000000000000e-09	5.00000000000000e-09	3.00000000000000e-09
2.15625000000000e-07	4.06250000000000e-08	1.50000000000000e-09	1.25000000000000e-09	1.25000000000000e-09	3.00000000000000e-09
2.15625000000000e-07	4.18750000000000e-08	1.50000000000000e-09	1.25000000000000e-09	1.25000000000000e-09	3.00000000000000e-09
2.16875000000000e-07	4.06250000000000e-08	1.50000000000000e-09	1.25000000000000e-09	1.25000000000000e-09	3.00000000000000e-09
2.16875000000000e-07	4.18750000000000e-08	1.50000000000000e-09	1.25000000000000e-09	1.25000000000000e-09	3.00000000000000e-09
2.15625000000000e-07	4.31250000000000e-08	1.50000000000000e-09	1.25000000000000e-09	1.25000000000000e-09	3.00000000000000e-09
2.15625000000000e-07	4.43750000000000e-08	1.50000000000000e-09	1.25000000000000e-09	1.25000000000000e-09	3.00000000000000e-09
2.16875000000000e-07	4.31250000000000e-08	1.50000000000000e-09	1.25000000000000e-09	1.25000000000000e-09	3.00000000000000e-09
2.16875000000000e-07	4.43750000000000e-08	1.50000000000000e-09	1.25000000000000e-09	1.25000000000000e-09	3.00000000000000e-09
2.18125000000000e-07	4.06250000000000e-08	1.50000000000000e-09	1.25000000000000e-09	1.25000000000000e-09	3.00000000000000e-09
2.18125000000000e-07	4.18750000000000e-08	1.50000000000000e-09	1.25000000000000e-09	1.25000000000000e-09	3.00000000000000e-09
2.19375000000000e-07	4.06250000000000e-08	1.50000000000000e-09	1.25000000000000e-09	1.25000000000000e-09	3.00000000000000e-09
2.19375000000000e-07	4.18750000000000e-08	1.50000000000000e-09	1.25000000000000e-09	1.25000000000000e-09	3.00000000000000e-09
2.18125000000000e-07	4.31250000000000e-08	1.50000000000000e-09	1.25000000000000e-09	1.25000000000000e-09	3.00000000000000e-09
2.18125000000000e-07	4.43750000000000e-08	1.50000000000000e-09	1.25000000000000e-09	1.25000000000000e-09	3.00000000000000e-09
2.19375000000000e-07	4.31250000000000e-08	1.50000000000000e-09	1.25000000000000e-09	1.25000000000000e-09	3.00000000000000e-09
2.19375000000000e-07	4.43750000000000e-08	1.50000000000000e-09	1.25000000000000e-09	1.25000000000000e-09	3.00000000000000e-09
2.20625000000000e-07	4.06250000000000e-08	1.50000000000000e-09	1.25000000000000e-09	1.25000000000000e-09	3.00000000000000e-09
2.20625000000000e-07	4.18750000000000e-08	1.50000000000000e-09	1.25000000000000e-09	1.25000000000000e-09	3.00000000000000e-09
2.21875000000000e-07	4.06250000000000e-08	1.50000000000000e-09	1.25000000000000e-09	1.25000000000000e-09	3.00000000000000e-09
2.21875000000000e-07	4.18750000000000e-08	1.50000000000000e-09	1.25000000000000e-09	1.25000000000000e-09	3.00000000000000e-09
2.20625000000000e-07	4.31250000000000e-08	1.50000000000000e-09	1.25000000000000e-09	1.25000000000000e-09	3.00000000000000e-09
2.20625000000000e-07	4.43750000000000e-08	1.50000000000000e-09	1.25000000000000e-09	1.25000000000000e-09	3.00000000000000e-09
2.21875000000000e-07	4.31250000000000e-08	1.50000000000000e-09	1.25000000000000e-09	1.25000000000000e-09	3.00000000000000e-09
2.21875000000000e-07	4.43750000000000e-08	1.50000000000000e-09	1.25000000000000e-09	1.25000000000000e-09	3.00000000000000e-09
2.23125000000000e-07	4.06250000000000e-08	1.50000000000000e-09	1.25000000000000e-09	1.25000000000000e-09	3.00000000000000e-09
2.23125000000000e-07	4.18750000000000e-08	1.50000000000000e-09	1.25000000000000e-09	1.25000000000000e-09	3.00000000000000e-09
2.24375000000000e-07	4.06250000000000e-08	1.50000000000000e-09	1.25000000000000e-09	1.25000000000000e-09	3.00000000000000e-09
2.24375000000000e-07	4.18750000000000e-08	1.50000000000000e-09	1.25000000000000e-09	1.25000000000000e-09	3.00000000000000e-09
2.23125000000000e-07	4.31250000000000e-08	1.50000000000000e-09	1.25000000000000e-09	1.25000000000000e-09	3.00000000000000e-09
2.23125000000000e-07	4.43750000000000e-08	1.50000000000000e-09	1.25000000000000e-09	1.25000000000000e-09	3.00000000000000e-09
2.24375000000000e-07	4.31250000000000e-08	1.50000000000000e-09	1.25000000000000e-09	1.25000000000000e-09	3.00000000000000e-09
2.24375000000000e-07	4.43750000000000e-08	1.50000000000000e-09	1.25000000000000e-09	1.25000000000000e-09	3.00000000000000e-09
2.27500000000000e-07	4.25000000000000e-08	1.50000000000000e-09	5.00000000000000e-09	5.00000000000000e-09	3.00000000000000e-09
2.32500000000000e-07	4.25000000000000e-08	1.50000000000000e-09	5.00000000000000e-09	5.00000000000000e-09	3.00000000000000e-09
2.37500000000000e-07	4.25000000000000e-08	1.50000000000000e-09	5.00000000000000e-09	5.00000000000000e-09	3.00000000000000e-09
2.42500000000000e-07	4.25000000000000e-08	1.50000000000000e-09	5.00000000000000e-09	5.00000000000000e-09	3.00000000000000e-09
2.47500000000000e-07	4.25000000000000e-08	1.50000000000000e-09	5.00000000000000e-09	5.00000000000000e-09	3.00000000000000e-09
2.52500000000000e-07	4.25000000000000e-08	1.50000000000000e-09	5.00000000000000e-09	5.00000000000000e-09	3.00000000000000e-09
2.57500000000000e-07	4.25000000000000e-08	1.50000000000000e-09	5.00000000000000e-09	5.00000000000000e-09	3.00000000000000e-09
2.62500000000000e-07	4.25000000000000e-08	1.50000000000000e-09	5.00000000000000e-09	5.00000000000000e-09	3.00000000000000e-09
2.67500000000000e-07	4.25000000000000e-08	1.50000000000000e-09	5.00000000000000e-09	5.00000000000000e-09	3.00000000000000e-09
2.72500000000000e-07	4.25000000000000e-08	1.50000000000000e-09	5.00000000000000e-09	5.00000000000000e-09	3.00000000000000e-09
2.77500000000000e-07	4.25000000000000e-08	1.50000000000000e-09	5.00000000000000e-09	5.00000000000000e-09	3.00000000000000e-09
2.82500000000000e-07	4.25000000000000e-08	1.50000000000000e-09	5.00000000000000e-09	5.00000000000000e-09	3.00000000000000e-09
2.87500000000000e-07	4.25000000000000e-08	1.50000000000000e-09	5.00000000000000e-09	5.00000000000000e-09	3.00000000000000e-09
2.92500000000000e-07	4.25000000000000e-08	1.50000000000000e-09	5.00000000000000e-09	5.00000000000000e-09	3.00000000000000e-09
2.97500000000000e-07	4.25000000000000e-08	1.50000000000000e-09	5.00000000000000e-09	5.00000000000000e-09	3.00000000000000e-09
3.02500000000000e-07	4.25000000000000e-08	1.50000000000000e-09	5.00000000000000e-09	5.00000000000000e-09	3.00000000000000e-09
3.05625000000000e-07	4.06250000000000e-08	1.50000000000000e-09	1.25000000000000e-09	1.25000000000000e-09	3.00000000000000e-09
3.05625000000000e-07	4.18750000000000e-08	1.50000000000000e-09	1.25000000000000e-09	1.25000000000000e-09	3.00000000000000e-09
3.06875000000000e-07	4.06250000000000e-08	1.50000000000000e-09	1.25000000000000e-09	1.25000000000000e-09	3.00000000000000e-09
3.06875000000000e-07	4.18750000000000e-08	1.50000000000000e-09	1.25000000000000e-09	1.25000000000000e-09	3.00000000000000e-09
3.05625000000000e-07	4.31250000000000e-08	1.50000000000000e-09	1.25000000000000e-09	1.25000000000000e-09	3.00000000000000e-09
3.05625000000000e-07	4.43750000000000e-08	1.50000000000000e-09	1.25000000000000e-09	1.25000000000000e-09	3.00000000000000e-09
3.06875000000000e-07	4.31250000000000e-08	1.50000000000000e-09	1.25000000000000e-09	1.25000000000000e-09	3.00000000000000e-09
3.06875000000000e-07	4.43750000000000e-08	1.50000000000000e-09	1.25000000000000e-09	1.25000000000000e-09	3.00000000000000e-09
3.08125000000000e-07	4.06250000000000e-08	1.50000000000000e-09	1.25000000000000e-09	1.25000000000000e-09	3.00000000000000e-09
3.08125000000000e-07	4.18750000000000e-08	1.50000000000000e-09	1.25000000000000e-09	1.25000000000000e-09	3.00000000000000e-09
3.09375000000000e-07	4.06250000000000e-08	1.50000000000000e-09	1.25000000000000e-09	1.25000000000000e-09	3.00000000000000e-09
3.09375000000000e-07	4.18750000000000e-08	1.50000000000000e-09	1.25000000000000e-09	1.25000000000000e-09	3.00000000000000e-09
3.08125000000000e-07	4.31250000000000e-08	1.50000000000000e-09	1.25000000000000e-09	1.25000000000000e-09	3.00000000000000e-09
3.08125000000000e-07	4.43750000000000e-08	1.50000000000000e-09	1.25000000000000e-09	1.25000000000000e-09	3.00000000000000e-09
3.09375000000000e-07	4.31250000000000e-08	1.50000000000000e-09	1.25000000000000e-09	1.25000000000000e-09	3.00000000000000e-09
3.09375000000000e-07	4.43750000000000e-08	1.50000000000000e-09	1.25000000000000e-09	1.25000000000000e-09	3.00000000000000e-09
3.10625000000000e-07	4.06250000000000e-08	1.50000000000000e-09	1.25000000000000e-09	1.25000000000000e-09	3.00000000000000e-09
3.10625000000000e-07	4.18750000000000e-08	1.50000000000000e-09	1.25000000000000e-09	1.25000000000000e-09	3.00000000000000e-09
3.11875000000000e-07	4.06250000000000e-08	1.50000000000000e-09	1.25000000000000e-09	1.25000000000000e-09	3.00000000000000e-09
3.11875000000000e-07	4.18750000000000e-08	1.50000000000000e-09	1.25000000000000e-09	1.25000000000000e-09	3.00000000000000e-09
3.10625000000000e-07	4.31250000000000e-08	1.50000000000000e-09	1.25000000000000e-09	1.25000000000000e-09	3.00000000000000e-09
3.10625000000000e-07	4.43750000000000e-08	1.50000000000000e-09	1.25000000000000e-09	1.25000000000000e-09	3.00000000000000e-09
3.11875000000000e-07	4.31250000000000e-08	1.50000000000000e-09	1.25000000000000e-09	1.25000000000000e-09	3.00000000000000e-09
3.11875000000000e-07	4.43750000000000e-08	1.50000000000000e-09	1.25000000000000e-09	1.25000000000000e-09	3.00000000000000e-09
3.13125000000000e-07	4.06250000000000e-08	1.50000000000000e-09	1.25000000000000e-09	1.25000000000000e-09	3.00000000000000e-09
3.13125000000000e-07	4.18750000000000e-08	1.50000000000000e-09	1.25000000000000e-09	1.25000000000000e-09	3.00000000000000e-09
3.14375000000000e-07	4.06250000000000e-08	1.50000000000000e-09	1.25000000000000e-09	1.25000000000000e-09	3.00000000000000e-09
3.14375000000000e-07	4.18750000000000e-08	1.50000000000000e-09	1.25000000000000e-09	1.25000000000000e-09	3.00000000000000e-09
3.13125000000000e-07	4.31250000000000e-08	1.50000000000000e-09	1.25000000000000e-09	1.25000000000000e-09	3.00000000000000e-09
3.13125000000000e-07	4.43750000000000e-08	1.50000000000000e-09	1.25000000000000e-09	1.25000000000000e-09	3.00000000000000e-09
3.14375000000000e-07	4.31250000000000e-08	1.50000000000000e-09	1.25000000000000e-09	1.25000000000000e-09	3.00000000000000e-09
3.14375000000000e-07	4.43750000000000e-08	1.50000000000000e-09	1.25000000000000e-09	1.25000000000000e-09	3.00000000000000e-09
3.17500000000000e-07	4.25000000000000e-08	1.50000000000000e-09	5.00000000000000e-09	5.00000000000000e-09	3.00000000000000e-09
3.22500000000000e-07	4.25000000000000e-08	1.50000000000000e-09	5.00000000000000e-09	5.00000000000000e-09	3.00000000000000e-09
3.27500000000000e-07	4.25000000000000e-08	1.50000000000000e-09	5.00000000000000e-09	5.00000000000000e-09	3.00000000000000e-09
3.32500000000000e-07	4.25000000000000e-08	1.50000000000000e-09	5.00000000000000e-09	5.00000000000000e-09	3.00000000000000e-09
3.37500000000000e-07	4.25000000000000e-08	1.50000000000000e-09	5.00000000000000e-09	5.00000000000000e-09	3.00000000000000e-09
3.42500000000000e-07	4.25000000000000e-08	1.50000000000000e-09	5.00000000000000e-09	5.00000000000000e-09	3.00000000000000e-09
3.47500000000000e-07	4.25000000000000e-08	1.50000000000000e-09	5.00000000000000e-09	5.00000000000000e-09	3.00000000000000e-09
3.52500000000000e-07	4.25000000000000e-08	1.50000000000000e-09	5.00000000000000e-09	5.00000000000000e-09	3.00000000000000e-09
3.57500000000000e-07	4.25000000000000e-08	1.50000000000000e-09	5.00000000000000e-09	5.00000000000000e-09	3.00000000000000e-09
3.61250000000000e-07	4.37500000000000e-08	1.50000000000000e-09	2.50000000000000e-09	2.50000000000000e-09	3.00000000000000e-09
3.60625000000000e-07	4.06250000000000e-08	1.50000000000000e-09	1.25000000000000e-09	1.25000000000000e-09	3.00000000000000e-09
3.60625000000000e-07	4.18750000000000e-08	1.50000000000000e-09	1.25000000000000e-09	1.25000000000000e-09	3.00000000000000e-09
3.61875000000000e-07	4.06250000000000e-08	1.50000000000000e-09	1.25000000000000e-09	1.25000000000000e-09	3.00000000000000e-09
3.61875000000000e-07	4.18750000000000e-08	1.50000000000000e-09	1.25000000000000e-09	1.25000000000000e-09	3.00000000000000e-09
3.63125000000000e-07	4.06250000000000e-08	1.50000000000000e-09	1.25000000000000e-09	1.25000000000000e-09	3.00000000000000e-09
3.63125000000000e-07	4.18750000000000e-08	1.50000000000000e-09	1.25000000000000e-09	1.25000000000000e-09	3.00000000000000e-09
3.64375000000000e-07	4.06250000000000e-08	1.50000000000000e-09	1.25000000000000e-09	1.25000000000000e-09	3.00000000000000e-09
3.64375000000000e-07	4.18750000000000e-08	1.50000000000000e-09	1.25000000000000e-09	1.25000000000000e-09	3.00000000000000e-09
3.63125000000000e-07	4.31250000000000e-08	1.50000000000000e-09	1.25000000000000e-09	1.25000000000000e-09	3.00000000000000e-09
3.63125000000000e-07	4.43750000000000e-08	1.50000000000000e-09	1.25000000000000e-09	1.25000000000000e-09	3.00000000000000e-09
3.64375000000000e-07	4.31250000000000e-08	1.50000000000000e-09	1.25000000000000e-09	1.25000000000000e-09	3.00000000000000e-09
3.64375000000000e-07	4.43750000000000e-08	1.50000000000000e-09	1.25000000000000e-09	1.25000000000000e-09	3.00000000000000e-09
3.65625000000000e-07	4.06250000000000e-08	1.50000000000000e-09	1.25000000000000e-09	1.25000000000000e-09	3.00000000000000e-09
3.65625000000000e-07	4.18750000000000e-08	1.50000000000000e-09	1.25000000000000e-09	1.25000000000000e-09	3.00000000000000e-09
3.66875000000000e-07	4.06250000000000e-08	1.50000000000000e-09	1.25000000000000e-09	1.25000000000000e-09	3.00000000000000e-09
3.66875000000000e-07	4.18750000000000e-08	1.50000000000000e-09	1.25000000000000e-09	1.25000000000000e-09	3.00000000000000e-09
3.65625000000000e-07	4.31250000000000e-08	1.50000000000000e-09	1.25000000000000e-09	1.25000000000000e-09	3.00000000000000e-09
3.65625000000000e-07	4.43750000000000e-08	1.50000000000000e-09	1.25000000000000e-09	1.25000000000000e-09	3.00000000000000e-09
3.66875000000000e-07	4.31250000000000e-08	1.50000000000000e-09	1.25000000000000e-09	1.25000000000000e-09	3.00000000000000e-09
3.66875000000000e-07	4.43750000000000e-08	1.50000000000000e-09	1.25000000000000e-09	1.25000000000000e-09	3.00000000000000e-09
3.68125000000000e-07	4.06250000000000e-08	1.50000000000000e-09	1.25000000000000e-09	1.25000000000000e-09	3.00000000000000e-09
3.68125000000000e-07	4.18750000000000e-08	1.50000000000000e-09	1.25000000000000e-09	1.25000000000000e-09	3.00000000000000e-09
3.69375000000000e-07	4.06250000000000e-08	1.50000000000000e-09	1.25000000000000e-09	1.25000000000000e-09	3.00000000000000e-09
3.69375000000000e-07	4.18750000000000e-08	1.50000000000000e-09	1.25000000000000e-09	1.25000000000000e-09	3.00000000000000e-09
3.68125000000000e-07	4.31250000000000e-08	1.50000000000000e-09	1.25000000000000e-09	1.25000000000000e-09	3.00000000000000e-09
3.68125000000000e-07	4.43750000000000e-08	1.50000000000000e-09	1.25000000000000e-09	1.25000000000000e-09	3.00000000000000e-09
3.69375000000000e-07	4.31250000000000e-08	1.50000000000000e-09	1.25000000000000e-09	1.25000000000000e-09	3.00000000000000e-09
3.69375000000000e-07	4.43750000000000e-08	1.50000000000000e-09	1.25000000000000e-09	1.25000000000000e-09	3.00000000000000e-09
3.70625000000000e-07	4.06250000000000e-08	1.50000000000000e-09	1.25000000000000e-09	1.25000000000000e-09	3.00000000000000e-09
3.70625000000000e-07	4.18750000000000e-08	1.50000000000000e-09	1.25000000000000e-09	1.25000000000000e-09	3.00000000000000e-09
3.71875000000000e-07	4.06250000000000e-08	1.50000000000000e-09	1.25000000000000e-09	1.25000000000000e-09	3.00000000000000e-09
3.71875000000000e-07	4.18750000000000e-08	1.50000000000000e-09	1.25000000000000e-09	1.25000000000000e-09	3.00000000000000e-09
3.70625000000000e-07	4.31250000000000e-08	1.50000000000000e-09	1.25000000000000e-09	1.25000000000000e-09	3.00000000000000e-09
3.70625000000000e-07	4.43750000000000e-08	1.50000000000000e-09	1.25000000000000e-09	1.25000000000000e-09	3.00000000000000e-09
3.71875000000000e-07	4.31250000000000e-08	1.50000000000000e-09	1.25000000000000e-09	1.25000000000000e-09	3.00000000000000e-09
3.71875000000000e-07	4.43750000000000e-08	1.50000000000000e-09	1.25000000000000e-09	1.25000000000000e-09	3.00000000000000e-09
3.73125000000000e-07	4.06250000000000e-08	1.50000000000000e-09	1.25000000000000e-09	1.25000000000000e-09	3.00000000000000e-09
3.73125000000000e-07	4.18750000000000e-08	1.50000000000000e-09	1.25000000000000e-09	1.25000000000000e-09	3.00000000000000e-09
3.74375000000000e-07	4.06250000000000e-08	1.50000000000000e-09	1.25000000000000e-09	1.25000000000000e-09	3.00000000000000e-09
3.74375000000000e-07	4.18750000000000e-08	1.50000000000000e-09	1.25000000000000e-09	1.25000000000000e-09	3.00000000000000e-09
3.73125000000000e-07	4.31250000000000e-08	1.50000000000000e-09	1.25000000000000e-09	1.25000000000000e-09	3.00000000000000e-09
3.73125000000000e-07	4.43750000000000e-08	1.50000000000000e-09	1.25000000000000e-09	1.25000000000000e-09	3.00000000000000e-09
3.74375000000000e-07	4.31250000000000e-08	1.50000000000000e-09	1.25000000000000e-09	1.25000000000000e-09	3.00000000000000e-09
3.74375000000000e-07	4.43750000000000e-08	1.50000000000000e-09	1.25000000000000e-09	1.25000000000000e-09	3.00000000000000e-09
3.76250000000000e-07	4.12500000000000e-08	1.50000000000000e-09	2.50000000000000e-09	2.50000000000000e-09	3.00000000000000e-09
3.78750000000000e-07	4.12500000000000e-08	1.50000000000000e-09	2.50000000000000e-09	2.50000000000000e-09	3.00000000000000e-09
3.78750000000000e-07	4.37500000000000e-08	1.50000000000000e-09	2.50000000000000e-09	2.50000000000000e-09	3.00000000000000e-09
3.75625000000000e-07	4.31250000000000e-08	1.50000000000000e-09	1.25000000000000e-09	1.25000000000000e-09	3.00000000000000e-09
3.75625000000000e-07	4.43750000000000e-08	1.50000000000000e-09	1.25000000000000e-09	1.25000000000000e-09	3.00000000000000e-09
3.76875000000000e-07	4.31250000000000e-08	1.50000000000000e-09	1.25000000000000e-09	1.25000000000000e-09	3.00000000000000e-09
3.76875000000000e-07	4.43750000000000e-08	1.50000000000000e-09	1.25000000000000e-09	1.25000000000000e-09	3.00000000000000e-09
3.82500000000000e-07	4.25000000000000e-08	1.50000000000000e-09	5.00000000000000e-09	5.00000000000000e-09	3.00000000000000e-09
3.87500000000000e-07	4.25000000000000e-08	1.50000000000000e-09	5.00000000000000e-09	5.00000000000000e-09	3.00000000000000e-09
3.92500000000000e-07	4.25000000000000e-08	1.50000000000000e-09	5.00000000000000e-09	5.00000000000000e-09	3.00000000000000e-09
3.97500000000000e-07	4.25000000000000e-08	1.50000000000000e-09	5.00000000000000e-09	5.00000000000000e-09	3.00000000000000e-09
4.02500000000000e-07	4.25000000000000e-08	1.50000000000000e-09	5.00000000000000e-09	5.00000000000000e-09	3.00000000000000e-09
4.07500000000000e-07	4.25000000000000e-08	1.50000000000000e-09	5.00000000000000e-09	5.00000000000000e-09	3.00000000000000e-09
4.12500000000000e-07	4.25000000000000e-08	1.50000000000000e-09	5.00000000000000e-09	5.00000000000000e-09	3.00000000000000e-09
4.17500000000000e-07	4.25000000000000e-08	1.50000000000000e-09	5.00000000000000e-09	5.00000000000000e-09	3.00000000000000e-09
4.22500000000000e-07	4.25000000000000e-08	1.50000000000000e-09	5.00000000000000e-09	5.00000000000000e-09	3.00000000000000e-09
4.27500000000000e-07	4.25000000000000e-08	1.50000000000000e-09	5.00000000000000e-09	5.00000000000000e-09	3.00000000000000e-09
4.31250000000000e-07	4.12500000000000e-08	1.50000000000000e-09	2.50000000000000e-09	2.50000000000000e-09	3.00000000000000e-09
4.30625000000000e-07	4.31250000000000e-08	1.50000000000000e-09	1.25000000000000e-09	1.25000000000000e-09	3.00000000000000e-09
4.30625000000000e-07	4.43750000000000e-08	1.50000000000000e-09	1.25000000000000e-09	1.25000000000000e-09	3.00000000000000e-09
4.31875000000000e-07	4.31250000000000e-08	1.50000000000000e-09	1.25000000000000e-09	1.25000000000000e-09	3.00000000000000e-09
4.31875000000000e-07	4.43750000000000e-08	1.50000000000000e-09	1.25000000000000e-09	1.25000000000000e-09	3.00000000000000e-09
4.33125000000000e-07	4.06250000000000e-08	1.50000000000000e-09	1.25000000000000e-09	1.25000000000000e-09	3.00000000000000e-09
4.33125000000000e-07	4.18750000000000e-08	1.50000000000000e-09	1.25000000000000e-09	1.25000000000000e-09	3.00000000000000e-09
4.34375000000000e-07	4.06250000000000e-08	1.50000000000000e-09	1.25000000000000e-09	1.25000000000000e-09	3.00000000000000e-09
4.34375000000000e-07	4.18750000000000e-08	1.50000000000000e-09	1.25000000000000e-09	1.25000000000000e-09	3.00000000000000e-09
4.33125000000000e-07	4.31250000000000e-08	1.50000000000000e-09	1.25000000000000e-09	1.25000000000000e-09	3.00000000000000e-09
4.33125000000000e-07	4.43750000000000e-08	1.50000000000000e-09	1.25000000000000e-09	1.25000000000000e-09	3.00000000000000e-09
4.34375000000000e-07	4.31250000000000e-08	1.50000000000000e-09	1.25000000000000e-09	1.25000000000000e-09	3.00000000000000e-09
4.34375000000000e-07	4.43750000000000e-08	1.50000000000000e-09	1.25000000000000e-09	1.25000000000000e-09	3.00000000000000e-09
4.35625000000000e-07	4.06250000000000e-08	1.50000000000000e-09	1.25000000000000e-09	1.25000000000000e-09	3.00000000000000e-09
4.35625000000000e-07	4.18750000000000e-08	1.50000000000000e-09	1.25000000000000e-09	1.25000000000000e-09	3.00000000000000e-09
4.36875000000000e-07	4.06250000000000e-08	1.50000000000000e-09	1.25000000000000e-09	1.25000000000000e-09	3.00000000000000e-09
4.36875000000000e-07	4.18750000000000e-08	1.50000000000000e-09	1.25000000000000e-09	1.25000000000000e-09	3.00000000000000e-09
4.35625000000000e-07	4.31250000000000e-08	1.50000000000000e-09	1.25000000000000e-09	1.25000000000000e-09	3.00000000000000e-09
4.35625000000000e-07	4.43750000000000e-08	1.50000000000000e-09	1.25000000000000e-09	1.25000000000000e-09	3.00000000000000e-09
4.36875000000000e-07	4.31250000000000e-08	1.50000000000000e-09	1.25000000000000e-09	1.25000000000000e-09	3.00000000000000e-09
4.36875000000000e-07	4.43750000000000e-08	1.50000000000000e-09	1.25000000000000e-09	1.25000000000000e-09	3.00000000000000e-09
4.38125000000000e-07	4.06250000000000e-08	1.50000000000000e-09	1.25000000000000e-09	1.25000000000000e-09	3.00000000000000e-09
4.38125000000000e-07	4.18750000000000e-08	1.50000000000000e-09	1.25000000000000e-09	1.25000000000000e-09	3.00000000000000e-09
4.39375000000000e-07	4.06250000000000e-08	1.50000000000000e-09	1.25000000000000e-09	1.25000000000000e-09	3.00000000000000e-09
4.39375000000000e-07	4.18750000000000e-08	1.50000000000000e-09	1.25000000000000e-09	1.25000000000000e-09	3.00000000000000e-09
4.38125000000000e-07	4.31250000000000e-08	1.50000000000000e-09	1.25000000000000e-09	1.25000000000000e-09	3.00000000000000e-09
4.38125000000000e-07	4.43750000000000e-08	1.50000000000000e-09	1.25000000000000e-09	1.25000000000000e-09	3.00000000000000e-09
4.39375000000000e-07	4.31250000000000e-08	1.50000000000000e-09	1.25000000000000e-09	1.25000000000000e-09	3.00000000000000e-09
4.39375000000000e-07	4.43750000000000e-08	1.50000000000000e-09	1.25000000000000e-09	1.25000000000000e-09	3.00000000000000e-09
4.40625000000000e-07	4.06250000000000e-08	1.50000000000000e-09	1.25000000000000e-09	1.25000000000000e-09	3.00000000000000e-09
4.40625000000000e-07	4.18750000000000e-08	1.50000000000000e-09	1.25000000000000e-09	1.25000000000000e-09	3.00000000000000e-09
4.41875000000000e-07	4.06250000000000e-08	1.50000000000000e-09	1.25000000000000e-09	1.25000000000000e-09	3.00000000000000e-09
4.41875000000000e-07	4.18750000000000e-08	1.50000000000000e-09	1.25000000000000e-09	1.25000000000000e-09	3.00000000000000e-09
4.40625000000000e-07	4.31250000000000e-08	1.50000000000000e-09	1.25000000000000e-09	1.25000000000000e-09	3.00000000000000e-09
4.40625000000000e-07	4.43750000000000e-08	1.50000000000000e-09	1.25000000000000e-09	1.25000000000000e-09	3.00000000000000e-09
4.41875000000000e-07	4.31250000000000e-08	1.50000000000000e-09	1.25000000000000e-09	1.25000000000000e-09	3.00000000000000e-09
4.41875000000000e-07	4.43750000000000e-08	1.50000000000000e-09	1.25000000000000e-09	1.25000000000000e-09	3.00000000000000e-09
4.43125000000000e-07	4.06250000000000e-08	1.50000000000000e-09	1.25000000000000e-09	1.25000000000000e-09	3.00000000000000e-09
4.43125000000000e-07	4.18750000000000e-08	1.50000000000000e-09	1.25000000000000e-09	1.25000000000000e-09	3.00000000000000e-09
4.44375000000000e-07	4.06250000000000e-08	1.50000000000000e-09	1.25000000000000e-09	1.25000000000000e-09	3.00000000000000e-09
4.44375000000000e-07	4.18750000000000e-08	1.50000000000000e-09	1.25000000000000e-09	1.25000000000000e-09	3.00000000000000e-09
4.43125000000000e-07	4.31250000000000e-08	1.50000000000000e-09	1.25000000000000e-09	1.25000000000000e-09	3.00000000000000e-09
4.43125000000000e-07	4.43750000000000e-08	1.50000000000000e-09	1.25000000000000e-09	1.25000000000000e-09	3.00000000000000e-09
4.44375000000000e-07	4.31250000000000e-08	1.50000000000000e-09	1.25000000000000e-09	1.25000000000000e-09	3.00000000000000e-09
4.44375000000000e-07	4.43750000000000e-08	1.50000000000000e-09	1.25000000000000e-09	1.25000000000000e-09	3.00000000000000e-09
4.46250000000000e-07	4.37500000000000e-08	1.50000000000000e-09	2.50000000000000e-09	2.50000000000000e-09	3.00000000000000e-09
4.48750000000000e-07	4.12500000000000e-08	1.50000000000000e-09	2.50000000000000e-09	2.50000000000000e-09	3.00000000000000e-09
4.48750000000000e-07	4.37500000000000e-08	1.50000000000000e-09	2.50000000000000e-09	2.50000000000000e-09	3.00000000000000e-09
4.45625000000000e-07	4.06250000000000e-08	1.50000000000000e-09	1.25000000000000e-09	1.25000000000000e-09	3.00000000000000e-09
4.45625000000000e-07	4.18750000000000e-08	1.50000000000000e-09	1.25000000000000e-09	1.25000000000000e-09	3.00000000000000e-09
4.46875000000000e-07	4.06250000000000e-08	1.50000000000000e-09	1.25000000000000e-09	1.25000000000000e-09	3.00000000000000e-09
4.46875000000000e-07	4.18750000000000e-08	1.50000000000000e-09	1.25000000000000e-09	1.25000000000000e-09	3.00000000000000e-09
4.52500000000000e-07	4.25000000000000e-08	1.50000000000000e-09	5.00000000000000e-09	5.00000000000000e-09	3.00000000000000e-09
4.57500000000000e-07	4.25000000000000e-08	1.50000000000000e-09	5.00000000000000e-09	5.00000000000000e-09	3.00000000000000e-09
4.62500000000000e-07	4.25000000000000e-08	1.50000000000000e-09	5.00000000000000e-09	5.00000000000000e-09	3.00000000000000e-09
4.67500000000000e-07	4.25000000000000e-08	1.50000000000000e-09	5.00000000000000e-09	5.00000000000000e-09	3.00000000000000e-09
4.72500000000000e-07	4.25000000000000e-08	1.50000000000000e-09	5.00000000000000e-09	5.00000000000000e-09	3.00000000000000e-09
4.77500000000000e-07	4.25000000000000e-08	1.50000000000000e-09	5.00000000000000e-09	5.00000000000000e-09	3.00000000000000e-09
4.82500000000000e-07	4.25000000000000e-08	1.50000000000000e-09	5.00000000000000e-09	5.00000000000000e-09	3.00000000000000e-09
4.87500000000000e-07	4.25000000000000e-08	1.50000000000000e-09	5.00000000000000e-09	5.00000000000000e-09	3.00000000000000e-09
4.92500000000000e-07	4.25000000000000e-08	1.50000000000000e-09	5.00000000000000e-09	5.00000000000000e-09	3.00000000000000e-09
4.97500000000000e-07	4.25000000000000e-08	1.50000000000000e-09	5.00000000000000e-09	5.00000000000000e-09	3.00000000000000e-09
2.50000000000000e-09	4.75000000000000e-08	1.50000000000000e-09	5.00000000000000e-09	5.00000000000000e-09	3.00000000000000e-09
7.50000000000000e-09	4.75000000000000e-08	1.50000000000000e-09	5.00000000000000e-09	5.00000000000000e-09	3.00000000000000e-09
1.25000000000000e-08	4.75000000000000e-08	1.50000000000000e-09	5.00000000000000e-09	5.00000000000000e-09	3.00000000000000e-09
1.75000000000000e-08	4.75000000000000e-08	1.50000000000000e-09	5.00000000000000e-09	5.00000000000000e-09	3.00000000000000e-09
2.25000000000000e-08	4.75000000000000e-08	1.50000000000000e-09	5.00000000000000e-09	5.00000000000000e-09	3.00000000000000e-09
2.75000000000000e-08	4.75000000000000e-08	1.50000000000000e-09	5.00000000000000e-09	5.00000000000000e-09	3.00000000000000e-09
3.25000000000000e-08	4.75000000000000e-08	1.50000000000000e-09	5.00000000000000e-09	5.00000000000000e-09	3.00000000000000e-09
3.75000000000000e-08	4.75000000000000e-08	1.50000000000000e-09	5.00000000000000e-09	5.00000000000000e-09	3.00000000000000e-09
4.25000000000000e-08	4.75000000000000e-08	1.50000000000000e-09	5.00000000000000e-09	5.00000000000000e-09	3.00000000000000e-09
4.75000000000000e-08	4.75000000000000e-08	1.50000000000000e-09	5.00000000000000e-09	5.00000000000000e-09	3.00000000000000e-09
5.25000000000000e-08	4.75000000000000e-08	1.50000000000000e-09	5.00000000000000e-09	5.00000000000000e-09	3.00000000000000e-09
5.75000000000000e-08	4.75000000000000e-08	1.50000000000000e-09	5.00000000000000e-09	5.00000000000000e-09	3.00000000000000e-09
6.25000000000000e-08	4.75000000000000e-08	1.50000000000000e-09	5.00000000000000e-09	5.00000000000000e-09	3.00000000000000e-09
6.75000000000000e-08	4.75000000000000e-08	1.50000000000000e-09	5.00000000000000e-09	5.00000000000000e-09	3.00000000000000e-09
7.25000000000000e-08	4.75000000000000e-08	1.50000000000000e-09	5.00000000000000e-09	5.00000000000000e-09	3.00000000000000e-09
7.75000000000000e-08	4.75000000000000e-08	1.50000000000000e-09	5.00000000000000e-09	5.00000000000000e-09	3.00000000000000e-09
8.25000000000000e-08	4.75000000000000e-08	1.50000000000000e-09	5.00000000000000e-09	5.00000000000000e-09	3.00000000000000e-09
8.75000000000000e-08	4.75000000000000e-08	1.50000000000000e-09	5.00000000000000e-09	5.00000000000000e-09	3.00000000000000e-09
9.25000000000000e-08	4.75000000000000e-08	1.50000000000000e-09	5.00000000000000e-09	5.00000000000000e-09	3.00000000000000e-09
9.75000000000000e-08	4.75000000000000e-08	1.50000000000000e-09	5.00000000000000e-09	5.00000000000000e-09	3.00000000000000e-09
1.02500000000000e-07	4.75000000000000e-08	1.50000000000000e-09	5.00000000000000e-09	5.00000000000000e-09	3.00000000000000e-09
1.07500000000000e-07	4.75000000000000e-08	1.50000000000000e-09	5.00000000000000e-09	5.00000000000000e-09	3.00000000000000e-09
1.10625000000000e-07	4.56250000000000e-08	1.50000000000000e-09	1.25000000000000e-09	1.25000000000000e-09	3.00000000000000e-09
1.10625000000000e-07	4.68750000000000e-08	1.50000000000000e-09	1.25000000000000e-09	1.25000000000000e-09	3.00000000000000e-09
1.11875000000000e-07	4.56250000000000e-08	1.50000000000000e-09	1.25000000000000e-09	1.25000000000000e-09	3.00000000000000e-09
1.11875000000000e-07	4.68750000000000e-08	1.50000000000000e-09	1.25000000000000e-09	1.25000000000000e-09	3.00000000000000e-09
1.10625000000000e-07	4.81250000000000e-08	1.50000000000000e-09	1.25000000000000e-09	1.25000000000000e-09	3.00000000000000e-09
1.10625000000000e-07	4.93750000000000e-08	1.50000000000000e-09	1.25000000000000e-09	1.25000000000000e-09	3.00000000000000e-09
1.11875000000000e-07	4.81250000000000e-08	1.50000000000000e-09	1.25000000000000e-09	1.25000000000000e-09	3.00000000000000e-09
1.11875000000000e-07	4.93750000000000e-08	1.50000000000000e-09	1.25000000000000e-09	1.25000000000000e-09	3.00000000000000e-09
1.13125000000000e-07	4.56250000000000e-08	1.50000000000000e-09	1.25000000000000e-09	1.25000000000000e-09	3.00000000000000e-09
1.13125000000000e-07	4.68750000000000e-08	1.50000000000000e-09	1.25000000000000e-09	1.25000000000000e-09	3.00000000000000e-09
1.14375000000000e-07	4.56250000000000e-08	1.50000000000000e-09	1.25000000000000e-09	1.25000000000000e-09	3.00000000000000e-09
1.14375000000000e-07	4.68750000000000e-08	1.50000000000000e-09	1.25000000000000e-09	1.25000000000000e-09	3.00000000000000e-09
1.13125000000000e-07	4.81250000000000e-08	1.50000000000000e-09	1.25000000000000e-09	1.25000000000000e-09	3.00000000000000e-09
1.13125000000000e-07	4.93750000000000e-08	1.50000000000000e-09	1.25000000000000e-09	1.25000000000000e-09	3.00000000000000e-09
1.14375000000000e-07	4.81250000000000e-08	1.50000000000000e-09	1.25000000000000e-09	1.25000000000000e-09	3.00000000000000e-09
1.14375000000000e-07	4.93750000000000e-08	1.50000000000000e-09	1.25000000000000e-09	1.25000000000000e-09	3.00000000000000e-09
1.15625000000000e-07	4.56250000000000e-08	1.50000000000000e-09	1.25000000000000e-09	1.25000000000000e-09	3.00000000000000e-09
1.15625000000000e-07	4.68750000000000e-08	1.50000000000000e-09	1.25000000000000e-09	1.25000000000000e-09	3.00000000000000e-09
1.16875000000000e-07	4.56250000000000e-08	1.50000000000000e-09	1.25000000000000e-09	1.25000000000000e-09	3.00000000000000e-09
1.16875000000000e-07	4.68750000000000e-08	1.50000000000000e-09	1.25000000000000e-09	1.25000000000000e-09	3.00000000000000e-09
1.15625000000000e-07	4.81250000000000e-08	1.50000000000000e-09	1.25000000000000e-09	1.25000000000000e-09	3.00000000000000e-09
1.15625000000000e-07	4.93750000000000e-08	1.50000000000000e-09	1.25000000000000e-09	1.25000000000000e-09	3.00000000000000e-09
1.16875000000000e-07	4.81250000000000e-08	1.50000000000000e-09	1.25000000000000e-09	1.25000000000000e-09	3.00000000000000e-09
1.16875000000000e-07	4.93750000000000e-08	1.50000000000000e-09	1.25000000000000e-09	1.25000000000000e-09	3.00000000000000e-09
1.18125000000000e-07	4.56250000000000e-08	1.50000000000000e-09	1.25000000000000e-09	1.25000000000000e-09	3.00000000000000e-09
1.18125000000000e-07	4.68750000000000e-08	1.50000000000000e-09	1.25000000000000e-09	1.25000000000000e-09	3.00000000000000e-09
1.19375000000000e-07	4.56250000000000e-08	1.50000000000000e-09	1.25000000000000e-09	1.25000000000000e-09	3.00000000000000e-09
1.19375000000000e-07	4.68750000000000e-08	1.50000000000000e-09	1.25000000000000e-09	1.25000000000000e-09	3.00000000000000e-09
1.18125000000000e-07	4.81250000000000e-08	1.50000000000000e-09	1.25000000000000e-09	1.25000000000000e-09	3.00000000000000e-09
1.18125000000000e-07	4.93750000000000e-08	1.50000000000000e-09	1.25000000000000e-09	1.25000000000000e-09	3.00000000000000e-09
1.19375000000000e-07	4.81250000000000e-08	1.50000000000000e-09	1.25000000000000e-09	1.25000000000000e-09	3.00000000000000e-09
1.19375000000000e-07	4.93750000000000e-08	1.50000000000000e-09	1.25000000000000e-09	1.25000000000000e-09	3.00000000000000e-09
1.22500000000000e-07	4.75000000000000e-08	1.50000000000000e-09	5.00000000000000e-09	5.00000000000000e-09	3.00000000000000e-09
1.27500000000000e-07	4.75000000000000e-08	1.50000000000000e-09	5.00000000000000e-09	5.00000000000000e-09	3.00000000000000e-09
1.32500000000000e-07	4.75000000000000e-08	1.50000000000000e-09	5.00000000000000e-09	5.00000000000000e-09	3.00000000000000e-09
1.37500000000000e-07	4.75000000000000e-08	1.50000000000000e-09	5.00000000000000e-09	5.00000000000000e-09	3.00000000000000e-09
1.42500000000000e-07	4.75000000000000e-08	1.50000000000000e-09	5.00000000000000e-09	5.00000000000000e-09	3.00000000000000e-09
1.47500000000000e-07	4.75000000000000e-08	1.50000000000000e-09	5.00000000000000e-09	5.00000000000000e-09	3.00000000000000e-09
1.52500000000000e-07	4.75000000000000e-08	1.50000000000000e-09	5.00000000000000e-09	5.00000000000000e-09	3.00000000000000e-09
1.57500000000000e-07	4.75000000000000e-08	1.50000000000000e-09	5.00000000000000e-09	5.00000000000000e-09	3.00000000000000e-09
1.62500000000000e-07	4.75000000000000e-08	1.50000000000000e-09	5.00000000000000e-09	5.00000000000000e-09	3.00000000000000e-09
1.67500000000000e-07	4.75000000000000e-08	1.50000000000000e-09	5.00000000000000e-09	5.00000000000000e-09	3.00000000000000e-09
1.72500000000000e-07	4.75000000000000e-08	1.50000000000000e-09	5.00000000000000e-09	5.00000000000000e-09	3.00000000000000e-09
1.77500000000000e-07	4.75000000000000e-08	1.50000000000000e-09	5.00000000000000e-09	5.00000000000000e-09	3.00000000000000e-09
1.82500000000000e-07	4.75000000000000e-08	1.50000000000000e-09	5.00000000000000e-09	5.00000000000000e-09	3.00000000000000e-09
1.87500000000000e-07	4.75000000000000e-08	1.50000000000000e-09	5.00000000000000e-09	5.00000000000000e-09	3.00000000000000e-09
1.92500000000000e-07	4.75000000000000e-08	1.50000000000000e-09	5.00000000000000e-09	5.00000000000000e-09	3.00000000000000e-09
1.97500000000000e-07	4.75000000000000e-08	1.50000000000000e-09	5.00000000000000e-09	5.00000000000000e-09	3.00000000000000e-09
2.02500000000000e-07	4.75000000000000e-08	1.50000000000000e-09	5.00000000000000e-09	5.00000000000000e-09	3.00000000000000e-09
2.07500000000000e-07	4.75000000000000e-08	1.50000000000000e-09	5.00000000000000e-09	5.00000000000000e-09	3.00000000000000e-09
2.12500000000000e-07	4.75000000000000e-08	1.50000000000000e-09	5.00000000000000e-09	5.00000000000000e-09	3.00000000000000e-09
2.15625000000000e-07	4.56250000000000e-08	1.50000000000000e-09	1.25000000000000e-09	1.25000000000000e-09	3.00000000000000e-09
2.15625000000000e-07	4.68750000000000e-08	1.50000000000000e-09	1.25000000000000e-09	1.25000000000000e-09	3.00000000000000e-09
2.16875000000000e-07	4.56250000000000e-08	1.50000000000000e-09	1.25000000000000e-09	1.25000000000000e-09	3.00000000000000e-09
2.16875000000000e-07	4.68750000000000e-08	1.50000000000000e-09	1.25000000000000e-09	1.25000000000000e-09	3.00000000000000e-09
2.15625000000000e-07	4.81250000000000e-08	1.50000000000000e-09	1.25000000000000e-09	1.25000000000000e-09	3.00000000000000e-09
2.15625000000000e-07	4.93750000000000e-08	1.50000000000000e-09	1.25000000000000e-09	1.25000000000000e-09	3.00000000000000e-09
2.16875000000000e-07	4.81250000000000e-08	1.50000000000000e-09	1.25000000000000e-09	1.25000000000000e-09	3.00000000000000e-09
2.16875000000000e-07	4.93750000000000e-08	1.50000000000000e-09	1.25000000000000e-09	1.25000000000000e-09	3.00000000000000e-09
2.18125000000000e-07	4.56250000000000e-08	1.50000000000000e-09	1.25000000000000e-09	1.25000000000000e-09	3.00000000000000e-09
2.18125000000000e-07	4.68750000000000e-08	1.50000000000000e-09	1.25000000000000e-09	1.25000000000000e-09	3.00000000000000e-09
2.19375000000000e-07	4.56250000000000e-08	1.50000000000000e-09	1.25000000000000e-09	1.25000000000000e-09	3.00000000000000e-09
2.19375000000000e-07	4.68750000000000e-08	1.50000000000000e-09	1.25000000000000e-09	1.25000000000000e-09	3.00000000000000e-09
2.18125000000000e-07	4.81250000000000e-08	1.50000000000000e-09	1.25000000000000e-09	1.25000000000000e-09	3.00000000000000e-09
2.18125000000000e-07	4.93750000000000e-08	1.50000000000000e-09	1.25000000000000e-09	1.25000000000000e-09	3.00000000000000e-09
2.19375000000000e-07	4.81250000000000e-08	1.50000000000000e-09	1.25000000000000e-09	1.25000000000000e-09	3.00000000000000e-09
2.19375000000000e-07	4.93750000000000e-08	1.50000000000000e-09	1.25000000000000e-09	1.25000000000000e-09	3.00000000000000e-09
2.20625000000000e-07	4.56250000000000e-08	1.50000000000000e-09	1.25000000000000e-09	1.25000000000000e-09	3.00000000000000e-09
2.20625000000000e-07	4.68750000000000e-08	1.50000000000000e-09	1.25000000000000e-09	1.25000000000000e-09	3.00000000000000e-09
2.21875000000000e-07	4.56250000000000e-08	1.50000000000000e-09	1.25000000000000e-09	1.25000000000000e-09	3.00000000000000e-09
2.21875000000000e-07	4.68750000000000e-08	1.50000000000000e-09	1.25000000000000e-09	1.25000000000000e-09	3.00000000000000e-09
2.20625000000000e-07	4.81250000000000e-08	1.50000000000000e-09	1.25000000000000e-09	1.25000000000000e-09	3.00000000000000e-09
2.20625000000000e-07	4.93750000000000e-08	1.50000000000000e-09	1.25000000000000e-09	1.25000000000000e-09	3.00000000000000e-09
2.21875000000000e-07	4.81250000000000e-08	1.50000000000000e-09	1.25000000000000e-09	1.25000000000000e-09	3.00000000000000e-09
2.21875000000000e-07	4.93750000000000e-08	1.50000000000000e-09	1.25000000000000e-09	1.25000000000000e-09	3.00000000000000e-09
2.23125000000000e-07	4.56250000000000e-08	1.50000000000000e-09	1.25000000000000e-09	1.25000000000000e-09	3.00000000000000e-09
2.23125000000000e-07	4.68750000000000e-08	1.50000000000000e-09	1.25000000000000e-09	1.25000000000000e-09	3.00000000000000e-09
2.24375000000000e-07	4.56250000000000e-08	1.50000000000000e-09	1.25000000000000e-09	1.25000000000000e-09	3.00000000000000e-09
2.24375000000000e-07	4.68750000000000e-08	1.50000000000000e-09	1.25000000000000e-09	1.25000000000000e-09	3.00000000000000e-09
2.23125000000000e-07	4.81250000000000e-08	1.50000000000000e-09	1.25000000000000e-09	1.25000000000000e-09	3.00000000000000e-09
2.23125000000000e-07	4.93750000000000e-08	1.50000000000000e-09	1.25000000000000e-09	1.25000000000000e-09	3.00000000000000e-09
2.24375000000000e-07	4.81250000000000e-08	1.50000000000000e-09	1.25000000000000e-09	1.25000000000000e-09	3.00000000000000e-09
2.24375000000000e-07	4.93750000000000e-08	1.50000000000000e-09	1.25000000000000e-09	1.25000000000000e-09	3.00000000000000e-09
2.27500000000000e-07	4.75000000000000e-08	1.50000000000000e-09	5.00000000000000e-09	5.00000000000000e-09	3.00000000000000e-09
2.32500000000000e-07	4.75000000000000e-08	1.50000000000000e-09	5.00000000000000e-09	5.00000000000000e-09	3.00000000000000e-09
2.37500000000000e-07	4.75000000000000e-08	1.50000000000000e-09	5.00000000000000e-09	5.00000000000000e-09	3.00000000000000e-09
2.42500000000000e-07	4.75000000000000e-08	1.50000000000000e-09	5.00000000000000e-09	5.00000000000000e-09	3.00000000000000e-09
2.47500000000000e-07	4.75000000000000e-08	1.50000000000000e-09	5.00000000000000e-09	5.00000000000000e-09	3.00000000000000e-09
2.52500000000000e-07	4.75000000000000e-08	1.50000000000000e-09	5.00000000000000e-09	5.00000000000000e-09	3.00000000000000e-09
2.57500000000000e-07	4.75000000000000e-08	1.50000000000000e-09	5.00000000000000e-09	5.00000000000000e-09	3.00000000000000e-09
2.62500000000000e-07	4.75000000000000e-08	1.50000000000000e-09	5.00000000000000e-09	5.00000000000000e-09	3.00000000000000e-09
2.67500000000000e-07	4.75000000000000e-08	1.50000000000000e-09	5.00000000000000e-09	5.00000000000000e-09	3.00000000000000e-09
2.72500000000000e-07	4.75000000000000e-08	1.50000000000000e-09	5.00000000000000e-09	5.00000000000000e-09	3.00000000000000e-09
2.77500000000000e-07	4.75000000000000e-08	1.50000000000000e-09	5.00000000000000e-09	5.00000000000000e-09	3.00000000000000e-09
2.82500000000000e-07	4.75000000000000e-08	1.50000000000000e-09	5.00000000000000e-09	5.00000000000000e-09	3.00000000000000e-09
2.87500000000000e-07	4.75000000000000e-08	1.50000000000000e-09	5.00000000000000e-09	5.00000000000000e-09	3.00000000000000e-09
2.92500000000000e-07	4.75000000000000e-08	1.50000000000000e-09	5.00000000000000e-09	5.00000000000000e-09	3.00000000000000e-09
2.97500000000000e-07	4.75000000000000e-08	1.50000000000000e-09	5.00000000000000e-09	5.00000000000000e-09	3.00000000000000e-09
3.01250000000000e-07	4.62500000000000e-08	1.50000000000000e-09	2.50000000000000e-09	2.50000000000000e-09	3.00000000000000e-09
3.01250000000000e-07	4.87500000000000e-08	1.50000000000000e-09	2.50000000000000e-09	2.50000000000000e-09	3.00000000000000e-09
3.03125000000000e-07	4.56250000000000e-08	1.50000000000000e-09	1.25000000000000e-09	1.25000000000000e-09	3.00000000000000e-09
3.03125000000000e-07	4.68750000000000e-08	1.50000000000000e-09	1.25000000000000e-09	1.25000000000000e-09	3.00000000000000e-09
3.04375000000000e-07	4.56250000000000e-08	1.50000000000000e-09	1.25000000000000e-09	1.25000000000000e-09	3.00000000000000e-09
3.04375000000000e-07	4.68750000000000e-08	1.50000000000000e-09	1.25000000000000e-09	1.25000000000000e-09	3.00000000000000e-09
3.03125000000000e-07	4.81250000000000e-08	1.50000000000000e-09	1.25000000000000e-09	1.25000000000000e-09	3.00000000000000e-09
3.03125000000000e-07	4.93750000000000e-08	1.50000000000000e-09	1.25000000000000e-09	1.25000000000000e-09	3.00000000000000e-09
3.04375000000000e-07	4.81250000000000e-08	1.50000000000000e-09	1.25000000000000e-09	1.25000000000000e-09	3.00000000000000e-09
3.04375000000000e-07	4.93750000000000e-08	1.50000000000000e-09	1.25000000000000e-09	1.25000000000000e-09	3.00000000000000e-09
3.05625000000000e-07	4.56250000000000e-08	1.50000000000000e-09	1.25000000000000e-09	1.25000000000000e-09	3.00000000000000e-09
3.05625000000000e-07	4.68750000000000e-08	1.50000000000000e-09	1.25000000000000e-09	1.25000000000000e-09	3.00000000000000e-09
3.06875000000000e-07	4.56250000000000e-08	1.50000000000000e-09	1.25000000000000e-09	1.25000000000000e-09	3.00000000000000e-09
3.06875000000000e-07	4.68750000000000e-08	1.50000000000000e-09	1.25000000000000e-09	1.25000000000000e-09	3.00000000000000e-09
3.05625000000000e-07	4.81250000000000e-08	1.50000000000000e-09	1.25000000000000e-09	1.25000000000000e-09	3.00000000000000e-09
3.05625000000000e-07	4.93750000000000e-08	1.50000000000000e-09	1.25000000000000e-09	1.25000000000000e-09	3.00000000000000e-09
3.06875000000000e-07	4.81250000000000e-08	1.50000000000000e-09	1.25000000000000e-09	1.25000000000000e-09	3.00000000000000e-09
3.06875000000000e-07	4.93750000000000e-08	1.50000000000000e-09	1.25000000000000e-09	1.25000000000000e-09	3.00000000000000e-09
3.08125000000000e-07	4.56250000000000e-08	1.50000000000000e-09	1.25000000000000e-09	1.25000000000000e-09	3.00000000000000e-09
3.08125000000000e-07	4.68750000000000e-08	1.50000000000000e-09	1.25000000000000e-09	1.25000000000000e-09	3.00000000000000e-09
3.09375000000000e-07	4.56250000000000e-08	1.50000000000000e-09	1.25000000000000e-09	1.25000000000000e-09	3.00000000000000e-09
3.09375000000000e-07	4.68750000000000e-08	1.50000000000000e-09	1.25000000000000e-09	1.25000000000000e-09	3.00000000000000e-09
3.08125000000000e-07	4.81250000000000e-08	1.50000000000000e-09	1.25000000000000e-09	1.25000000000000e-09	3.00000000000000e-09
3.08125000000000e-07	4.93750000000000e-08	1.50000000000000e-09	1.25000000000000e-09	1.25000000000000e-09	3.00000000000000e-09
3.09375000000000e-07	4.81250000000000e-08	1.50000000000000e-09	1.25000000000000e-09	1.25000000000000e-09	3.00000000000000e-09
3.09375000000000e-07	4.93750000000000e-08	1.50000000000000e-09	1.25000000000000e-09	1.25000000000000e-09	3.00000000000000e-09
3.10625000000000e-07	4.56250000000000e-08	1.50000000000000e-09	1.25000000000000e-09	1.25000000000000e-09	3.00000000000000e-09
3.10625000000000e-07	4.68750000000000e-08	1.50000000000000e-09	1.25000000000000e-09	1.25000000000000e-09	3.00000000000000e-09
3.11875000000000e-07	4.56250000000000e-08	1.50000000000000e-09	1.25000000000000e-09	1.25000000000000e-09	3.00000000000000e-09
3.11875000000000e-07	4.68750000000000e-08	1.50000000000000e-09	1.25000000000000e-09	1.25000000000000e-09	3.00000000000000e-09
3.10625000000000e-07	4.81250000000000e-08	1.50000000000000e-09	1.25000000000000e-09	1.25000000000000e-09	3.00000000000000e-09
3.10625000000000e-07	4.93750000000000e-08	1.50000000000000e-09	1.25000000000000e-09	1.25000000000000e-09	3.00000000000000e-09
3.11875000000000e-07	4.81250000000000e-08	1.50000000000000e-09	1.25000000000000e-09	1.25000000000000e-09	3.00000000000000e-09
3.11875000000000e-07	4.93750000000000e-08	1.50000000000000e-09	1.25000000000000e-09	1.25000000000000e-09	3.00000000000000e-09
3.13125000000000e-07	4.56250000000000e-08	1.50000000000000e-09	1.25000000000000e-09	1.25000000000000e-09	3.00000000000000e-09
3.13125000000000e-07	4.68750000000000e-08	1.50000000000000e-09	1.25000000000000e-09	1.25000000000000e-09	3.00000000000000e-09
3.14375000000000e-07	4.56250000000000e-08	1.50000000000000e-09	1.25000000000000e-09	1.25000000000000e-09	3.00000000000000e-09
3.14375000000000e-07	4.68750000000000e-08	1.50000000000000e-09	1.25000000000000e-09	1.25000000000000e-09	3.00000000000000e-09
3.13125000000000e-07	4.81250000000000e-08	1.50000000000000e-09	1.25000000000000e-09	1.25000000000000e-09	3.00000000000000e-09
3.13125000000000e-07	4.93750000000000e-08	1.50000000000000e-09	1.25000000000000e-09	1.25000000000000e-09	3.00000000000000e-09
3.14375000000000e-07	4.81250000000000e-08	1.50000000000000e-09	1.25000000000000e-09	1.25000000000000e-09	3.00000000000000e-09
3.14375000000000e-07	4.93750000000000e-08	1.50000000000000e-09	1.25000000000000e-09	1.25000000000000e-09	3.00000000000000e-09
3.17500000000000e-07	4.75000000000000e-08	1.50000000000000e-09	5.00000000000000e-09	5.00000000000000e-09	3.00000000000000e-09
3.22500000000000e-07	4.75000000000000e-08	1.50000000000000e-09	5.00000000000000e-09	5.00000000000000e-09	3.00000000000000e-09
3.27500000000000e-07	4.75000000000000e-08	1.50000000000000e-09	5.00000000000000e-09	5.00000000000000e-09	3.00000000000000e-09
3.32500000000000e-07	4.75000000000000e-08	1.50000000000000e-09	5.00000000000000e-09	5.00000000000000e-09	3.00000000000000e-09
3.37500000000000e-07	4.75000000000000e-08	1.50000000000000e-09	5.00000000000000e-09	5.00000000000000e-09	3.00000000000000e-09
3.42500000000000e-07	4.75000000000000e-08	1.50000000000000e-09	5.00000000000000e-09	5.00000000000000e-09	3.00000000000000e-09
3.47500000000000e-07	4.75000000000000e-08	1.50000000000000e-09	5.00000000000000e-09	5.00000000000000e-09	3.00000000000000e-09
3.52500000000000e-07	4.75000000000000e-08	1.50000000000000e-09	5.00000000000000e-09	5.00000000000000e-09	3.00000000000000e-09
3.57500000000000e-07	4.75000000000000e-08	1.50000000000000e-09	5.00000000000000e-09	5.00000000000000e-09	3.00000000000000e-09
3.62500000000000e-07	4.75000000000000e-08	1.50000000000000e-09	5.00000000000000e-09	5.00000000000000e-09	3.00000000000000e-09
3.66250000000000e-07	4.87500000000000e-08	1.50000000000000e-09	2.50000000000000e-09	2.50000000000000e-09	3.00000000000000e-09
3.65625000000000e-07	4.56250000000000e-08	1.50000000000000e-09	1.25000000000000e-09	1.25000000000000e-09	3.00000000000000e-09
3.65625000000000e-07	4.68750000000000e-08	1.50000000000000e-09	1.25000000000000e-09	1.25000000000000e-09	3.00000000000000e-09
3.66875000000000e-07	4.56250000000000e-08	1.50000000000000e-09	1.25000000000000e-09	1.25000000000000e-09	3.00000000000000e-09
3.66875000000000e-07	4.68750000000000e-08	1.50000000000000e-09	1.25000000000000e-09	1.25000000000000e-09	3.00000000000000e-09
3.68125000000000e-07	4.56250000000000e-08	1.50000000000000e-09	1.25000000000000e-09	1.25000000000000e-09	3.00000000000000e-09
3.68125000000000e-07	4.68750000000000e-08	1.50000000000000e-09	1.25000000000000e-09	1.25000000000000e-09	3.00000000000000e-09
3.69375000000000e-07	4.56250000000000e-08	1.50000000000000e-09	1.25000000000000e-09	1.25000000000000e-09	3.00000000000000e-09
3.69375000000000e-07	4.68750000000000e-08	1.50000000000000e-09	1.25000000000000e-09	1.25000000000000e-09	3.00000000000000e-09
3.68125000000000e-07	4.81250000000000e-08	1.50000000000000e-09	1.25000000000000e-09	1.25000000000000e-09	3.00000000000000e-09
3.68125000000000e-07	4.93750000000000e-08	1.50000000000000e-09	1.25000000000000e-09	1.25000000000000e-09	3.00000000000000e-09
3.69375000000000e-07	4.81250000000000e-08	1.50000000000000e-09	1.25000000000000e-09	1.25000000000000e-09	3.00000000000000e-09
3.69375000000000e-07	4.93750000000000e-08	1.50000000000000e-09	1.25000000000000e-09	1.25000000000000e-09	3.00000000000000e-09
3.70625000000000e-07	4.56250000000000e-08	1.50000000000000e-09	1.25000000000000e-09	1.25000000000000e-09	3.00000000000000e-09
3.70625000000000e-07	4.68750000000000e-08	1.50000000000000e-09	1.25000000000000e-09	1.25000000000000e-09	3.00000000000000e-09
3.71875000000000e-07	4.56250000000000e-08	1.50000000000000e-09	1.25000000000000e-09	1.25000000000000e-09	3.00000000000000e-09
3.71875000000000e-07	4.68750000000000e-08	1.50000000000000e-09	1.25000000000000e-09	1.25000000000000e-09	3.00000000000000e-09
3.70625000000000e-07	4.81250000000000e-08	1.50000000000000e-09	1.25000000000000e-09	1.25000000000000e-09	3.00000000000000e-09
3.70625000000000e-07	4.93750000000000e-08	1.50000000000000e-09	1.25000000000000e-09	1.25000000000000e-09	3.00000000000000e-09
3.71875000000000e-07	4.81250000000000e-08	1.50000000000000e-09	1.25000000000000e-09	1.25000000000000e-09	3.00000000000000e-09
3.71875000000000e-07	4.93750000000000e-08	1.50000000000000e-09	1.25000000000000e-09	1.25000000000000e-09	3.00000000000000e-09
3.73125000000000e-07	4.56250000000000e-08	1.50000000000000e-09	1.25000000000000e-09	1.25000000000000e-09	3.00000000000000e-09
3.73125000000000e-07	4.68750000000000e-08	1.50000000000000e-09	1.25000000000000e-09	1.25000000000000e-09	3.00000000000000e-09
3.74375000000000e-07	4.56250000000000e-08	1.50000000000000e-09	1.25000000000000e-09	1.25000000000000e-09	3.00000000000000e-09
3.74375000000000e-07	4.68750000000000e-08	1.50000000000000e-09	1.25000000000000e-09	1.25000000000000e-09	3.00000000000000e-09
3.73125000000000e-07	4.81250000000000e-08	1.50000000000000e-09	1.25000000000000e-09	1.25000000000000e-09	3.00000000000000e-09
3.73125000000000e-07	4.93750000000000e-08	1.50000000000000e-09	1.25000000000000e-09	1.25000000000000e-09	3.00000000000000e-09
3.74375000000000e-07	4.81250000000000e-08	1.50000000000000e-09	1.25000000000000e-09	1.25000000000000e-09	3.00000000000000e-09
3.74375000000000e-07	4.93750000000000e-08	1.50000000000000e-09	1.25000000000000e-09	1.25000000000000e-09	3.00000000000000e-09
3.75625000000000e-07	4.56250000000000e-08	1.50000000000000e-09	1.25000000000000e-09	1.25000000000000e-09	3.00000000000000e-09
3.75625000000000e-07	4.68750000000000e-08	1.50000000000000e-09	1.25000000000000e-09	1.25000000000000e-09	3.00000000000000e-09
3.76875000000000e-07	4.56250000000000e-08	1.50000000000000e-09	1.25000000000000e-09	1.25000000000000e-09	3.00000000000000e-09
3.76875000000000e-07	4.68750000000000e-08	1.50000000000000e-09	1.25000000000000e-09	1.25000000000000e-09	3.00000000000000e-09
3.75625000000000e-07	4.81250000000000e-08	1.50000000000000e-09	1.25000000000000e-09	1.25000000000000e-09	3.00000000000000e-09
3.75625000000000e-07	4.93750000000000e-08	1.50000000000000e-09	1.25000000000000e-09	1.25000000000000e-09	3.00000000000000e-09
3.76875000000000e-07	4.81250000000000e-08	1.50000000000000e-09	1.25000000000000e-09	1.25000000000000e-09	3.00000000000000e-09
3.76875000000000e-07	4.93750000000000e-08	1.50000000000000e-09	1.25000000000000e-09	1.25000000000000e-09	3.00000000000000e-09
3.78125000000000e-07	4.56250000000000e-08	1.50000000000000e-09	1.25000000000000e-09	1.25000000000000e-09	3.00000000000000e-09
3.78125000000000e-07	4.68750000000000e-08	1.50000000000000e-09	1.25000000000000e-09	1.25000000000000e-09	3.00000000000000e-09
3.79375000000000e-07	4.56250000000000e-08	1.50000000000000e-09	1.25000000000000e-09	1.25000000000000e-09	3.00000000000000e-09
3.79375000000000e-07	4.68750000000000e-08	1.50000000000000e-09	1.25000000000000e-09	1.25000000000000e-09	3.00000000000000e-09
3.78125000000000e-07	4.81250000000000e-08	1.50000000000000e-09	1.25000000000000e-09	1.25000000000000e-09	3.00000000000000e-09
3.78125000000000e-07	4.93750000000000e-08	1.50000000000000e-09	1.25000000000000e-09	1.25000000000000e-09	3.00000000000000e-09
3.79375000000000e-07	4.81250000000000e-08	1.50000000000000e-09	1.25000000000000e-09	1.25000000000000e-09	3.00000000000000e-09
3.79375000000000e-07	4.93750000000000e-08	1.50000000000000e-09	1.25000000000000e-09	1.25000000000000e-09	3.00000000000000e-09
3.81250000000000e-07	4.62500000000000e-08	1.50000000000000e-09	2.50000000000000e-09	2.50000000000000e-09	3.00000000000000e-09
3.83750000000000e-07	4.62500000000000e-08	1.50000000000000e-09	2.50000000000000e-09	2.50000000000000e-09	3.00000000000000e-09
3.83750000000000e-07	4.87500000000000e-08	1.50000000000000e-09	2.50000000000000e-09	2.50000000000000e-09	3.00000000000000e-09
3.80625000000000e-07	4.81250000000000e-08	1.50000000000000e-09	1.25000000000000e-09	1.25000000000000e-09	3.00000000000000e-09
3.80625000000000e-07	4.93750000000000e-08	1.50000000000000e-09	1.25000000000000e-09	1.25000000000000e-09	3.00000000000000e-09
3.81875000000000e-07	4.81250000000000e-08	1.50000000000000e-09	1.25000000000000e-09	1.25000000000000e-09	3.00000000000000e-09
3.81875000000000e-07	4.93750000000000e-08	1.50000000000000e-09	1.25000000000000e-09	1.25000000000000e-09	3.00000000000000e-09
3.87500000000000e-07	4.75000000000000e-08	1.50000000000000e-09	5.00000000000000e-09	5.00000000000000e-09	3.00000000000000e-09
3.92500000000000e-07	4.75000000000000e-08	1.50000000000000e-09	5.00000000000000e-09	5.00000000000000e-09	3.00000000000000e-09
3.97500000000000e-07	4.75000000000000e-08	1.50000000000000e-09	5.00000000000000e-09	5.00000000000000e-09	3.00000000000000e-09
4.02500000000000e-07	4.75000000000000e-08	1.50000000000000e-09	5.00000000000000e-09	5.00000000000000e-09	3.00000000000000e-09
4.07500000000000e-07	4.75000000000000e-08	1.50000000000000e-09	5.00000000000000e-09	5.00000000000000e-09	3.00000000000000e-09
4.12500000000000e-07	4.75000000000000e-08	1.50000000000000e-09	5.00000000000000e-09	5.00000000000000e-09	3.00000000000000e-09
4.17500000000000e-07	4.75000000000000e-08	1.50000000000000e-09	5.00000000000000e-09	5.00000000000000e-09	3.00000000000000e-09
4.22500000000000e-07	4.75000000000000e-08	1.50000000000000e-09	5.00000000000000e-09	5.00000000000000e-09	3.00000000000000e-09
4.26250000000000e-07	4.62500000000000e-08	1.50000000000000e-09	2.50000000000000e-09	2.50000000000000e-09	3.00000000000000e-09
4.25625000000000e-07	4.81250000000000e-08	1.50000000000000e-09	1.25000000000000e-09	1.25000000000000e-09	3.00000000000000e-09
4.25625000000000e-07	4.93750000000000e-08	1.50000000000000e-09	1.25000000000000e-09	1.25000000000000e-09	3.00000000000000e-09
4.26875000000000e-07	4.81250000000000e-08	1.50000000000000e-09	1.25000000000000e-09	1.25000000000000e-09	3.00000000000000e-09
4.26875000000000e-07	4.93750000000000e-08	1.50000000000000e-09	1.25000000000000e-09	1.25000000000000e-09	3.00000000000000e-09
4.28125000000000e-07	4.56250000000000e-08	1.50000000000000e-09	1.25000000000000e-09	1.25000000000000e-09	3.00000000000000e-09
4.28125000000000e-07	4.68750000000000e-08	1.50000000000000e-09	1.25000000000000e-09	1.25000000000000e-09	3.00000000000000e-09
4.29375000000000e-07	4.56250000000000e-08	1.50000000000000e-09	1.25000000000000e-09	1.25000000000000e-09	3.00000000000000e-09
4.29375000000000e-07	4.68750000000000e-08	1.50000000000000e-09	1.25000000000000e-09	1.25000000000000e-09	3.00000000000000e-09
4.28125000000000e-07	4.81250000000000e-08	1.50000000000000e-09	1.25000000000000e-09	1.25000000000000e-09	3.00000000000000e-09
4.28125000000000e-07	4.93750000000000e-08	1.50000000000000e-09	1.25000000000000e-09	1.25000000000000e-09	3.00000000000000e-09
4.29375000000000e-07	4.81250000000000e-08	1.50000000000000e-09	1.25000000000000e-09	1.25000000000000e-09	3.00000000000000e-09
4.29375000000000e-07	4.93750000000000e-08	1.50000000000000e-09	1.25000000000000e-09	1.25000000000000e-09	3.00000000000000e-09
4.30625000000000e-07	4.56250000000000e-08	1.50000000000000e-09	1.25000000000000e-09	1.25000000000000e-09	3.00000000000000e-09
4.30625000000000e-07	4.68750000000000e-08	1.50000000000000e-09	1.25000000000000e-09	1.25000000000000e-09	3.00000000000000e-09
4.31875000000000e-07	4.56250000000000e-08	1.50000000000000e-09	1.25000000000000e-09	1.25000000000000e-09	3.00000000000000e-09
4.31875000000000e-07	4.68750000000000e-08	1.50000000000000e-09	1.25000000000000e-09	1.25000000000000e-09	3.00000000000000e-09
4.30625000000000e-07	4.81250000000000e-08	1.50000000000000e-09	1.25000000000000e-09	1.25000000000000e-09	3.00000000000000e-09
4.30625000000000e-07	4.93750000000000e-08	1.50000000000000e-09	1.25000000000000e-09	1.25000000000000e-09	3.00000000000000e-09
4.31875000000000e-07	4.81250000000000e-08	1.50000000000000e-09	1.25000000000000e-09	1.25000000000000e-09	3.00000000000000e-09
4.31875000000000e-07	4.93750000000000e-08	1.50000000000000e-09	1.25000000000000e-09	1.25000000000000e-09	3.00000000000000e-09
4.33125000000000e-07	4.56250000000000e-08	1.50000000000000e-09	1.25000000000000e-09	1.25000000000000e-09	3.00000000000000e-09
4.33125000000000e-07	4.68750000000000e-08	1.50000000000000e-09	1.25000000000000e-09	1.25000000000000e-09	3.00000000000000e-09
4.34375000000000e-07	4.56250000000000e-08	1.50000000000000e-09	1.25000000000000e-09	1.25000000000000e-09	3.00000000000000e-09
4.34375000000000e-07	4.68750000000000e-08	1.50000000000000e-09	1.25000000000000e-09	1.25000000000000e-09	3.00000000000000e-09
4.33125000000000e-07	4.81250000000000e-08	1.50000000000000e-09	1.25000000000000e-09	1.25000000000000e-09	3.00000000000000e-09
4.33125000000000e-07	4.93750000000000e-08	1.50000000000000e-09	1.25000000000000e-09	1.25000000000000e-09	3.00000000000000e-09
4.34375000000000e-07	4.81250000000000e-08	1.50000000000000e-09	1.25000000000000e-09	1.25000000000000e-09	3.00000000000000e-09
4.34375000000000e-07	4.93750000000000e-08	1.50000000000000e-09	1.25000000000000e-09	1.25000000000000e-09	3.00000000000000e-09
4.35625000000000e-07	4.56250000000000e-08	1.50000000000000e-09	1.25000000000000e-09	1.25000000000000e-09	3.00000000000000e-09
4.35625000000000e-07	4.68750000000000e-08	1.50000000000000e-09	1.25000000000000e-09	1.25000000000000e-09	3.00000000000000e-09
4.36875000000000e-07	4.56250000000000e-08	1.50000000000000e-09	1.25000000000000e-09	1.25000000000000e-09	3.00000000000000e-09
4.36875000000000e-07	4.68750000000000e-08	1.50000000000000e-09	1.25000000000000e-09	1.25000000000000e-09	3.00000000000000e-09
4.35625000000000e-07	4.81250000000000e-08	1.50000000000000e-09	1.25000000000000e-09	1.25000000000000e-09	3.00000000000000e-09
4.35625000000000e-07	4.93750000000000e-08	1.50000000000000e-09	1.25000000000000e-09	1.25000000000000e-09	3.00000000000000e-09
4.36875000000000e-07	4.81250000000000e-08	1.50000000000000e-09	1.25000000000000e-09	1.25000000000000e-09	3.00000000000000e-09
4.36875000000000e-07	4.93750000000000e-08	1.50000000000000e-09	1.25000000000000e-09	1.25000000000000e-09	3.00000000000000e-09
4.38125000000000e-07	4.56250000000000e-08	1.50000000000000e-09	1.25000000000000e-09	1.25000000000000e-09	3.00000000000000e-09
4.38125000000000e-07	4.68750000000000e-08	1.50000000000000e-09	1.25000000000000e-09	1.25000000000000e-09	3.00000000000000e-09
4.39375000000000e-07	4.56250000000000e-08	1.50000000000000e-09	1.25000000000000e-09	1.25000000000000e-09	3.00000000000000e-09
4.39375000000000e-07	4.68750000000000e-08	1.50000000000000e-09	1.25000000000000e-09	1.25000000000000e-09	3.00000000000000e-09
4.38125000000000e-07	4.81250000000000e-08	1.50000000000000e-09	1.25000000000000e-09	1.25000000000000e-09	3.00000000000000e-09
4.38125000000000e-07	4.93750000000000e-08	1.50000000000000e-09	1.25000000000000e-09	1.25000000000000e-09	3.00000000000000e-09
4.39375000000000e-07	4.81250000000000e-08	1.50000000000000e-09	1.25000000000000e-09	1.25000000000000e-09	3.00000000000000e-09
4.39375000000000e-07	4.93750000000000e-08	1.50000000000000e-09	1.25000000000000e-09	1.25000000000000e-09	3.00000000000000e-09
4.41250000000000e-07	4.87500000000000e-08	1.50000000000000e-09	2.50000000000000e-09	2.50000000000000e-09	3.00000000000000e-09
4.43750000000000e-07	4.62500000000000e-08	1.50000000000000e-09	2.50000000000000e-09	2.50000000000000e-09	3.00000000000000e-09
4.43750000000000e-07	4.87500000000000e-08	1.50000000000000e-09	2.50000000000000e-09	2.50000000000000e-09	3.00000000000000e-09
4.40625000000000e-07	4.56250000000000e-08	1.50000000000000e-09	1.25000000000000e-09	1.25000000000000e-09	3.00000000000000e-09
4.40625000000000e-07	4.68750000000000e-08	1.50000000000000e-09	1.25000000000000e-09	1.25000000000000e-09	3.00000000000000e-09
4.41875000000000e-07	4.56250000000000e-08	1.50000000000000e-09	1.25000000000000e-09	1.25000000000000e-09	3.00000000000000e-09
4.41875000000000e-07	4.68750000000000e-08	1.50000000000000e-09	1.25000000000000e-09	1.25000000000000e-09	3.00000000000000e-09
4.47500000000000e-07	4.75000000000000e-08	1.50000000000000e-09	5.00000000000000e-09	5.00000000000000e-09	3.00000000000000e-09
4.52500000000000e-07	4.75000000000000e-08	1.50000000000000e-09	5.00000000000000e-09	5.00000000000000e-09	3.00000000000000e-09
4.57500000000000e-07	4.75000000000000e-08	1.50000000000000e-09	5.00000000000000e-09	5.00000000000000e-09	3.00000000000000e-09
4.62500000000000e-07	4.75000000000000e-08	1.50000000000000e-09	5.00000000000000e-09	5.00000000000000e-09	3.00000000000000e-09
4.67500000000000e-07	4.75000000000000e-08	1.50000000000000e-09	5.00000000000000e-09	5.00000000000000e-09	3.00000000000000e-09
4.72500000000000e-07	4.75000000000000e-08	1.50000000000000e-09	5.00000000000000e-09	5.00000000000000e-09	3.00000000000000e-09
4.77500000000000e-07	4.75000000000000e-08	1.50000000000000e-09	5.00000000000000e-09	5.00000000000000e-09	3.00000000000000e-09
4.82500000000000e-07	4.75000000000000e-08	1.50000000000000e-09	5.00000000000000e-09	5.00000000000000e-09	3.00000000000000e-09
4.87500000000000e-07	4.75000000000000e-08	1.50000000000000e-09	5.00000000000000e-09	5.00000000000000e-09	3.00000000000000e-09
4.92500000000000e-07	4.75000000000000e-08	1.50000000000000e-09	5.00000000000000e-09	5.00000000000000e-09	3.00000000000000e-09
4.97500000000000e-07	4.75000000000000e-08	1.50000000000000e-09	5.00000000000000e-09	5.00000000000000e-09	3.00000000000000e-09
2.50000000000000e-09	5.25000000000000e-08	1.50000000000000e-09	5.00000000000000e-09	5.00000000000000e-09	3.00000000000000e-09
7.50000000000000e-09	5.25000000000000e-08	1.50000000000000e-09	5.00000000000000e-09	5.00000000000000e-09	3.00000000000000e-09
1.25000000000000e-08	5.25000000000000e-08	1.50000000000000e-09	5.00000000000000e-09	5.00000000000000e-09	3.00000000000000e-09
1.75000000000000e-08	5.25000000000000e-08	1.50000000000000e-09	5.00000000000000e-09	5.00000000000000e-09	3.00000000000000e-09
2.25000000000000e-08	5.25000000000000e-08	1.50000000000000e-09	5.00000000000000e-09	5.00000000000000e-09	3.00000000000000e-09
2.75000000000000e-08	5.25000000000000e-08	1.50000000000000e-09	5.00000000000000e-09	5.00000000000000e-09	3.00000000000000e-09
3.25000000000000e-08	5.25000000000000e-08	1.50000000000000e-09	5.00000000000000e-09	5.00000000000000e-09	3.00000000000000e-09
3.75000000000000e-08	5.25000000000000e-08	1.50000000000000e-09	5.00000000000000e-09	5.00000000000000e-09	3.00000000000000e-09
4.25000000000000e-08	5.25000000000000e-08	1.50000000000000e-09	5.00000000000000e-09	5.00000000000000e-09	3.00000000000000e-09
4.75000000000000e-08	5.25000000000000e-08	1.50000000000000e-09	5.00000000000000e-09	5.00000000000000e-09	3.00000000000000e-09
5.25000000000000e-08	5.25000000000000e-08	1.50000000000000e-09	5.00000000000000e-09	5.00000000000000e-09	3.00000000000000e-09
5.75000000000000e-08	5.25000000000000e-08	1.50000000000000e-09	5.00000000000000e-09	5.00000000000000e-09	3.00000000000000e-09
6.25000000000000e-08	5.25000000000000e-08	1.50000000000000e-09	5.00000000000000e-09	5.00000000000000e-09	3.00000000000000e-09
6.75000000000000e-08	5.25000000000000e-08	1.50000000000000e-09	5.00000000000000e-09	5.00000000000000e-09	3.00000000000000e-09
7.25000000000000e-08	5.25000000000000e-08	1.50000000000000e-09	5.00000000000000e-09	5.00000000000000e-09	3.00000000000000e-09
7.75000000000000e-08	5.25000000000000e-08	1.50000000000000e-09	5.00000000000000e-09	5.00000000000000e-09	3.00000000000000e-09
8.25000000000000e-08	5.25000000000000e-08	1.50000000000000e-09	5.00000000000000e-09	5.00000000000000e-09	3.00000000000000e-09
8.75000000000000e-08	5.25000000000000e-08	1.50000000000000e-09	5.00000000000000e-09	5.00000000000000e-09	3.00000000000000e-09
9.25000000000000e-08	5.25000000000000e-08	1.50000000000000e-09	5.00000000000000e-09	5.00000000000000e-09	3.00000000000000e-09
9.75000000000000e-08	5.25000000000000e-08	1.50000000000000e-09	5.00000000000000e-09	5.00000000000000e-09	3.00000000000000e-09
1.02500000000000e-07	5.25000000000000e-08	1.50000000000000e-09	5.00000000000000e-09	5.00000000000000e-09	3.00000000000000e-09
1.07500000000000e-07	5.25000000000000e-08	1.50000000000000e-09	5.00000000000000e-09	5.00000000000000e-09	3.00000000000000e-09
1.10625000000000e-07	5.06250000000000e-08	1.50000000000000e-09	1.25000000000000e-09	1.25000000000000e-09	3.00000000000000e-09
1.10625000000000e-07	5.18750000000000e-08	1.50000000000000e-09	1.25000000000000e-09	1.25000000000000e-09	3.00000000000000e-09
1.11875000000000e-07	5.06250000000000e-08	1.50000000000000e-09	1.25000000000000e-09	1.25000000000000e-09	3.00000000000000e-09
1.11875000000000e-07	5.18750000000000e-08	1.50000000000000e-09	1.25000000000000e-09	1.25000000000000e-09	3.00000000000000e-09
1.10625000000000e-07	5.31250000000000e-08	1.50000000000000e-09	1.25000000000000e-09	1.25000000000000e-09	3.00000000000000e-09
1.10625000000000e-07	5.43750000000000e-08	1.50000000000000e-09	1.25000000000000e-09	1.25000000000000e-09	3.00000000000000e-09
1.11875000000000e-07	5.31250000000000e-08	1.50000000000000e-09	1.25000000000000e-09	1.25000000000000e-09	3.00000000000000e-09
1.11875000000000e-07	5.43750000000000e-08	1.50000000000000e-09	1.25000000000000e-09	1.25000000000000e-09	3.00000000000000e-09
1.13125000000000e-07	5.06250000000000e-08	1.50000000000000e-09	1.25000000000000e-09	1.25000000000000e-09	3.00000000000000e-09
1.13125000000000e-07	5.18750000000000e-08	1.50000000000000e-09	1.25000000000000e-09	1.25000000000000e-09	3.00000000000000e-09
1.14375000000000e-07	5.06250000000000e-08	1.50000000000000e-09	1.25000000000000e-09	1.25000000000000e-09	3.00000000000000e-09
1.14375000000000e-07	5.18750000000000e-08	1.50000000000000e-09	1.25000000000000e-09	1.25000000000000e-09	3.00000000000000e-09
1.13125000000000e-07	5.31250000000000e-08	1.50000000000000e-09	1.25000000000000e-09	1.25000000000000e-09	3.00000000000000e-09
1.13125000000000e-07	5.43750000000000e-08	1.50000000000000e-09	1.25000000000000e-09	1.25000000000000e-09	3.00000000000000e-09
1.14375000000000e-07	5.31250000000000e-08	1.50000000000000e-09	1.25000000000000e-09	1.25000000000000e-09	3.00000000000000e-09
1.14375000000000e-07	5.43750000000000e-08	1.50000000000000e-09	1.25000000000000e-09	1.25000000000000e-09	3.00000000000000e-09
1.15625000000000e-07	5.06250000000000e-08	1.50000000000000e-09	1.25000000000000e-09	1.25000000000000e-09	3.00000000000000e-09
1.15625000000000e-07	5.18750000000000e-08	1.50000000000000e-09	1.25000000000000e-09	1.25000000000000e-09	3.00000000000000e-09
1.16875000000000e-07	5.06250000000000e-08	1.50000000000000e-09	1.25000000000000e-09	1.25000000000000e-09	3.00000000000000e-09
1.16875000000000e-07	5.18750000000000e-08	1.50000000000000e-09	1.25000000000000e-09	1.25000000000000e-09	3.00000000000000e-09
1.15625000000000e-07	5.31250000000000e-08	1.50000000000000e-09	1.25000000000000e-09	1.25000000000000e-09	3.00000000000000e-09
1.15625000000000e-07	5.43750000000000e-08	1.50000000000000e-09	1.25000000000000e-09	1.25000000000000e-09	3.00000000000000e-09
1.16875000000000e-07	5.31250000000000e-08	1.50000000000000e-09	1.25000000000000e-09	1.25000000000000e-09	3.00000000000000e-09
1.16875000000000e-07	5.43750000000000e-08	1.50000000000000e-09	1.25000000000000e-09	1.25000000000000e-09	3.00000000000000e-09
1.18125000000000e-07	5.06250000000000e-08	1.50000000000000e-09	1.25000000000000e-09	1.25000000000000e-09	3.00000000000000e-09
1.18125000000000e-07	5.18750000000000e-08	1.50000000000000e-09	1.25000000000000e-09	1.25000000000000e-09	3.00000000000000e-09
1.19375000000000e-07	5.06250000000000e-08	1.50000000000000e-09	1.25000000000000e-09	1.25000000000000e-09	3.00000000000000e-09
1.19375000000000e-07	5.18750000000000e-08	1.50000000000000e-09	1.25000000000000e-09	1.25000000000000e-09	3.00000000000000e-09
1.18125000000000e-07	5.31250000000000e-08	1.50000000000000e-09	1.25000000000000e-09	1.25000000000000e-09	3.00000000000000e-09
1.18125000000000e-07	5.43750000000000e-08	1.50000000000000e-09	1.25000000000000e-09	1.25000000000000e-09	3.00000000000000e-09
1.19375000000000e-07	5.31250000000000e-08	1.50000000000000e-09	1.25000000000000e-09	1.25000000000000e-09	3.00000000000000e-09
1.19375000000000e-07	5.43750000000000e-08	1.50000000000000e-09	1.25000000000000e-09	1.25000000000000e-09	3.00000000000000e-09
1.22500000000000e-07	5.25000000000000e-08	1.50000000000000e-09	5.00000000000000e-09	5.00000000000000e-09	3.00000000000000e-09
1.27500000000000e-07	5.25000000000000e-08	1.50000000000000e-09	5.00000000000000e-09	5.00000000000000e-09	3.00000000000000e-09
1.32500000000000e-07	5.25000000000000e-08	1.50000000000000e-09	5.00000000000000e-09	5.00000000000000e-09	3.00000000000000e-09
1.37500000000000e-07	5.25000000000000e-08	1.50000000000000e-09	5.00000000000000e-09	5.00000000000000e-09	3.00000000000000e-09
1.42500000000000e-07	5.25000000000000e-08	1.50000000000000e-09	5.00000000000000e-09	5.00000000000000e-09	3.00000000000000e-09
1.47500000000000e-07	5.25000000000000e-08	1.50000000000000e-09	5.00000000000000e-09	5.00000000000000e-09	3.00000000000000e-09
1.52500000000000e-07	5.25000000000000e-08	1.50000000000000e-09	5.00000000000000e-09	5.00000000000000e-09	3.00000000000000e-09
1.57500000000000e-07	5.25000000000000e-08	1.50000000000000e-09	5.00000000000000e-09	5.00000000000000e-09	3.00000000000000e-09
1.62500000000000e-07	5.25000000000000e-08	1.50000000000000e-09	5.00000000000000e-09	5.00000000000000e-09	3.00000000000000e-09
1.67500000000000e-07	5.25000000000000e-08	1.50000000000000e-09	5.00000000000000e-09	5.00000000000000e-09	3.00000000000000e-09
1.72500000000000e-07	5.25000000000000e-08	1.50000000000000e-09	5.00000000000000e-09	5.00000000000000e-09	3.00000000000000e-09
1.77500000000000e-07	5.25000000000000e-08	1.50000000000000e-09	5.00000000000000e-09	5.00000000000000e-09	3.00000000000000e-09
1.82500000000000e-07	5.25000000000000e-08	1.50000000000000e-09	5.00000000000000e-09	5.00000000000000e-09	3.00000000000000e-09
1.87500000000000e-07	5.25000000000000e-08	1.50000000000000e-09	5.00000000000000e-09	5.00000000000000e-09	3.00000000000000e-09
1.92500000000000e-07	5.25000000000000e-08	1.50000000000000e-09	5.00000000000000e-09	5.00000000000000e-09	3.00000000000000e-09
1.97500000000000e-07	5.25000000000000e-08	1.50000000000000e-09	5.00000000000000e-09	5.00000000000000e-09	3.00000000000000e-09
2.02500000000000e-07	5.25000000000000e-08	1.50000000000000e-09	5.00000000000000e-09	5.00000000000000e-09	3.00000000000000e-09
2.07500000000000e-07	5.25000000000000e-08	1.50000000000000e-09	5.00000000000000e-09	5.00000000000000e-09	3.00000000000000e-09
2.11250000000000e-07	5.12500000000000e-08	1.50000000000000e-09	2.50000000000000e-09	2.50000000000000e-09	3.00000000000000e-09
2.11250000000000e-07	5.37500000000000e-08	1.50000000000000e-09	2.50000000000000e-09	2.50000000000000e-09	3.00000000000000e-09
2.13125000000000e-07	5.06250000000000e-08	1.50000000000000e-09	1.25000000000000e-09	1.25000000000000e-09	3.00000000000000e-09
2.13125000000000e-07	5.18750000000000e-08	1.50000000000000e-09	1.25000000000000e-09	1.25000000000000e-09	3.00000000000000e-09
2.14375000000000e-07	5.06250000000000e-08	1.50000000000000e-09	1.25000000000000e-09	1.25000000000000e-09	3.00000000000000e-09
2.14375000000000e-07	5.18750000000000e-08	1.50000000000000e-09	1.25000000000000e-09	1.25000000000000e-09	3.00000000000000e-09
2.13125000000000e-07	5.31250000000000e-08	1.50000000000000e-09	1.25000000000000e-09	1.25000000000000e-09	3.00000000000000e-09
2.13125000000000e-07	5.43750000000000e-08	1.50000000000000e-09	1.25000000000000e-09	1.25000000000000e-09	3.00000000000000e-09
2.14375000000000e-07	5.31250000000000e-08	1.50000000000000e-09	1.25000000000000e-09	1.25000000000000e-09	3.00000000000000e-09
2.14375000000000e-07	5.43750000000000e-08	1.50000000000000e-09	1.25000000000000e-09	1.25000000000000e-09	3.00000000000000e-09
2.15625000000000e-07	5.06250000000000e-08	1.50000000000000e-09	1.25000000000000e-09	1.25000000000000e-09	3.00000000000000e-09
2.15625000000000e-07	5.18750000000000e-08	1.50000000000000e-09	1.25000000000000e-09	1.25000000000000e-09	3.00000000000000e-09
2.16875000000000e-07	5.06250000000000e-08	1.50000000000000e-09	1.25000000000000e-09	1.25000000000000e-09	3.00000000000000e-09
2.16875000000000e-07	5.18750000000000e-08	1.50000000000000e-09	1.25000000000000e-09	1.25000000000000e-09	3.00000000000000e-09
2.15625000000000e-07	5.31250000000000e-08	1.50000000000000e-09	1.25000000000000e-09	1.25000000000000e-09	3.00000000000000e-09
2.15625000000000e-07	5.43750000000000e-08	1.50000000000000e-09	1.25000000000000e-09	1.25000000000000e-09	3.00000000000000e-09
2.16875000000000e-07	5.31250000000000e-08	1.50000000000000e-09	1.25000000000000e-09	1.25000000000000e-09	3.00000000000000e-09
2.16875000000000e-07	5.43750000000000e-08	1.50000000000000e-09	1.25000000000000e-09	1.25000000000000e-09	3.00000000000000e-09
2.18125000000000e-07	5.06250000000000e-08	1.50000000000000e-09	1.25000000000000e-09	1.25000000000000e-09	3.00000000000000e-09
2.18125000000000e-07	5.18750000000000e-08	1.50000000000000e-09	1.25000000000000e-09	1.25000000000000e-09	3.00000000000000e-09
2.19375000000000e-07	5.06250000000000e-08	1.50000000000000e-09	1.25000000000000e-09	1.25000000000000e-09	3.00000000000000e-09
2.19375000000000e-07	5.18750000000000e-08	1.50000000000000e-09	1.25000000000000e-09	1.25000000000000e-09	3.00000000000000e-09
2.18125000000000e-07	5.31250000000000e-08	1.50000000000000e-09	1.25000000000000e-09	1.25000000000000e-09	3.00000000000000e-09
2.18125000000000e-07	5.43750000000000e-08	1.50000000000000e-09	1.25000000000000e-09	1.25000000000000e-09	3.00000000000000e-09
2.19375000000000e-07	5.31250000000000e-08	1.50000000000000e-09	1.25000000000000e-09	1.25000000000000e-09	3.00000000000000e-09
2.19375000000000e-07	5.43750000000000e-08	1.50000000000000e-09	1.25000000000000e-09	1.25000000000000e-09	3.00000000000000e-09
2.20625000000000e-07	5.06250000000000e-08	1.50000000000000e-09	1.25000000000000e-09	1.25000000000000e-09	3.00000000000000e-09
2.20625000000000e-07	5.18750000000000e-08	1.50000000000000e-09	1.25000000000000e-09	1.25000000000000e-09	3.00000000000000e-09
2.21875000000000e-07	5.06250000000000e-08	1.50000000000000e-09	1.25000000000000e-09	1.25000000000000e-09	3.00000000000000e-09
2.21875000000000e-07	5.18750000000000e-08	1.50000000000000e-09	1.25000000000000e-09	1.25000000000000e-09	3.00000000000000e-09
2.20625000000000e-07	5.31250000000000e-08	1.50000000000000e-09	1.25000000000000e-09	1.25000000000000e-09	3.00000000000000e-09
2.20625000000000e-07	5.43750000000000e-08	1.50000000000000e-09	1.25000000000000e-09	1.25000000000000e-09	3.00000000000000e-09
2.21875000000000e-07	5.31250000000000e-08	1.50000000000000e-09	1.25000000000000e-09	1.25000000000000e-09	3.00000000000000e-09
2.21875000000000e-07	5.43750000000000e-08	1.50000000000000e-09	1.25000000000000e-09	1.25000000000000e-09	3.00000000000000e-09
2.23125000000000e-07	5.06250000000000e-08	1.50000000000000e-09	1.25000000000000e-09	1.25000000000000e-09	3.00000000000000e-09
2.23125000000000e-07	5.18750000000000e-08	1.50000000000000e-09	1.25000000000000e-09	1.25000000000000e-09	3.00000000000000e-09
2.24375000000000e-07	5.06250000000000e-08	1.50000000000000e-09	1.25000000000000e-09	1.25000000000000e-09	3.00000000000000e-09
2.24375000000000e-07	5.18750000000000e-08	1.50000000000000e-09	1.25000000000000e-09	1.25000000000000e-09	3.00000000000000e-09
2.23125000000000e-07	5.31250000000000e-08	1.50000000000000e-09	1.25000000000000e-09	1.25000000000000e-09	3.00000000000000e-09
2.23125000000000e-07	5.43750000000000e-08	1.50000000000000e-09	1.25000000000000e-09	1.25000000000000e-09	3.00000000000000e-09
2.24375000000000e-07	5.31250000000000e-08	1.50000000000000e-09	1.25000000000000e-09	1.25000000000000e-09	3.00000000000000e-09
2.24375000000000e-07	5.43750000000000e-08	1.50000000000000e-09	1.25000000000000e-09	1.25000000000000e-09	3.00000000000000e-09
2.27500000000000e-07	5.25000000000000e-08	1.50000000000000e-09	5.00000000000000e-09	5.00000000000000e-09	3.00000000000000e-09
2.32500000000000e-07	5.25000000000000e-08	1.50000000000000e-09	5.00000000000000e-09	5.00000000000000e-09	3.00000000000000e-09
2.37500000000000e-07	5.25000000000000e-08	1.50000000000000e-09	5.00000000000000e-09	5.00000000000000e-09	3.00000000000000e-09
2.42500000000000e-07	5.25000000000000e-08	1.50000000000000e-09	5.00000000000000e-09	5.00000000000000e-09	3.00000000000000e-09
2.47500000000000e-07	5.25000000000000e-08	1.50000000000000e-09	5.00000000000000e-09	5.00000000000000e-09	3.00000000000000e-09
2.52500000000000e-07	5.25000000000000e-08	1.50000000000000e-09	5.00000000000000e-09	5.00000000000000e-09	3.00000000000000e-09
2.57500000000000e-07	5.25000000000000e-08	1.50000000000000e-09	5.00000000000000e-09	5.00000000000000e-09	3.00000000000000e-09
2.62500000000000e-07	5.25000000000000e-08	1.50000000000000e-09	5.00000000000000e-09	5.00000000000000e-09	3.00000000000000e-09
2.67500000000000e-07	5.25000000000000e-08	1.50000000000000e-09	5.00000000000000e-09	5.00000000000000e-09	3.00000000000000e-09
2.72500000000000e-07	5.25000000000000e-08	1.50000000000000e-09	5.00000000000000e-09	5.00000000000000e-09	3.00000000000000e-09
2.77500000000000e-07	5.25000000000000e-08	1.50000000000000e-09	5.00000000000000e-09	5.00000000000000e-09	3.00000000000000e-09
2.82500000000000e-07	5.25000000000000e-08	1.50000000000000e-09	5.00000000000000e-09	5.00000000000000e-09	3.00000000000000e-09
2.87500000000000e-07	5.25000000000000e-08	1.50000000000000e-09	5.00000000000000e-09	5.00000000000000e-09	3.00000000000000e-09
2.92500000000000e-07	5.25000000000000e-08	1.50000000000000e-09	5.00000000000000e-09	5.00000000000000e-09	3.00000000000000e-09
2.97500000000000e-07	5.25000000000000e-08	1.50000000000000e-09	5.00000000000000e-09	5.00000000000000e-09	3.00000000000000e-09
3.01250000000000e-07	5.12500000000000e-08	1.50000000000000e-09	2.50000000000000e-09	2.50000000000000e-09	3.00000000000000e-09
3.01250000000000e-07	5.37500000000000e-08	1.50000000000000e-09	2.50000000000000e-09	2.50000000000000e-09	3.00000000000000e-09
3.03125000000000e-07	5.06250000000000e-08	1.50000000000000e-09	1.25000000000000e-09	1.25000000000000e-09	3.00000000000000e-09
3.03125000000000e-07	5.18750000000000e-08	1.50000000000000e-09	1.25000000000000e-09	1.25000000000000e-09	3.00000000000000e-09
3.04375000000000e-07	5.06250000000000e-08	1.50000000000000e-09	1.25000000000000e-09	1.25000000000000e-09	3.00000000000000e-09
3.04375000000000e-07	5.18750000000000e-08	1.50000000000000e-09	1.25000000000000e-09	1.25000000000000e-09	3.00000000000000e-09
3.03125000000000e-07	5.31250000000000e-08	1.50000000000000e-09	1.25000000000000e-09	1.25000000000000e-09	3.00000000000000e-09
3.03125000000000e-07	5.43750000000000e-08	1.50000000000000e-09	1.25000000000000e-09	1.25000000000000e-09	3.00000000000000e-09
3.04375000000000e-07	5.31250000000000e-08	1.50000000000000e-09	1.25000000000000e-09	1.25000000000000e-09	3.00000000000000e-09
3.04375000000000e-07	5.43750000000000e-08	1.50000000000000e-09	1.25000000000000e-09	1.25000000000000e-09	3.00000000000000e-09
3.05625000000000e-07	5.06250000000000e-08	1.50000000000000e-09	1.25000000000000e-09	1.25000000000000e-09	3.00000000000000e-09
3.05625000000000e-07	5.18750000000000e-08	1.50000000000000e-09	1.25000000000000e-09	1.25000000000000e-09	3.00000000000000e-09
3.06875000000000e-07	5.06250000000000e-08	1.50000000000000e-09	1.25000000000000e-09	1.25000000000000e-09	3.00000000000000e-09
3.06875000000000e-07	5.18750000000000e-08	1.50000000000000e-09	1.25000000000000e-09	1.25000000000000e-09	3.00000000000000e-09
3.05625000000000e-07	5.31250000000000e-08	1.50000000000000e-09	1.25000000000000e-09	1.25000000000000e-09	3.00000000000000e-09
3.05625000000000e-07	5.43750000000000e-08	1.50000000000000e-09	1.25000000000000e-09	1.25000000000000e-09	3.00000000000000e-09
3.06875000000000e-07	5.31250000000000e-08	1.50000000000000e-09	1.25000000000000e-09	1.25000000000000e-09	3.00000000000000e-09
3.06875000000000e-07	5.43750000000000e-08	1.50000000000000e-09	1.25000000000000e-09	1.25000000000000e-09	3.00000000000000e-09
3.08125000000000e-07	5.06250000000000e-08	1.50000000000000e-09	1.25000000000000e-09	1.25000000000000e-09	3.00000000000000e-09
3.08125000000000e-07	5.18750000000000e-08	1.50000000000000e-09	1.25000000000000e-09	1.25000000000000e-09	3.00000000000000e-09
3.09375000000000e-07	5.06250000000000e-08	1.50000000000000e-09	1.25000000000000e-09	1.25000000000000e-09	3.00000000000000e-09
3.09375000000000e-07	5.18750000000000e-08	1.50000000000000e-09	1.25000000000000e-09	1.25000000000000e-09	3.00000000000000e-09
3.08125000000000e-07	5.31250000000000e-08	1.50000000000000e-09	1.25000000000000e-09	1.25000000000000e-09	3.00000000000000e-09
3.08125000000000e-07	5.43750000000000e-08	1.50000000000000e-09	1.25000000000000e-09	1.25000000000000e-09	3.00000000000000e-09
3.09375000000000e-07	5.31250000000000e-08	1.50000000000000e-09	1.25000000000000e-09	1.25000000000000e-09	3.00000000000000e-09
3.09375000000000e-07	5.43750000000000e-08	1.50000000000000e-09	1.25000000000000e-09	1.25000000000000e-09	3.00000000000000e-09
3.10625000000000e-07	5.06250000000000e-08	1.50000000000000e-09	1.25000000000000e-09	1.25000000000000e-09	3.00000000000000e-09
3.10625000000000e-07	5.18750000000000e-08	1.50000000000000e-09	1.25000000000000e-09	1.25000000000000e-09	3.00000000000000e-09
3.11875000000000e-07	5.06250000000000e-08	1.50000000000000e-09	1.25000000000000e-09	1.25000000000000e-09	3.00000000000000e-09
3.11875000000000e-07	5.18750000000000e-08	1.50000000000000e-09	1.25000000000000e-09	1.25000000000000e-09	3.00000000000000e-09
3.10625000000000e-07	5.31250000000000e-08	1.50000000000000e-09	1.25000000000000e-09	1.25000000000000e-09	3.00000000000000e-09
3.10625000000000e-07	5.43750000000000e-08	1.50000000000000e-09	1.25000000000000e-09	1.25000000000000e-09	3.00000000000000e-09
3.11875000000000e-07	5.31250000000000e-08	1.50000000000000e-09	1.25000000000000e-09	1.25000000000000e-09	3.00000000000000e-09
3.11875000000000e-07	5.43750000000000e-08	1.50000000000000e-09	1.25000000000000e-09	1.25000000000000e-09	3.00000000000000e-09
3.13125000000000e-07	5.06250000000000e-08	1.50000000000000e-09	1.25000000000000e-09	1.25000000000000e-09	3.00000000000000e-09
3.13125000000000e-07	5.18750000000000e-08	1.50000000000000e-09	1.25000000000000e-09	1.25000000000000e-09	3.00000000000000e-09
3.14375000000000e-07	5.06250000000000e-08	1.50000000000000e-09	1.25000000000000e-09	1.25000000000000e-09	3.00000000000000e-09
3.14375000000000e-07	5.18750000000000e-08	1.50000000000000e-09	1.25000000000000e-09	1.25000000000000e-09	3.00000000000000e-09
3.13125000000000e-07	5.31250000000000e-08	1.50000000000000e-09	1.25000000000000e-09	1.25000000000000e-09	3.00000000000000e-09
3.13125000000000e-07	5.43750000000000e-08	1.50000000000000e-09	1.25000000000000e-09	1.25000000000000e-09	3.00000000000000e-09
3.14375000000000e-07	5.31250000000000e-08	1.50000000000000e-09	1.25000000000000e-09	1.25000000000000e-09	3.00000000000000e-09
3.14375000000000e-07	5.43750000000000e-08	1.50000000000000e-09	1.25000000000000e-09	1.25000000000000e-09	3.00000000000000e-09
3.17500000000000e-07	5.25000000000000e-08	1.50000000000000e-09	5.00000000000000e-09	5.00000000000000e-09	3.00000000000000e-09
3.22500000000000e-07	5.25000000000000e-08	1.50000000000000e-09	5.00000000000000e-09	5.00000000000000e-09	3.00000000000000e-09
3.27500000000000e-07	5.25000000000000e-08	1.50000000000000e-09	5.00000000000000e-09	5.00000000000000e-09	3.00000000000000e-09
3.32500000000000e-07	5.25000000000000e-08	1.50000000000000e-09	5.00000000000000e-09	5.00000000000000e-09	3.00000000000000e-09
3.37500000000000e-07	5.25000000000000e-08	1.50000000000000e-09	5.00000000000000e-09	5.00000000000000e-09	3.00000000000000e-09
3.42500000000000e-07	5.25000000000000e-08	1.50000000000000e-09	5.00000000000000e-09	5.00000000000000e-09	3.00000000000000e-09
3.47500000000000e-07	5.25000000000000e-08	1.50000000000000e-09	5.00000000000000e-09	5.00000000000000e-09	3.00000000000000e-09
3.52500000000000e-07	5.25000000000000e-08	1.50000000000000e-09	5.00000000000000e-09	5.00000000000000e-09	3.00000000000000e-09
3.57500000000000e-07	5.25000000000000e-08	1.50000000000000e-09	5.00000000000000e-09	5.00000000000000e-09	3.00000000000000e-09
3.62500000000000e-07	5.25000000000000e-08	1.50000000000000e-09	5.00000000000000e-09	5.00000000000000e-09	3.00000000000000e-09
3.67500000000000e-07	5.25000000000000e-08	1.50000000000000e-09	5.00000000000000e-09	5.00000000000000e-09	3.00000000000000e-09
3.71250000000000e-07	5.37500000000000e-08	1.50000000000000e-09	2.50000000000000e-09	2.50000000000000e-09	3.00000000000000e-09
3.70625000000000e-07	5.06250000000000e-08	1.50000000000000e-09	1.25000000000000e-09	1.25000000000000e-09	3.00000000000000e-09
3.70625000000000e-07	5.18750000000000e-08	1.50000000000000e-09	1.25000000000000e-09	1.25000000000000e-09	3.00000000000000e-09
3.71875000000000e-07	5.06250000000000e-08	1.50000000000000e-09	1.25000000000000e-09	1.25000000000000e-09	3.00000000000000e-09
3.71875000000000e-07	5.18750000000000e-08	1.50000000000000e-09	1.25000000000000e-09	1.25000000000000e-09	3.00000000000000e-09
3.73125000000000e-07	5.06250000000000e-08	1.50000000000000e-09	1.25000000000000e-09	1.25000000000000e-09	3.00000000000000e-09
3.73125000000000e-07	5.18750000000000e-08	1.50000000000000e-09	1.25000000000000e-09	1.25000000000000e-09	3.00000000000000e-09
3.74375000000000e-07	5.06250000000000e-08	1.50000000000000e-09	1.25000000000000e-09	1.25000000000000e-09	3.00000000000000e-09
3.74375000000000e-07	5.18750000000000e-08	1.50000000000000e-09	1.25000000000000e-09	1.25000000000000e-09	3.00000000000000e-09
3.73125000000000e-07	5.31250000000000e-08	1.50000000000000e-09	1.25000000000000e-09	1.25000000000000e-09	3.00000000000000e-09
3.73125000000000e-07	5.43750000000000e-08	1.50000000000000e-09	1.25000000000000e-09	1.25000000000000e-09	3.00000000000000e-09
3.74375000000000e-07	5.31250000000000e-08	1.50000000000000e-09	1.25000000000000e-09	1.25000000000000e-09	3.00000000000000e-09
3.74375000000000e-07	5.43750000000000e-08	1.50000000000000e-09	1.25000000000000e-09	1.25000000000000e-09	3.00000000000000e-09
3.75625000000000e-07	5.06250000000000e-08	1.50000000000000e-09	1.25000000000000e-09	1.25000000000000e-09	3.00000000000000e-09
3.75625000000000e-07	5.18750000000000e-08	1.50000000000000e-09	1.25000000000000e-09	1.25000000000000e-09	3.00000000000000e-09
3.76875000000000e-07	5.06250000000000e-08	1.50000000000000e-09	1.25000000000000e-09	1.25000000000000e-09	3.00000000000000e-09
3.76875000000000e-07	5.18750000000000e-08	1.50000000000000e-09	1.25000000000000e-09	1.25000000000000e-09	3.00000000000000e-09
3.75625000000000e-07	5.31250000000000e-08	1.50000000000000e-09	1.25000000000000e-09	1.25000000000000e-09	3.00000000000000e-09
3.75625000000000e-07	5.43750000000000e-08	1.50000000000000e-09	1.25000000000000e-09	1.25000000000000e-09	3.00000000000000e-09
3.76875000000000e-07	5.31250000000000e-08	1.50000000000000e-09	1.25000000000000e-09	1.25000000000000e-09	3.00000000000000e-09
3.76875000000000e-07	5.43750000000000e-08	1.50000000000000e-09	1.25000000000000e-09	1.25000000000000e-09	3.00000000000000e-09
3.78125000000000e-07	5.06250000000000e-08	1.50000000000000e-09	1.25000000000000e-09	1.25000000000000e-09	3.00000000000000e-09
3.78125000000000e-07	5.18750000000000e-08	1.50000000000000e-09	1.25000000000000e-09	1.25000000000000e-09	3.00000000000000e-09
3.79375000000000e-07	5.06250000000000e-08	1.50000000000000e-09	1.25000000000000e-09	1.25000000000000e-09	3.00000000000000e-09
3.79375000000000e-07	5.18750000000000e-08	1.50000000000000e-09	1.25000000000000e-09	1.25000000000000e-09	3.00000000000000e-09
3.78125000000000e-07	5.31250000000000e-08	1.50000000000000e-09	1.25000000000000e-09	1.25000000000000e-09	3.00000000000000e-09
3.78125000000000e-07	5.43750000000000e-08	1.50000000000000e-09	1.25000000000000e-09	1.25000000000000e-09	3.00000000000000e-09
3.79375000000000e-07	5.31250000000000e-08	1.50000000000000e-09	1.25000000000000e-09	1.25000000000000e-09	3.00000000000000e-09
3.79375000000000e-07	5.43750000000000e-08	1.50000000000000e-09	1.25000000000000e-09	1.25000000000000e-09	3.00000000000000e-09
3.80625000000000e-07	5.06250000000000e-08	1.50000000000000e-09	1.25000000000000e-09	1.25000000000000e-09	3.00000000000000e-09
3.80625000000000e-07	5.18750000000000e-08	1.50000000000000e-09	1.25000000000000e-09	1.25000000000000e-09	3.00000000000000e-09
3.81875000000000e-07	5.06250000000000e-08	1.50000000000000e-09	1.25000000000000e-09	1.25000000000000e-09	3.00000000000000e-09
3.81875000000000e-07	5.18750000000000e-08	1.50000000000000e-09	1.25000000000000e-09	1.25000000000000e-09	3.00000000000000e-09
3.80625000000000e-07	5.31250000000000e-08	1.50000000000000e-09	1.25000000000000e-09	1.25000000000000e-09	3.00000000000000e-09
3.80625000000000e-07	5.43750000000000e-08	1.50000000000000e-09	1.25000000000000e-09	1.25000000000000e-09	3.00000000000000e-09
3.81875000000000e-07	5.31250000000000e-08	1.50000000000000e-09	1.25000000000000e-09	1.25000000000000e-09	3.00000000000000e-09
3.81875000000000e-07	5.43750000000000e-08	1.50000000000000e-09	1.25000000000000e-09	1.25000000000000e-09	3.00000000000000e-09
3.83125000000000e-07	5.06250000000000e-08	1.50000000000000e-09	1.25000000000000e-09	1.25000000000000e-09	3.00000000000000e-09
3.83125000000000e-07	5.18750000000000e-08	1.50000000000000e-09	1.25000000000000e-09	1.25000000000000e-09	3.00000000000000e-09
3.84375000000000e-07	5.06250000000000e-08	1.50000000000000e-09	1.25000000000000e-09	1.25000000000000e-09	3.00000000000000e-09
3.84375000000000e-07	5.18750000000000e-08	1.50000000000000e-09	1.25000000000000e-09	1.25000000000000e-09	3.00000000000000e-09
3.83125000000000e-07	5.31250000000000e-08	1.50000000000000e-09	1.25000000000000e-09	1.25000000000000e-09	3.00000000000000e-09
3.83125000000000e-07	5.43750000000000e-08	1.50000000000000e-09	1.25000000000000e-09	1.25000000000000e-09	3.00000000000000e-09
3.84375000000000e-07	5.31250000000000e-08	1.50000000000000e-09	1.25000000000000e-09	1.25000000000000e-09	3.00000000000000e-09
3.84375000000000e-07	5.43750000000000e-08	1.50000000000000e-09	1.25000000000000e-09	1.25000000000000e-09	3.00000000000000e-09
3.86250000000000e-07	5.12500000000000e-08	1.50000000000000e-09	2.50000000000000e-09	2.50000000000000e-09	3.00000000000000e-09
3.88750000000000e-07	5.12500000000000e-08	1.50000000000000e-09	2.50000000000000e-09	2.50000000000000e-09	3.00000000000000e-09
3.88750000000000e-07	5.37500000000000e-08	1.50000000000000e-09	2.50000000000000e-09	2.50000000000000e-09	3.00000000000000e-09
3.85625000000000e-07	5.31250000000000e-08	1.50000000000000e-09	1.25000000000000e-09	1.25000000000000e-09	3.00000000000000e-09
3.85625000000000e-07	5.43750000000000e-08	1.50000000000000e-09	1.25000000000000e-09	1.25000000000000e-09	3.00000000000000e-09
3.86875000000000e-07	5.31250000000000e-08	1.50000000000000e-09	1.25000000000000e-09	1.25000000000000e-09	3.00000000000000e-09
3.86875000000000e-07	5.43750000000000e-08	1.50000000000000e-09	1.25000000000000e-09	1.25000000000000e-09	3.00000000000000e-09
3.92500000000000e-07	5.25000000000000e-08	1.50000000000000e-09	5.00000000000000e-09	5.00000000000000e-09	3.00000000000000e-09
3.97500000000000e-07	5.25000000000000e-08	1.50000000000000e-09	5.00000000000000e-09	5.00000000000000e-09	3.00000000000000e-09
4.02500000000000e-07	5.25000000000000e-08	1.50000000000000e-09	5.00000000000000e-09	5.00000000000000e-09	3.00000000000000e-09
4.07500000000000e-07	5.25000000000000e-08	1.50000000000000e-09	5.00000000000000e-09	5.00000000000000e-09	3.00000000000000e-09
4.12500000000000e-07	5.25000000000000e-08	1.50000000000000e-09	5.00000000000000e-09	5.00000000000000e-09	3.00000000000000e-09
4.17500000000000e-07	5.25000000000000e-08	1.50000000000000e-09	5.00000000000000e-09	5.00000000000000e-09	3.00000000000000e-09
4.21250000000000e-07	5.12500000000000e-08	1.50000000000000e-09	2.50000000000000e-09	2.50000000000000e-09	3.00000000000000e-09
4.21250000000000e-07	5.37500000000000e-08	1.50000000000000e-09	2.50000000000000e-09	2.50000000000000e-09	3.00000000000000e-09
4.23125000000000e-07	5.06250000000000e-08	1.50000000000000e-09	1.25000000000000e-09	1.25000000000000e-09	3.00000000000000e-09
4.23125000000000e-07	5.18750000000000e-08	1.50000000000000e-09	1.25000000000000e-09	1.25000000000000e-09	3.00000000000000e-09
4.24375000000000e-07	5.06250000000000e-08	1.50000000000000e-09	1.25000000000000e-09	1.25000000000000e-09	3.00000000000000e-09
4.24375000000000e-07	5.18750000000000e-08	1.50000000000000e-09	1.25000000000000e-09	1.25000000000000e-09	3.00000000000000e-09
4.23125000000000e-07	5.31250000000000e-08	1.50000000000000e-09	1.25000000000000e-09	1.25000000000000e-09	3.00000000000000e-09
4.23125000000000e-07	5.43750000000000e-08	1.50000000000000e-09	1.25000000000000e-09	1.25000000000000e-09	3.00000000000000e-09
4.24375000000000e-07	5.31250000000000e-08	1.50000000000000e-09	1.25000000000000e-09	1.25000000000000e-09	3.00000000000000e-09
4.24375000000000e-07	5.43750000000000e-08	1.50000000000000e-09	1.25000000000000e-09	1.25000000000000e-09	3.00000000000000e-09
4.25625000000000e-07	5.06250000000000e-08	1.50000000000000e-09	1.25000000000000e-09	1.25000000000000e-09	3.00000000000000e-09
4.25625000000000e-07	5.18750000000000e-08	1.50000000000000e-09	1.25000000000000e-09	1.25000000000000e-09	3.00000000000000e-09
4.26875000000000e-07	5.06250000000000e-08	1.50000000000000e-09	1.25000000000000e-09	1.25000000000000e-09	3.00000000000000e-09
4.26875000000000e-07	5.18750000000000e-08	1.50000000000000e-09	1.25000000000000e-09	1.25000000000000e-09	3.00000000000000e-09
4.25625000000000e-07	5.31250000000000e-08	1.50000000000000e-09	1.25000000000000e-09	1.25000000000000e-09	3.00000000000000e-09
4.25625000000000e-07	5.43750000000000e-08	1.50000000000000e-09	1.25000000000000e-09	1.25000000000000e-09	3.00000000000000e-09
4.26875000000000e-07	5.31250000000000e-08	1.50000000000000e-09	1.25000000000000e-09	1.25000000000000e-09	3.00000000000000e-09
4.26875000000000e-07	5.43750000000000e-08	1.50000000000000e-09	1.25000000000000e-09	1.25000000000000e-09	3.00000000000000e-09
4.28125000000000e-07	5.06250000000000e-08	1.50000000000000e-09	1.25000000000000e-09	1.25000000000000e-09	3.00000000000000e-09
4.28125000000000e-07	5.18750000000000e-08	1.50000000000000e-09	1.25000000000000e-09	1.25000000000000e-09	3.00000000000000e-09
4.29375000000000e-07	5.06250000000000e-08	1.50000000000000e-09	1.25000000000000e-09	1.25000000000000e-09	3.00000000000000e-09
4.29375000000000e-07	5.18750000000000e-08	1.50000000000000e-09	1.25000000000000e-09	1.25000000000000e-09	3.00000000000000e-09
4.28125000000000e-07	5.31250000000000e-08	1.50000000000000e-09	1.25000000000000e-09	1.25000000000000e-09	3.00000000000000e-09
4.28125000000000e-07	5.43750000000000e-08	1.50000000000000e-09	1.25000000000000e-09	1.25000000000000e-09	3.00000000000000e-09
4.29375000000000e-07	5.31250000000000e-08	1.50000000000000e-09	1.25000000000000e-09	1.25000000000000e-09	3.00000000000000e-09
4.29375000000000e-07	5.43750000000000e-08	1.50000000000000e-09	1.25000000000000e-09	1.25000000000000e-09	3.00000000000000e-09
4.30625000000000e-07	5.06250000000000e-08	1.50000000000000e-09	1.25000000000000e-09	1.25000000000000e-09	3.00000000000000e-09
4.30625000000000e-07	5.18750000000000e-08	1.50000000000000e-09	1.25000000000000e-09	1.25000000000000e-09	3.00000000000000e-09
4.31875000000000e-07	5.06250000000000e-08	1.50000000000000e-09	1.25000000000000e-09	1.25000000000000e-09	3.00000000000000e-09
4.31875000000000e-07	5.18750000000000e-08	1.50000000000000e-09	1.25000000000000e-09	1.25000000000000e-09	3.00000000000000e-09
4.30625000000000e-07	5.31250000000000e-08	1.50000000000000e-09	1.25000000000000e-09	1.25000000000000e-09	3.00000000000000e-09
4.30625000000000e-07	5.43750000000000e-08	1.50000000000000e-09	1.25000000000000e-09	1.25000000000000e-09	3.00000000000000e-09
4.31875000000000e-07	5.31250000000000e-08	1.50000000000000e-09	1.25000000000000e-09	1.25000000000000e-09	3.00000000000000e-09
4.31875000000000e-07	5.43750000000000e-08	1.50000000000000e-09	1.25000000000000e-09	1.25000000000000e-09	3.00000000000000e-09
4.33125000000000e-07	5.06250000000000e-08	1.50000000000000e-09	1.25000000000000e-09	1.25000000000000e-09	3.00000000000000e-09
4.33125000000000e-07	5.18750000000000e-08	1.50000000000000e-09	1.25000000000000e-09	1.25000000000000e-09	3.00000000000000e-09
4.34375000000000e-07	5.06250000000000e-08	1.50000000000000e-09	1.25000000000000e-09	1.25000000000000e-09	3.00000000000000e-09
4.34375000000000e-07	5.18750000000000e-08	1.50000000000000e-09	1.25000000000000e-09	1.25000000000000e-09	3.00000000000000e-09
4.33125000000000e-07	5.31250000000000e-08	1.50000000000000e-09	1.25000000000000e-09	1.25000000000000e-09	3.00000000000000e-09
4.33125000000000e-07	5.43750000000000e-08	1.50000000000000e-09	1.25000000000000e-09	1.25000000000000e-09	3.00000000000000e-09
4.34375000000000e-07	5.31250000000000e-08	1.50000000000000e-09	1.25000000000000e-09	1.25000000000000e-09	3.00000000000000e-09
4.34375000000000e-07	5.43750000000000e-08	1.50000000000000e-09	1.25000000000000e-09	1.25000000000000e-09	3.00000000000000e-09
4.38750000000000e-07	5.12500000000000e-08	1.50000000000000e-09	2.50000000000000e-09	2.50000000000000e-09	3.00000000000000e-09
4.38750000000000e-07	5.37500000000000e-08	1.50000000000000e-09	2.50000000000000e-09	2.50000000000000e-09	3.00000000000000e-09
4.35625000000000e-07	5.06250000000000e-08	1.50000000000000e-09	1.25000000000000e-09	1.25000000000000e-09	3.00000000000000e-09
4.35625000000000e-07	5.18750000000000e-08	1.50000000000000e-09	1.25000000000000e-09	1.25000000000000e-09	3.00000000000000e-09
4.36875000000000e-07	5.06250000000000e-08	1.50000000000000e-09	1.25000000000000e-09	1.25000000000000e-09	3.00000000000000e-09
4.36875000000000e-07	5.18750000000000e-08	1.50000000000000e-09	1.25000000000000e-09	1.25000000000000e-09	3.00000000000000e-09
4.35625000000000e-07	5.31250000000000e-08	1.50000000000000e-09	1.25000000000000e-09	1.25000000000000e-09	3.00000000000000e-09
4.35625000000000e-07	5.43750000000000e-08	1.50000000000000e-09	1.25000000000000e-09	1.25000000000000e-09	3.00000000000000e-09
4.36875000000000e-07	5.31250000000000e-08	1.50000000000000e-09	1.25000000000000e-09	1.25000000000000e-09	3.00000000000000e-09
4.36875000000000e-07	5.43750000000000e-08	1.50000000000000e-09	1.25000000000000e-09	1.25000000000000e-09	3.00000000000000e-09
4.42500000000000e-07	5.25000000000000e-08	1.50000000000000e-09	5.00000000000000e-09	5.00000000000000e-09	3.00000000000000e-09
4.47500000000000e-07	5.25000000000000e-08	1.50000000000000e-09	5.00000000000000e-09	5.00000000000000e-09	3.00000000000000e-09
4.52500000000000e-07	5.25000000000000e-08	1.50000000000000e-09	5.00000000000000e-09	5.00000000000000e-09	3.00000000000000e-09
4.57500000000000e-07	5.25000000000000e-08	1.50000000000000e-09	5.00000000000000e-09	5.00000000000000e-09	3.00000000000000e-09
4.62500000000000e-07	5.25000000000000e-08	1.50000000000000e-09	5.00000000000000e-09	5.00000000000000e-09	3.00000000000000e-09
4.67500000000000e-07	5.25000000000000e-08	1.50000000000000e-09	5.00000000000000e-09	5.00000000000000e-09	3.00000000000000e-09
4.72500000000000e-07	5.25000000000000e-08	1.50000000000000e-09	5.00000000000000e-09	5.00000000000000e-09	3.00000000000000e-09
4.77500000000000e-07	5.25000000000000e-08	1.50000000000000e-09	5.00000000000000e-09	5.00000000000000e-09	3.00000000000000e-09
4.82500000000000e-07	5.25000000000000e-08	1.50000000000000e-09	5.00000000000000e-09	5.00000000000000e-09	3.00000000000000e-09
4.87500000000000e-07	5.25000000000000e-08	1.50000000000000e-09	5.00000000000000e-09	5.00000000000000e-09	3.00000000000000e-09
4.92500000000000e-07	5.25000000000000e-08	1.50000000000000e-09	5.00000000000000e-09	5.00000000000000e-09	3.00000000000000e-09
4.97500000000000e-07	5.25000000000000e-08	1.50000000000000e-09	5.00000000000000e-09	5.00000000000000e-09	3.00000000000000e-09
2.50000000000000e-09	5.75000000000000e-08	1.50000000000000e-09	5.00000000000000e-09	5.00000000000000e-09	3.00000000000000e-09
7.50000000000000e-09	5.75000000000000e-08	1.50000000000000e-09	5.00000000000000e-09	5.00000000000000e-09	3.00000000000000e-09
1.25000000000000e-08	5.75000000000000e-08	1.50000000000000e-09	5.00000000000000e-09	5.00000000000000e-09	3.00000000000000e-09
1.75000000000000e-08	5.75000000000000e-08	1.50000000000000e-09	5.00000000000000e-09	5.00000000000000e-09	3.00000000000000e-09
2.25000000000000e-08	5.75000000000000e-08	1.50000000000000e-09	5.00000000000000e-09	5.00000000000000e-09	3.00000000000000e-09
2.75000000000000e-08	5.75000000000000e-08	1.50000000000000e-09	5.00000000000000e-09	5.00000000000000e-09	3.00000000000000e-09
3.25000000000000e-08	5.75000000000000e-08	1.50000000000000e-09	5.00000000000000e-09	5.00000000000000e-09	3.00000000000000e-09
3.75000000000000e-08	5.75000000000000e-08	1.50000000000000e-09	5.00000000000000e-09	5.00000000000000e-09	3.00000000000000e-09
4.25000000000000e-08	5.75000000000000e-08	1.50000000000000e-09	5.00000000000000e-09	5.00000000000000e-09	3.00000000000000e-09
4.75000000000000e-08	5.75000000000000e-08	1.50000000000000e-09	5.00000000000000e-09	5.00000000000000e-09	3.00000000000000e-09
5.25000000000000e-08	5.75000000000000e-08	1.50000000000000e-09	5.00000000000000e-09	5.00000000000000e-09	3.00000000000000e-09
5.75000000000000e-08	5.75000000000000e-08	1.50000000000000e-09	5.00000000000000e-09	5.00000000000000e-09	3.00000000000000e-09
6.25000000000000e-08	5.75000000000000e-08	1.50000000000000e-09	5.00000000000000e-09	5.00000000000000e-09	3.00000000000000e-09
6.75000000000000e-08	5.75000000000000e-08	1.50000000000000e-09	5.00000000000000e-09	5.00000000000000e-09	3.00000000000000e-09
7.25000000000000e-08	5.75000000000000e-08	1.50000000000000e-09	5.00000000000000e-09	5.00000000000000e-09	3.00000000000000e-09
7.75000000000000e-08	5.75000000000000e-08	1.50000000000000e-09	5.00000000000000e-09	5.00000000000000e-09	3.00000000000000e-09
8.25000000000000e-08	5.75000000000000e-08	1.50000000000000e-09	5.00000000000000e-09	5.00000000000000e-09	3.00000000000000e-09
8.75000000000000e-08	5.75000000000000e-08	1.50000000000000e-09	5.00000000000000e-09	5.00000000000000e-09	3.00000000000000e-09
9.25000000000000e-08	5.75000000000000e-08	1.50000000000000e-09	5.00000000000000e-09	5.00000000000000e-09	3.00000000000000e-09
9.75000000000000e-08	5.75000000000000e-08	1.50000000000000e-09	5.00000000000000e-09	5.00000000000000e-09	3.00000000000000e-09
1.02500000000000e-07	5.75000000000000e-08	1.50000000000000e-09	5.00000000000000e-09	5.00000000000000e-09	3.00000000000000e-09
1.07500000000000e-07	5.75000000000000e-08	1.50000000000000e-09	5.00000000000000e-09	5.00000000000000e-09	3.00000000000000e-09
1.10625000000000e-07	5.56250000000000e-08	1.50000000000000e-09	1.25000000000000e-09	1.25000000000000e-09	3.00000000000000e-09
1.10625000000000e-07	5.68750000000000e-08	1.50000000000000e-09	1.25000000000000e-09	1.25000000000000e-09	3.00000000000000e-09
1.11875000000000e-07	5.56250000000000e-08	1.50000000000000e-09	1.25000000000000e-09	1.25000000000000e-09	3.00000000000000e-09
1.11875000000000e-07	5.68750000000000e-08	1.50000000000000e-09	1.25000000000000e-09	1.25000000000000e-09	3.00000000000000e-09
1.10625000000000e-07	5.81250000000000e-08	1.50000000000000e-09	1.25000000000000e-09	1.25000000000000e-09	3.00000000000000e-09
1.10625000000000e-07	5.93750000000000e-08	1.50000000000000e-09	1.25000000000000e-09	1.25000000000000e-09	3.00000000000000e-09
1.11875000000000e-07	5.81250000000000e-08	1.50000000000000e-09	1.25000000000000e-09	1.25000000000000e-09	3.00000000000000e-09
1.11875000000000e-07	5.93750000000000e-08	1.50000000000000e-09	1.25000000000000e-09	1.25000000000000e-09	3.00000000000000e-09
1.13125000000000e-07	5.56250000000000e-08	1.50000000000000e-09	1.25000000000000e-09	1.25000000000000e-09	3.00000000000000e-09
1.13125000000000e-07	5.68750000000000e-08	1.50000000000000e-09	1.25000000000000e-09	1.25000000000000e-09	3.00000000000000e-09
1.14375000000000e-07	5.56250000000000e-08	1.50000000000000e-09	1.25000000000000e-09	1.25000000000000e-09	3.00000000000000e-09
1.14375000000000e-07	5.68750000000000e-08	1.50000000000000e-09	1.25000000000000e-09	1.25000000000000e-09	3.00000000000000e-09
1.13125000000000e-07	5.81250000000000e-08	1.50000000000000e-09	1.25000000000000e-09	1.25000000000000e-09	3.00000000000000e-09
1.13125000000000e-07	5.93750000000000e-08	1.50000000000000e-09	1.25000000000000e-09	1.25000000000000e-09	3.00000000000000e-09
1.14375000000000e-07	5.81250000000000e-08	1.50000000000000e-09	1.25000000000000e-09	1.25000000000000e-09	3.00000000000000e-09
1.14375000000000e-07	5.93750000000000e-08	1.50000000000000e-09	1.25000000000000e-09	1.25000000000000e-09	3.00000000000000e-09
1.15625000000000e-07	5.56250000000000e-08	1.50000000000000e-09	1.25000000000000e-09	1.25000000000000e-09	3.00000000000000e-09
1.15625000000000e-07	5.68750000000000e-08	1.50000000000000e-09	1.25000000000000e-09	1.25000000000000e-09	3.00000000000000e-09
1.16875000000000e-07	5.56250000000000e-08	1.50000000000000e-09	1.25000000000000e-09	1.25000000000000e-09	3.00000000000000e-09
1.16875000000000e-07	5.68750000000000e-08	1.50000000000000e-09	1.25000000000000e-09	1.25000000000000e-09	3.00000000000000e-09
1.15625000000000e-07	5.81250000000000e-08	1.50000000000000e-09	1.25000000000000e-09	1.25000000000000e-09	3.00000000000000e-09
1.15625000000000e-07	5.93750000000000e-08	1.50000000000000e-09	1.25000000000000e-09	1.25000000000000e-09	3.00000000000000e-09
1.16875000000000e-07	5.81250000000000e-08	1.50000000000000e-09	1.25000000000000e-09	1.25000000000000e-09	3.00000000000000e-09
1.16875000000000e-07	5.93750000000000e-08	1.50000000000000e-09	1.25000000000000e-09	1.25000000000000e-09	3.00000000000000e-09
1.18125000000000e-07	5.56250000000000e-08	1.50000000000000e-09	1.25000000000000e-09	1.25000000000000e-09	3.00000000000000e-09
1.18125000000000e-07	5.68750000000000e-08	1.50000000000000e-09	1.25000000000000e-09	1.25000000000000e-09	3.00000000000000e-09
1.19375000000000e-07	5.56250000000000e-08	1.50000000000000e-09	1.25000000000000e-09	1.25000000000000e-09	3.00000000000000e-09
1.19375000000000e-07	5.68750000000000e-08	1.50000000000000e-09	1.25000000000000e-09	1.25000000000000e-09	3.00000000000000e-09
1.18125000000000e-07	5.81250000000000e-08	1.50000000000000e-09	1.25000000000000e-09	1.25000000000000e-09	3.00000000000000e-09
1.18125000000000e-07	5.93750000000000e-08	1.50000000000000e-09	1.25000000000000e-09	1.25000000000000e-09	3.00000000000000e-09
1.19375000000000e-07	5.81250000000000e-08	1.50000000000000e-09	1.25000000000000e-09	1.25000000000000e-09	3.00000000000000e-09
1.19375000000000e-07	5.93750000000000e-08	1.50000000000000e-09	1.25000000000000e-09	1.25000000000000e-09	3.00000000000000e-09
1.22500000000000e-07	5.75000000000000e-08	1.50000000000000e-09	5.00000000000000e-09	5.00000000000000e-09	3.00000000000000e-09
1.27500000000000e-07	5.75000000000000e-08	1.50000000000000e-09	5.00000000000000e-09	5.00000000000000e-09	3.00000000000000e-09
1.32500000000000e-07	5.75000000000000e-08	1.50000000000000e-09	5.00000000000000e-09	5.00000000000000e-09	3.00000000000000e-09
1.37500000000000e-07	5.75000000000000e-08	1.50000000000000e-09	5.00000000000000e-09	5.00000000000000e-09	3.00000000000000e-09
1.42500000000000e-07	5.75000000000000e-08	1.50000000000000e-09	5.00000000000000e-09	5.00000000000000e-09	3.00000000000000e-09
1.47500000000000e-07	5.75000000000000e-08	1.50000000000000e-09	5.00000000000000e-09	5.00000000000000e-09	3.00000000000000e-09
1.52500000000000e-07	5.75000000000000e-08	1.50000000000000e-09	5.00000000000000e-09	5.00000000000000e-09	3.00000000000000e-09
1.57500000000000e-07	5.75000000000000e-08	1.50000000000000e-09	5.00000000000000e-09	5.00000000000000e-09	3.00000000000000e-09
1.62500000000000e-07	5.75000000000000e-08	1.50000000000000e-09	5.00000000000000e-09	5.00000000000000e-09	3.00000000000000e-09
1.67500000000000e-07	5.75000000000000e-08	1.50000000000000e-09	5.00000000000000e-09	5.00000000000000e-09	3.00000000000000e-09
1.72500000000000e-07	5.75000000000000e-08	1.50000000000000e-09	5.00000000000000e-09	5.00000000000000e-09	3.00000000000000e-09
1.77500000000000e-07	5.75000000000000e-08	1.50000000000000e-09	5.00000000000000e-09	5.00000000000000e-09	3.00000000000000e-09
1.82500000000000e-07	5.75000000000000e-08	1.50000000000000e-09	5.00000000000000e-09	5.00000000000000e-09	3.00000000000000e-09
1.87500000000000e-07	5.75000000000000e-08	1.50000000000000e-09	5.00000000000000e-09	5.00000000000000e-09	3.00000000000000e-09
1.92500000000000e-07	5.75000000000000e-08	1.50000000000000e-09	5.00000000000000e-09	5.00000000000000e-09	3.00000000000000e-09
1.97500000000000e-07	5.75000000000000e-08	1.50000000000000e-09	5.00000000000000e-09	5.00000000000000e-09	3.00000000000000e-09
2.02500000000000e-07	5.75000000000000e-08	1.50000000000000e-09	5.00000000000000e-09	5.00000000000000e-09	3.00000000000000e-09
2.07500000000000e-07	5.75000000000000e-08	1.50000000000000e-09	5.00000000000000e-09	5.00000000000000e-09	3.00000000000000e-09
2.11250000000000e-07	5.62500000000000e-08	1.50000000000000e-09	2.50000000000000e-09	2.50000000000000e-09	3.00000000000000e-09
2.11250000000000e-07	5.87500000000000e-08	1.50000000000000e-09	2.50000000000000e-09	2.50000000000000e-09	3.00000000000000e-09
2.13125000000000e-07	5.56250000000000e-08	1.50000000000000e-09	1.25000000000000e-09	1.25000000000000e-09	3.00000000000000e-09
2.13125000000000e-07	5.68750000000000e-08	1.50000000000000e-09	1.25000000000000e-09	1.25000000000000e-09	3.00000000000000e-09
2.14375000000000e-07	5.56250000000000e-08	1.50000000000000e-09	1.25000000000000e-09	1.25000000000000e-09	3.00000000000000e-09
2.14375000000000e-07	5.68750000000000e-08	1.50000000000000e-09	1.25000000000000e-09	1.25000000000000e-09	3.00000000000000e-09
2.13125000000000e-07	5.81250000000000e-08	1.50000000000000e-09	1.25000000000000e-09	1.25000000000000e-09	3.00000000000000e-09
2.13125000000000e-07	5.93750000000000e-08	1.50000000000000e-09	1.25000000000000e-09	1.25000000000000e-09	3.00000000000000e-09
2.14375000000000e-07	5.81250000000000e-08	1.50000000000000e-09	1.25000000000000e-09	1.25000000000000e-09	3.00000000000000e-09
2.14375000000000e-07	5.93750000000000e-08	1.50000000000000e-09	1.25000000000000e-09	1.25000000000000e-09	3.00000000000000e-09
2.15625000000000e-07	5.56250000000000e-08	1.50000000000000e-09	1.25000000000000e-09	1.25000000000000e-09	3.00000000000000e-09
2.15625000000000e-07	5.68750000000000e-08	1.50000000000000e-09	1.25000000000000e-09	1.25000000000000e-09	3.00000000000000e-09
2.16875000000000e-07	5.56250000000000e-08	1.50000000000000e-09	1.25000000000000e-09	1.25000000000000e-09	3.00000000000000e-09
2.16875000000000e-07	5.68750000000000e-08	1.50000000000000e-09	1.25000000000000e-09	1.25000000000000e-09	3.00000000000000e-09
2.15625000000000e-07	5.81250000000000e-08	1.50000000000000e-09	1.25000000000000e-09	1.25000000000000e-09	3.00000000000000e-09
2.15625000000000e-07	5.93750000000000e-08	1.50000000000000e-09	1.25000000000000e-09	1.25000000000000e-09	3.00000000000000e-09
2.16875000000000e-07	5.81250000000000e-08	1.50000000000000e-09	1.25000000000000e-09	1.25000000000000e-09	3.00000000000000e-09
2.16875000000000e-07	5.93750000000000e-08	1.50000000000000e-09	1.25000000000000e-09	1.25000000000000e-09	3.00000000000000e-09
2.18125000000000e-07	5.56250000000000e-08	1.50000000000000e-09	1.25000000000000e-09	1.25000000000000e-09	3.00000000000000e-09
2.18125000000000e-07	5.68750000000000e-08	1.50000000000000e-09	1.25000000000000e-09	1.25000000000000e-09	3.00000000000000e-09
2.19375000000000e-07	5.56250000000000e-08	1.50000000000000e-09	1.25000000000000e-09	1.25000000000000e-09	3.00000000000000e-09
2.19375000000000e-07	5.68750000000000e-08	1.50000000000000e-09	1.25000000000000e-09	1.25000000000000e-09	3.00000000000000e-09
2.18125000000000e-07	5.81250000000000e-08	1.50000000000000e-09	1.25000000000000e-09	1.25000000000000e-09	3.00000000000000e-09
2.18125000000000e-07	5.93750000000000e-08	1.50000000000000e-09	1.25000000000000e-09	1.25000000000000e-09	3.00000000000000e-09
2.19375000000000e-07	5.81250000000000e-08	1.50000000000000e-09	1.25000000000000e-09	1.25000000000000e-09	3.00000000000000e-09
2.19375000000000e-07	5.93750000000000e-08	1.50000000000000e-09	1.25000000000000e-09	1.25000000000000e-09	3.00000000000000e-09
2.20625000000000e-07	5.56250000000000e-08	1.50000000000000e-09	1.25000000000000e-09	1.25000000000000e-09	3.00000000000000e-09
2.20625000000000e-07	5.68750000000000e-08	1.50000000000000e-09	1.25000000000000e-09	1.25000000000000e-09	3.00000000000000e-09
2.21875000000000e-07	5.56250000000000e-08	1.50000000000000e-09	1.25000000000000e-09	1.25000000000000e-09	3.00000000000000e-09
2.21875000000000e-07	5.68750000000000e-08	1.50000000000000e-09	1.25000000000000e-09	1.25000000000000e-09	3.00000000000000e-09
2.20625000000000e-07	5.81250000000000e-08	1.50000000000000e-09	1.25000000000000e-09	1.25000000000000e-09	3.00000000000000e-09
2.20625000000000e-07	5.93750000000000e-08	1.50000000000000e-09	1.25000000000000e-09	1.25000000000000e-09	3.00000000000000e-09
2.21875000000000e-07	5.81250000000000e-08	1.50000000000000e-09	1.25000000000000e-09	1.25000000000000e-09	3.00000000000000e-09
2.21875000000000e-07	5.93750000000000e-08	1.50000000000000e-09	1.25000000000000e-09	1.25000000000000e-09	3.00000000000000e-09
2.23125000000000e-07	5.56250000000000e-08	1.50000000000000e-09	1.25000000000000e-09	1.25000000000000e-09	3.00000000000000e-09
2.23125000000000e-07	5.68750000000000e-08	1.50000000000000e-09	1.25000000000000e-09	1.25000000000000e-09	3.00000000000000e-09
2.24375000000000e-07	5.56250000000000e-08	1.50000000000000e-09	1.25000000000000e-09	1.25000000000000e-09	3.00000000000000e-09
2.24375000000000e-07	5.68750000000000e-08	1.50000000000000e-09	1.25000000000000e-09	1.25000000000000e-09	3.00000000000000e-09
2.23125000000000e-07	5.81250000000000e-08	1.50000000000000e-09	1.25000000000000e-09	1.25000000000000e-09	3.00000000000000e-09
2.23125000000000e-07	5.93750000000000e-08	1.50000000000000e-09	1.25000000000000e-09	1.25000000000000e-09	3.00000000000000e-09
2.24375000000000e-07	5.81250000000000e-08	1.50000000000000e-09	1.25000000000000e-09	1.25000000000000e-09	3.00000000000000e-09
2.24375000000000e-07	5.93750000000000e-08	1.50000000000000e-09	1.25000000000000e-09	1.25000000000000e-09	3.00000000000000e-09
2.27500000000000e-07	5.75000000000000e-08	1.50000000000000e-09	5.00000000000000e-09	5.00000000000000e-09	3.00000000000000e-09
2.32500000000000e-07	5.75000000000000e-08	1.50000000000000e-09	5.00000000000000e-09	5.00000000000000e-09	3.00000000000000e-09
2.37500000000000e-07	5.75000000000000e-08	1.50000000000000e-09	5.00000000000000e-09	5.00000000000000e-09	3.00000000000000e-09
2.42500000000000e-07	5.75000000000000e-08	1.50000000000000e-09	5.00000000000000e-09	5.00000000000000e-09	3.00000000000000e-09
2.47500000000000e-07	5.75000000000000e-08	1.50000000000000e-09	5.00000000000000e-09	5.00000000000000e-09	3.00000000000000e-09
2.52500000000000e-07	5.75000000000000e-08	1.50000000000000e-09	5.00000000000000e-09	5.00000000000000e-09	3.00000000000000e-09
2.57500000000000e-07	5.75000000000000e-08	1.50000000000000e-09	5.00000000000000e-09	5.00000000000000e-09	3.00000000000000e-09
2.62500000000000e-07	5.75000000000000e-08	1.50000000000000e-09	5.00000000000000e-09	5.00000000000000e-09	3.00000000000000e-09
2.67500000000000e-07	5.75000000000000e-08	1.50000000000000e-09	5.00000000000000e-09	5.00000000000000e-09	3.00000000000000e-09
2.72500000000000e-07	5.75000000000000e-08	1.50000000000000e-09	5.00000000000000e-09	5.00000000000000e-09	3.00000000000000e-09
2.77500000000000e-07	5.75000000000000e-08	1.50000000000000e-09	5.00000000000000e-09	5.00000000000000e-09	3.00000000000000e-09
2.82500000000000e-07	5.75000000000000e-08	1.50000000000000e-09	5.00000000000000e-09	5.00000000000000e-09	3.00000000000000e-09
2.87500000000000e-07	5.75000000000000e-08	1.50000000000000e-09	5.00000000000000e-09	5.00000000000000e-09	3.00000000000000e-09
2.92500000000000e-07	5.75000000000000e-08	1.50000000000000e-09	5.00000000000000e-09	5.00000000000000e-09	3.00000000000000e-09
2.97500000000000e-07	5.75000000000000e-08	1.50000000000000e-09	5.00000000000000e-09	5.00000000000000e-09	3.00000000000000e-09
3.01250000000000e-07	5.62500000000000e-08	1.50000000000000e-09	2.50000000000000e-09	2.50000000000000e-09	3.00000000000000e-09
3.01250000000000e-07	5.87500000000000e-08	1.50000000000000e-09	2.50000000000000e-09	2.50000000000000e-09	3.00000000000000e-09
3.03125000000000e-07	5.56250000000000e-08	1.50000000000000e-09	1.25000000000000e-09	1.25000000000000e-09	3.00000000000000e-09
3.03125000000000e-07	5.68750000000000e-08	1.50000000000000e-09	1.25000000000000e-09	1.25000000000000e-09	3.00000000000000e-09
3.04375000000000e-07	5.56250000000000e-08	1.50000000000000e-09	1.25000000000000e-09	1.25000000000000e-09	3.00000000000000e-09
3.04375000000000e-07	5.68750000000000e-08	1.50000000000000e-09	1.25000000000000e-09	1.25000000000000e-09	3.00000000000000e-09
3.03125000000000e-07	5.81250000000000e-08	1.50000000000000e-09	1.25000000000000e-09	1.25000000000000e-09	3.00000000000000e-09
3.03125000000000e-07	5.93750000000000e-08	1.50000000000000e-09	1.25000000000000e-09	1.25000000000000e-09	3.00000000000000e-09
3.04375000000000e-07	5.81250000000000e-08	1.50000000000000e-09	1.25000000000000e-09	1.25000000000000e-09	3.00000000000000e-09
3.04375000000000e-07	5.93750000000000e-08	1.50000000000000e-09	1.25000000000000e-09	1.25000000000000e-09	3.00000000000000e-09
3.05625000000000e-07	5.56250000000000e-08	1.50000000000000e-09	1.25000000000000e-09	1.25000000000000e-09	3.00000000000000e-09
3.05625000000000e-07	5.68750000000000e-08	1.50000000000000e-09	1.25000000000000e-09	1.25000000000000e-09	3.00000000000000e-09
3.06875000000000e-07	5.56250000000000e-08	1.50000000000000e-09	1.25000000000000e-09	1.25000000000000e-09	3.00000000000000e-09
3.06875000000000e-07	5.68750000000000e-08	1.50000000000000e-09	1.25000000000000e-09	1.25000000000000e-09	3.00000000000000e-09
3.05625000000000e-07	5.81250000000000e-08	1.50000000000000e-09	1.25000000000000e-09	1.25000000000000e-09	3.00000000000000e-09
3.05625000000000e-07	5.93750000000000e-08	1.50000000000000e-09	1.25000000000000e-09	1.25000000000000e-09	3.00000000000000e-09
3.06875000000000e-07	5.81250000000000e-08	1.50000000000000e-09	1.25000000000000e-09	1.25000000000000e-09	3.00000000000000e-09
3.06875000000000e-07	5.93750000000000e-08	1.50000000000000e-09	1.25000000000000e-09	1.25000000000000e-09	3.00000000000000e-09
3.08125000000000e-07	5.56250000000000e-08	1.50000000000000e-09	1.25000000000000e-09	1.25000000000000e-09	3.00000000000000e-09
3.08125000000000e-07	5.68750000000000e-08	1.50000000000000e-09	1.25000000000000e-09	1.25000000000000e-09	3.00000000000000e-09
3.09375000000000e-07	5.56250000000000e-08	1.50000000000000e-09	1.25000000000000e-09	1.25000000000000e-09	3.00000000000000e-09
3.09375000000000e-07	5.68750000000000e-08	1.50000000000000e-09	1.25000000000000e-09	1.25000000000000e-09	3.00000000000000e-09
3.08125000000000e-07	5.81250000000000e-08	1.50000000000000e-09	1.25000000000000e-09	1.25000000000000e-09	3.00000000000000e-09
3.08125000000000e-07	5.93750000000000e-08	1.50000000000000e-09	1.25000000000000e-09	1.25000000000000e-09	3.00000000000000e-09
3.09375000000000e-07	5.81250000000000e-08	1.50000000000000e-09	1.25000000000000e-09	1.25000000000000e-09	3.00000000000000e-09
3.09375000000000e-07	5.93750000000000e-08	1.50000000000000e-09	1.25000000000000e-09	1.25000000000000e-09	3.00000000000000e-09
3.13750000000000e-07	5.87500000000000e-08	1.50000000000000e-09	2.50000000000000e-09	2.50000000000000e-09	3.00000000000000e-09
3.10625000000000e-07	5.56250000000000e-08	1.50000000000000e-09	1.25000000000000e-09	1.25000000000000e-09	3.00000000000000e-09
3.10625000000000e-07	5.68750000000000e-08	1.50000000000000e-09	1.25000000000000e-09	1.25000000000000e-09	3.00000000000000e-09
3.11875000000000e-07	5.56250000000000e-08	1.50000000000000e-09	1.25000000000000e-09	1.25000000000000e-09	3.00000000000000e-09
3.11875000000000e-07	5.68750000000000e-08	1.50000000000000e-09	1.25000000000000e-09	1.25000000000000e-09	3.00000000000000e-09
3.10625000000000e-07	5.81250000000000e-08	1.50000000000000e-09	1.25000000000000e-09	1.25000000000000e-09	3.00000000000000e-09
3.10625000000000e-07	5.93750000000000e-08	1.50000000000000e-09	1.25000000000000e-09	1.25000000000000e-09	3.00000000000000e-09
3.11875000000000e-07	5.81250000000000e-08	1.50000000000000e-09	1.25000000000000e-09	1.25000000000000e-09	3.00000000000000e-09
3.11875000000000e-07	5.93750000000000e-08	1.50000000000000e-09	1.25000000000000e-09	1.25000000000000e-09	3.00000000000000e-09
3.13125000000000e-07	5.56250000000000e-08	1.50000000000000e-09	1.25000000000000e-09	1.25000000000000e-09	3.00000000000000e-09
3.13125000000000e-07	5.68750000000000e-08	1.50000000000000e-09	1.25000000000000e-09	1.25000000000000e-09	3.00000000000000e-09
3.14375000000000e-07	5.56250000000000e-08	1.50000000000000e-09	1.25000000000000e-09	1.25000000000000e-09	3.00000000000000e-09
3.14375000000000e-07	5.68750000000000e-08	1.50000000000000e-09	1.25000000000000e-09	1.25000000000000e-09	3.00000000000000e-09
3.17500000000000e-07	5.75000000000000e-08	1.50000000000000e-09	5.00000000000000e-09	5.00000000000000e-09	3.00000000000000e-09
3.22500000000000e-07	5.75000000000000e-08	1.50000000000000e-09	5.00000000000000e-09	5.00000000000000e-09	3.00000000000000e-09
3.27500000000000e-07	5.75000000000000e-08	1.50000000000000e-09	5.00000000000000e-09	5.00000000000000e-09	3.00000000000000e-09
3.32500000000000e-07	5.75000000000000e-08	1.50000000000000e-09	5.00000000000000e-09	5.00000000000000e-09	3.00000000000000e-09
3.37500000000000e-07	5.75000000000000e-08	1.50000000000000e-09	5.00000000000000e-09	5.00000000000000e-09	3.00000000000000e-09
3.42500000000000e-07	5.75000000000000e-08	1.50000000000000e-09	5.00000000000000e-09	5.00000000000000e-09	3.00000000000000e-09
3.47500000000000e-07	5.75000000000000e-08	1.50000000000000e-09	5.00000000000000e-09	5.00000000000000e-09	3.00000000000000e-09
3.52500000000000e-07	5.75000000000000e-08	1.50000000000000e-09	5.00000000000000e-09	5.00000000000000e-09	3.00000000000000e-09
3.57500000000000e-07	5.75000000000000e-08	1.50000000000000e-09	5.00000000000000e-09	5.00000000000000e-09	3.00000000000000e-09
3.62500000000000e-07	5.75000000000000e-08	1.50000000000000e-09	5.00000000000000e-09	5.00000000000000e-09	3.00000000000000e-09
3.67500000000000e-07	5.75000000000000e-08	1.50000000000000e-09	5.00000000000000e-09	5.00000000000000e-09	3.00000000000000e-09
3.72500000000000e-07	5.75000000000000e-08	1.50000000000000e-09	5.00000000000000e-09	5.00000000000000e-09	3.00000000000000e-09
3.75625000000000e-07	5.56250000000000e-08	1.50000000000000e-09	1.25000000000000e-09	1.25000000000000e-09	3.00000000000000e-09
3.75625000000000e-07	5.68750000000000e-08	1.50000000000000e-09	1.25000000000000e-09	1.25000000000000e-09	3.00000000000000e-09
3.76875000000000e-07	5.56250000000000e-08	1.50000000000000e-09	1.25000000000000e-09	1.25000000000000e-09	3.00000000000000e-09
3.76875000000000e-07	5.68750000000000e-08	1.50000000000000e-09	1.25000000000000e-09	1.25000000000000e-09	3.00000000000000e-09
3.75625000000000e-07	5.81250000000000e-08	1.50000000000000e-09	1.25000000000000e-09	1.25000000000000e-09	3.00000000000000e-09
3.75625000000000e-07	5.93750000000000e-08	1.50000000000000e-09	1.25000000000000e-09	1.25000000000000e-09	3.00000000000000e-09
3.76875000000000e-07	5.81250000000000e-08	1.50000000000000e-09	1.25000000000000e-09	1.25000000000000e-09	3.00000000000000e-09
3.76875000000000e-07	5.93750000000000e-08	1.50000000000000e-09	1.25000000000000e-09	1.25000000000000e-09	3.00000000000000e-09
3.78125000000000e-07	5.56250000000000e-08	1.50000000000000e-09	1.25000000000000e-09	1.25000000000000e-09	3.00000000000000e-09
3.78125000000000e-07	5.68750000000000e-08	1.50000000000000e-09	1.25000000000000e-09	1.25000000000000e-09	3.00000000000000e-09
3.79375000000000e-07	5.56250000000000e-08	1.50000000000000e-09	1.25000000000000e-09	1.25000000000000e-09	3.00000000000000e-09
3.79375000000000e-07	5.68750000000000e-08	1.50000000000000e-09	1.25000000000000e-09	1.25000000000000e-09	3.00000000000000e-09
3.78125000000000e-07	5.81250000000000e-08	1.50000000000000e-09	1.25000000000000e-09	1.25000000000000e-09	3.00000000000000e-09
3.78125000000000e-07	5.93750000000000e-08	1.50000000000000e-09	1.25000000000000e-09	1.25000000000000e-09	3.00000000000000e-09
3.79375000000000e-07	5.81250000000000e-08	1.50000000000000e-09	1.25000000000000e-09	1.25000000000000e-09	3.00000000000000e-09
3.79375000000000e-07	5.93750000000000e-08	1.50000000000000e-09	1.25000000000000e-09	1.25000000000000e-09	3.00000000000000e-09
3.80625000000000e-07	5.56250000000000e-08	1.50000000000000e-09	1.25000000000000e-09	1.25000000000000e-09	3.00000000000000e-09
3.80625000000000e-07	5.68750000000000e-08	1.50000000000000e-09	1.25000000000000e-09	1.25000000000000e-09	3.00000000000000e-09
3.81875000000000e-07	5.56250000000000e-08	1.50000000000000e-09	1.25000000000000e-09	1.25000000000000e-09	3.00000000000000e-09
3.81875000000000e-07	5.68750000000000e-08	1.50000000000000e-09	1.25000000000000e-09	1.25000000000000e-09	3.00000000000000e-09
3.80625000000000e-07	5.81250000000000e-08	1.50000000000000e-09	1.25000000000000e-09	1.25000000000000e-09	3.00000000000000e-09
3.80625000000000e-07	5.93750000000000e-08	1.50000000000000e-09	1.25000000000000e-09	1.25000000000000e-09	3.00000000000000e-09
3.81875000000000e-07	5.81250000000000e-08	1.50000000000000e-09	1.25000000000000e-09	1.25000000000000e-09	3.00000000000000e-09
3.81875000000000e-07	5.93750000000000e-08	1.50000000000000e-09	1.25000000000000e-09	1.25000000000000e-09	3.00000000000000e-09
3.83125000000000e-07	5.56250000000000e-08	1.50000000000000e-09	1.25000000000000e-09	1.25000000000000e-09	3.00000000000000e-09
3.83125000000000e-07	5.68750000000000e-08	1.50000000000000e-09	1.25000000000000e-09	1.25000000000000e-09	3.00000000000000e-09
3.84375000000000e-07	5.56250000000000e-08	1.50000000000000e-09	1.25000000000000e-09	1.25000000000000e-09	3.00000000000000e-09
3.84375000000000e-07	5.68750000000000e-08	1.50000000000000e-09	1.25000000000000e-09	1.25000000000000e-09	3.00000000000000e-09
3.83125000000000e-07	5.81250000000000e-08	1.50000000000000e-09	1.25000000000000e-09	1.25000000000000e-09	3.00000000000000e-09
3.83125000000000e-07	5.93750000000000e-08	1.50000000000000e-09	1.25000000000000e-09	1.25000000000000e-09	3.00000000000000e-09
3.84375000000000e-07	5.81250000000000e-08	1.50000000000000e-09	1.25000000000000e-09	1.25000000000000e-09	3.00000000000000e-09
3.84375000000000e-07	5.93750000000000e-08	1.50000000000000e-09	1.25000000000000e-09	1.25000000000000e-09	3.00000000000000e-09
3.85625000000000e-07	5.56250000000000e-08	1.50000000000000e-09	1.25000000000000e-09	1.25000000000000e-09	3.00000000000000e-09
3.85625000000000e-07	5.68750000000000e-08	1.50000000000000e-09	1.25000000000000e-09	1.25000000000000e-09	3.00000000000000e-09
3.86875000000000e-07	5.56250000000000e-08	1.50000000000000e-09	1.25000000000000e-09	1.25000000000000e-09	3.00000000000000e-09
3.86875000000000e-07	5.68750000000000e-08	1.50000000000000e-09	1.25000000000000e-09	1.25000000000000e-09	3.00000000000000e-09
3.85625000000000e-07	5.81250000000000e-08	1.50000000000000e-09	1.25000000000000e-09	1.25000000000000e-09	3.00000000000000e-09
3.85625000000000e-07	5.93750000000000e-08	1.50000000000000e-09	1.25000000000000e-09	1.25000000000000e-09	3.00000000000000e-09
3.86875000000000e-07	5.81250000000000e-08	1.50000000000000e-09	1.25000000000000e-09	1.25000000000000e-09	3.00000000000000e-09
3.86875000000000e-07	5.93750000000000e-08	1.50000000000000e-09	1.25000000000000e-09	1.25000000000000e-09	3.00000000000000e-09
3.88125000000000e-07	5.56250000000000e-08	1.50000000000000e-09	1.25000000000000e-09	1.25000000000000e-09	3.00000000000000e-09
3.88125000000000e-07	5.68750000000000e-08	1.50000000000000e-09	1.25000000000000e-09	1.25000000000000e-09	3.00000000000000e-09
3.89375000000000e-07	5.56250000000000e-08	1.50000000000000e-09	1.25000000000000e-09	1.25000000000000e-09	3.00000000000000e-09
3.89375000000000e-07	5.68750000000000e-08	1.50000000000000e-09	1.25000000000000e-09	1.25000000000000e-09	3.00000000000000e-09
3.88125000000000e-07	5.81250000000000e-08	1.50000000000000e-09	1.25000000000000e-09	1.25000000000000e-09	3.00000000000000e-09
3.88125000000000e-07	5.93750000000000e-08	1.50000000000000e-09	1.25000000000000e-09	1.25000000000000e-09	3.00000000000000e-09
3.89375000000000e-07	5.81250000000000e-08	1.50000000000000e-09	1.25000000000000e-09	1.25000000000000e-09	3.00000000000000e-09
3.89375000000000e-07	5.93750000000000e-08	1.50000000000000e-09	1.25000000000000e-09	1.25000000000000e-09	3.00000000000000e-09
3.91250000000000e-07	5.62500000000000e-08	1.50000000000000e-09	2.50000000000000e-09	2.50000000000000e-09	3.00000000000000e-09
3.93750000000000e-07	5.62500000000000e-08	1.50000000000000e-09	2.50000000000000e-09	2.50000000000000e-09	3.00000000000000e-09
3.93750000000000e-07	5.87500000000000e-08	1.50000000000000e-09	2.50000000000000e-09	2.50000000000000e-09	3.00000000000000e-09
3.90625000000000e-07	5.81250000000000e-08	1.50000000000000e-09	1.25000000000000e-09	1.25000000000000e-09	3.00000000000000e-09
3.90625000000000e-07	5.93750000000000e-08	1.50000000000000e-09	1.25000000000000e-09	1.25000000000000e-09	3.00000000000000e-09
3.91875000000000e-07	5.81250000000000e-08	1.50000000000000e-09	1.25000000000000e-09	1.25000000000000e-09	3.00000000000000e-09
3.91875000000000e-07	5.93750000000000e-08	1.50000000000000e-09	1.25000000000000e-09	1.25000000000000e-09	3.00000000000000e-09
3.97500000000000e-07	5.75000000000000e-08	1.50000000000000e-09	5.00000000000000e-09	5.00000000000000e-09	3.00000000000000e-09
4.02500000000000e-07	5.75000000000000e-08	1.50000000000000e-09	5.00000000000000e-09	5.00000000000000e-09	3.00000000000000e-09
4.07500000000000e-07	5.75000000000000e-08	1.50000000000000e-09	5.00000000000000e-09	5.00000000000000e-09	3.00000000000000e-09
4.12500000000000e-07	5.75000000000000e-08	1.50000000000000e-09	5.00000000000000e-09	5.00000000000000e-09	3.00000000000000e-09
4.16250000000000e-07	5.62500000000000e-08	1.50000000000000e-09	2.50000000000000e-09	2.50000000000000e-09	3.00000000000000e-09
4.16250000000000e-07	5.87500000000000e-08	1.50000000000000e-09	2.50000000000000e-09	2.50000000000000e-09	3.00000000000000e-09
4.18750000000000e-07	5.62500000000000e-08	1.50000000000000e-09	2.50000000000000e-09	2.50000000000000e-09	3.00000000000000e-09
4.18125000000000e-07	5.81250000000000e-08	1.50000000000000e-09	1.25000000000000e-09	1.25000000000000e-09	3.00000000000000e-09
4.18125000000000e-07	5.93750000000000e-08	1.50000000000000e-09	1.25000000000000e-09	1.25000000000000e-09	3.00000000000000e-09
4.19375000000000e-07	5.81250000000000e-08	1.50000000000000e-09	1.25000000000000e-09	1.25000000000000e-09	3.00000000000000e-09
4.19375000000000e-07	5.93750000000000e-08	1.50000000000000e-09	1.25000000000000e-09	1.25000000000000e-09	3.00000000000000e-09
4.20625000000000e-07	5.56250000000000e-08	1.50000000000000e-09	1.25000000000000e-09	1.25000000000000e-09	3.00000000000000e-09
4.20625000000000e-07	5.68750000000000e-08	1.50000000000000e-09	1.25000000000000e-09	1.25000000000000e-09	3.00000000000000e-09
4.21875000000000e-07	5.56250000000000e-08	1.50000000000000e-09	1.25000000000000e-09	1.25000000000000e-09	3.00000000000000e-09
4.21875000000000e-07	5.68750000000000e-08	1.50000000000000e-09	1.25000000000000e-09	1.25000000000000e-09	3.00000000000000e-09
4.20625000000000e-07	5.81250000000000e-08	1.50000000000000e-09	1.25000000000000e-09	1.25000000000000e-09	3.00000000000000e-09
4.20625000000000e-07	5.93750000000000e-08	1.50000000000000e-09	1.25000000000000e-09	1.25000000000000e-09	3.00000000000000e-09
4.21875000000000e-07	5.81250000000000e-08	1.50000000000000e-09	1.25000000000000e-09	1.25000000000000e-09	3.00000000000000e-09
4.21875000000000e-07	5.93750000000000e-08	1.50000000000000e-09	1.25000000000000e-09	1.25000000000000e-09	3.00000000000000e-09
4.23125000000000e-07	5.56250000000000e-08	1.50000000000000e-09	1.25000000000000e-09	1.25000000000000e-09	3.00000000000000e-09
4.23125000000000e-07	5.68750000000000e-08	1.50000000000000e-09	1.25000000000000e-09	1.25000000000000e-09	3.00000000000000e-09
4.24375000000000e-07	5.56250000000000e-08	1.50000000000000e-09	1.25000000000000e-09	1.25000000000000e-09	3.00000000000000e-09
4.24375000000000e-07	5.68750000000000e-08	1.50000000000000e-09	1.25000000000000e-09	1.25000000000000e-09	3.00000000000000e-09
4.23125000000000e-07	5.81250000000000e-08	1.50000000000000e-09	1.25000000000000e-09	1.25000000000000e-09	3.00000000000000e-09
4.23125000000000e-07	5.93750000000000e-08	1.50000000000000e-09	1.25000000000000e-09	1.25000000000000e-09	3.00000000000000e-09
4.24375000000000e-07	5.81250000000000e-08	1.50000000000000e-09	1.25000000000000e-09	1.25000000000000e-09	3.00000000000000e-09
4.24375000000000e-07	5.93750000000000e-08	1.50000000000000e-09	1.25000000000000e-09	1.25000000000000e-09	3.00000000000000e-09
4.25625000000000e-07	5.56250000000000e-08	1.50000000000000e-09	1.25000000000000e-09	1.25000000000000e-09	3.00000000000000e-09
4.25625000000000e-07	5.68750000000000e-08	1.50000000000000e-09	1.25000000000000e-09	1.25000000000000e-09	3.00000000000000e-09
4.26875000000000e-07	5.56250000000000e-08	1.50000000000000e-09	1.25000000000000e-09	1.25000000000000e-09	3.00000000000000e-09
4.26875000000000e-07	5.68750000000000e-08	1.50000000000000e-09	1.25000000000000e-09	1.25000000000000e-09	3.00000000000000e-09
4.25625000000000e-07	5.81250000000000e-08	1.50000000000000e-09	1.25000000000000e-09	1.25000000000000e-09	3.00000000000000e-09
4.25625000000000e-07	5.93750000000000e-08	1.50000000000000e-09	1.25000000000000e-09	1.25000000000000e-09	3.00000000000000e-09
4.26875000000000e-07	5.81250000000000e-08	1.50000000000000e-09	1.25000000000000e-09	1.25000000000000e-09	3.00000000000000e-09
4.26875000000000e-07	5.93750000000000e-08	1.50000000000000e-09	1.25000000000000e-09	1.25000000000000e-09	3.00000000000000e-09
4.28125000000000e-07	5.56250000000000e-08	1.50000000000000e-09	1.25000000000000e-09	1.25000000000000e-09	3.00000000000000e-09
4.28125000000000e-07	5.68750000000000e-08	1.50000000000000e-09	1.25000000000000e-09	1.25000000000000e-09	3.00000000000000e-09
4.29375000000000e-07	5.56250000000000e-08	1.50000000000000e-09	1.25000000000000e-09	1.25000000000000e-09	3.00000000000000e-09
4.29375000000000e-07	5.68750000000000e-08	1.50000000000000e-09	1.25000000000000e-09	1.25000000000000e-09	3.00000000000000e-09
4.28125000000000e-07	5.81250000000000e-08	1.50000000000000e-09	1.25000000000000e-09	1.25000000000000e-09	3.00000000000000e-09
4.28125000000000e-07	5.93750000000000e-08	1.50000000000000e-09	1.25000000000000e-09	1.25000000000000e-09	3.00000000000000e-09
4.29375000000000e-07	5.81250000000000e-08	1.50000000000000e-09	1.25000000000000e-09	1.25000000000000e-09	3.00000000000000e-09
4.29375000000000e-07	5.93750000000000e-08	1.50000000000000e-09	1.25000000000000e-09	1.25000000000000e-09	3.00000000000000e-09
4.33750000000000e-07	5.87500000000000e-08	1.50000000000000e-09	2.50000000000000e-09	2.50000000000000e-09	3.00000000000000e-09
4.30625000000000e-07	5.56250000000000e-08	1.50000000000000e-09	1.25000000000000e-09	1.25000000000000e-09	3.00000000000000e-09
4.30625000000000e-07	5.68750000000000e-08	1.50000000000000e-09	1.25000000000000e-09	1.25000000000000e-09	3.00000000000000e-09
4.31875000000000e-07	5.56250000000000e-08	1.50000000000000e-09	1.25000000000000e-09	1.25000000000000e-09	3.00000000000000e-09
4.31875000000000e-07	5.68750000000000e-08	1.50000000000000e-09	1.25000000000000e-09	1.25000000000000e-09	3.00000000000000e-09
4.30625000000000e-07	5.81250000000000e-08	1.50000000000000e-09	1.25000000000000e-09	1.25000000000000e-09	3.00000000000000e-09
4.30625000000000e-07	5.93750000000000e-08	1.50000000000000e-09	1.25000000000000e-09	1.25000000000000e-09	3.00000000000000e-09
4.31875000000000e-07	5.81250000000000e-08	1.50000000000000e-09	1.25000000000000e-09	1.25000000000000e-09	3.00000000000000e-09
4.31875000000000e-07	5.93750000000000e-08	1.50000000000000e-09	1.25000000000000e-09	1.25000000000000e-09	3.00000000000000e-09
4.33125000000000e-07	5.56250000000000e-08	1.50000000000000e-09	1.25000000000000e-09	1.25000000000000e-09	3.00000000000000e-09
4.33125000000000e-07	5.68750000000000e-08	1.50000000000000e-09	1.25000000000000e-09	1.25000000000000e-09	3.00000000000000e-09
4.34375000000000e-07	5.56250000000000e-08	1.50000000000000e-09	1.25000000000000e-09	1.25000000000000e-09	3.00000000000000e-09
4.34375000000000e-07	5.68750000000000e-08	1.50000000000000e-09	1.25000000000000e-09	1.25000000000000e-09	3.00000000000000e-09
4.37500000000000e-07	5.75000000000000e-08	1.50000000000000e-09	5.00000000000000e-09	5.00000000000000e-09	3.00000000000000e-09
4.42500000000000e-07	5.75000000000000e-08	1.50000000000000e-09	5.00000000000000e-09	5.00000000000000e-09	3.00000000000000e-09
4.47500000000000e-07	5.75000000000000e-08	1.50000000000000e-09	5.00000000000000e-09	5.00000000000000e-09	3.00000000000000e-09
4.52500000000000e-07	5.75000000000000e-08	1.50000000000000e-09	5.00000000000000e-09	5.00000000000000e-09	3.00000000000000e-09
4.57500000000000e-07	5.75000000000000e-08	1.50000000000000e-09	5.00000000000000e-09	5.00000000000000e-09	3.00000000000000e-09
4.62500000000000e-07	5.75000000000000e-08	1.50000000000000e-09	5.00000000000000e-09	5.00000000000000e-09	3.00000000000000e-09
4.67500000000000e-07	5.75000000000000e-08	1.50000000000000e-09	5.00000000000000e-09	5.00000000000000e-09	3.00000000000000e-09
4.72500000000000e-07	5.75000000000000e-08	1.50000000000000e-09	5.00000000000000e-09	5.00000000000000e-09	3.00000000000000e-09
4.77500000000000e-07	5.75000000000000e-08	1.50000000000000e-09	5.00000000000000e-09	5.00000000000000e-09	3.00000000000000e-09
4.82500000000000e-07	5.75000000000000e-08	1.50000000000000e-09	5.00000000000000e-09	5.00000000000000e-09	3.00000000000000e-09
4.87500000000000e-07	5.75000000000000e-08	1.50000000000000e-09	5.00000000000000e-09	5.00000000000000e-09	3.00000000000000e-09
4.92500000000000e-07	5.75000000000000e-08	1.50000000000000e-09	5.00000000000000e-09	5.00000000000000e-09	3.00000000000000e-09
4.97500000000000e-07	5.75000000000000e-08	1.50000000000000e-09	5.00000000000000e-09	5.00000000000000e-09	3.00000000000000e-09
2.50000000000000e-09	6.25000000000000e-08	1.50000000000000e-09	5.00000000000000e-09	5.00000000000000e-09	3.00000000000000e-09
7.50000000000000e-09	6.25000000000000e-08	1.50000000000000e-09	5.00000000000000e-09	5.00000000000000e-09	3.00000000000000e-09
1.25000000000000e-08	6.25000000000000e-08	1.50000000000000e-09	5.00000000000000e-09	5.00000000000000e-09	3.00000000000000e-09
1.75000000000000e-08	6.25000000000000e-08	1.50000000000000e-09	5.00000000000000e-09	5.00000000000000e-09	3.00000000000000e-09
2.25000000000000e-08	6.25000000000000e-08	1.50000000000000e-09	5.00000000000000e-09	5.00000000000000e-09	3.00000000000000e-09
2.75000000000000e-08	6.25000000000000e-08	1.50000000000000e-09	5.00000000000000e-09	5.00000000000000e-09	3.00000000000000e-09
3.25000000000000e-08	6.25000000000000e-08	1.50000000000000e-09	5.00000000000000e-09	5.00000000000000e-09	3.00000000000000e-09
3.75000000000000e-08	6.25000000000000e-08	1.50000000000000e-09	5.00000000000000e-09	5.00000000000000e-09	3.00000000000000e-09
4.25000000000000e-08	6.25000000000000e-08	1.50000000000000e-09	5.00000000000000e-09	5.00000000000000e-09	3.00000000000000e-09
4.75000000000000e-08	6.25000000000000e-08	1.50000000000000e-09	5.00000000000000e-09	5.00000000000000e-09	3.00000000000000e-09
5.25000000000000e-08	6.25000000000000e-08	1.50000000000000e-09	5.00000000000000e-09	5.00000000000000e-09	3.00000000000000e-09
5.75000000000000e-08	6.25000000000000e-08	1.50000000000000e-09	5.00000000000000e-09	5.00000000000000e-09	3.00000000000000e-09
6.25000000000000e-08	6.25000000000000e-08	1.50000000000000e-09	5.00000000000000e-09	5.00000000000000e-09	3.00000000000000e-09
6.75000000000000e-08	6.25000000000000e-08	1.50000000000000e-09	5.00000000000000e-09	5.00000000000000e-09	3.00000000000000e-09
7.25000000000000e-08	6.25000000000000e-08	1.50000000000000e-09	5.00000000000000e-09	5.00000000000000e-09	3.00000000000000e-09
7.75000000000000e-08	6.25000000000000e-08	1.50000000000000e-09	5.00000000000000e-09	5.00000000000000e-09	3.00000000000000e-09
8.25000000000000e-08	6.25000000000000e-08	1.50000000000000e-09	5.00000000000000e-09	5.00000000000000e-09	3.00000000000000e-09
8.75000000000000e-08	6.25000000000000e-08	1.50000000000000e-09	5.00000000000000e-09	5.00000000000000e-09	3.00000000000000e-09
9.25000000000000e-08	6.25000000000000e-08	1.50000000000000e-09	5.00000000000000e-09	5.00000000000000e-09	3.00000000000000e-09
9.75000000000000e-08	6.25000000000000e-08	1.50000000000000e-09	5.00000000000000e-09	5.00000000000000e-09	3.00000000000000e-09
1.02500000000000e-07	6.25000000000000e-08	1.50000000000000e-09	5.00000000000000e-09	5.00000000000000e-09	3.00000000000000e-09
1.07500000000000e-07	6.25000000000000e-08	1.50000000000000e-09	5.00000000000000e-09	5.00000000000000e-09	3.00000000000000e-09
1.10625000000000e-07	6.06250000000000e-08	1.50000000000000e-09	1.25000000000000e-09	1.25000000000000e-09	3.00000000000000e-09
1.10625000000000e-07	6.18750000000000e-08	1.50000000000000e-09	1.25000000000000e-09	1.25000000000000e-09	3.00000000000000e-09
1.11875000000000e-07	6.06250000000000e-08	1.50000000000000e-09	1.25000000000000e-09	1.25000000000000e-09	3.00000000000000e-09
1.11875000000000e-07	6.18750000000000e-08	1.50000000000000e-09	1.25000000000000e-09	1.25000000000000e-09	3.00000000000000e-09
1.10625000000000e-07	6.31250000000000e-08	1.50000000000000e-09	1.25000000000000e-09	1.25000000000000e-09	3.00000000000000e-09
1.10625000000000e-07	6.43750000000000e-08	1.50000000000000e-09	1.25000000000000e-09	1.25000000000000e-09	3.00000000000000e-09
1.11875000000000e-07	6.31250000000000e-08	1.50000000000000e-09	1.25000000000000e-09	1.25000000000000e-09	3.00000000000000e-09
1.11875000000000e-07	6.43750000000000e-08	1.50000000000000e-09	1.25000000000000e-09	1.25000000000000e-09	3.00000000000000e-09
1.13125000000000e-07	6.06250000000000e-08	1.50000000000000e-09	1.25000000000000e-09	1.25000000000000e-09	3.00000000000000e-09
1.13125000000000e-07	6.18750000000000e-08	1.50000000000000e-09	1.25000000000000e-09	1.25000000000000e-09	3.00000000000000e-09
1.14375000000000e-07	6.06250000000000e-08	1.50000000000000e-09	1.25000000000000e-09	1.25000000000000e-09	3.00000000000000e-09
1.14375000000000e-07	6.18750000000000e-08	1.50000000000000e-09	1.25000000000000e-09	1.25000000000000e-09	3.00000000000000e-09
1.13125000000000e-07	6.31250000000000e-08	1.50000000000000e-09	1.25000000000000e-09	1.25000000000000e-09	3.00000000000000e-09
1.13125000000000e-07	6.43750000000000e-08	1.50000000000000e-09	1.25000000000000e-09	1.25000000000000e-09	3.00000000000000e-09
1.14375000000000e-07	6.31250000000000e-08	1.50000000000000e-09	1.25000000000000e-09	1.25000000000000e-09	3.00000000000000e-09
1.14375000000000e-07	6.43750000000000e-08	1.50000000000000e-09	1.25000000000000e-09	1.25000000000000e-09	3.00000000000000e-09
1.15625000000000e-07	6.06250000000000e-08	1.50000000000000e-09	1.25000000000000e-09	1.25000000000000e-09	3.00000000000000e-09
1.15625000000000e-07	6.18750000000000e-08	1.50000000000000e-09	1.25000000000000e-09	1.25000000000000e-09	3.00000000000000e-09
1.16875000000000e-07	6.06250000000000e-08	1.50000000000000e-09	1.25000000000000e-09	1.25000000000000e-09	3.00000000000000e-09
1.16875000000000e-07	6.18750000000000e-08	1.50000000000000e-09	1.25000000000000e-09	1.25000000000000e-09	3.00000000000000e-09
1.15625000000000e-07	6.31250000000000e-08	1.50000000000000e-09	1.25000000000000e-09	1.25000000000000e-09	3.00000000000000e-09
1.15625000000000e-07	6.43750000000000e-08	1.50000000000000e-09	1.25000000000000e-09	1.25000000000000e-09	3.00000000000000e-09
1.16875000000000e-07	6.31250000000000e-08	1.50000000000000e-09	1.25000000000000e-09	1.25000000000000e-09	3.00000000000000e-09
1.16875000000000e-07	6.43750000000000e-08	1.50000000000000e-09	1.25000000000000e-09	1.25000000000000e-09	3.00000000000000e-09
1.18125000000000e-07	6.06250000000000e-08	1.50000000000000e-09	1.25000000000000e-09	1.25000000000000e-09	3.00000000000000e-09
1.18125000000000e-07	6.18750000000000e-08	1.50000000000000e-09	1.25000000000000e-09	1.25000000000000e-09	3.00000000000000e-09
1.19375000000000e-07	6.06250000000000e-08	1.50000000000000e-09	1.25000000000000e-09	1.25000000000000e-09	3.00000000000000e-09
1.19375000000000e-07	6.18750000000000e-08	1.50000000000000e-09	1.25000000000000e-09	1.25000000000000e-09	3.00000000000000e-09
1.18125000000000e-07	6.31250000000000e-08	1.50000000000000e-09	1.25000000000000e-09	1.25000000000000e-09	3.00000000000000e-09
1.18125000000000e-07	6.43750000000000e-08	1.50000000000000e-09	1.25000000000000e-09	1.25000000000000e-09	3.00000000000000e-09
1.19375000000000e-07	6.31250000000000e-08	1.50000000000000e-09	1.25000000000000e-09	1.25000000000000e-09	3.00000000000000e-09
1.19375000000000e-07	6.43750000000000e-08	1.50000000000000e-09	1.25000000000000e-09	1.25000000000000e-09	3.00000000000000e-09
1.23750000000000e-07	6.12500000000000e-08	1.50000000000000e-09	2.50000000000000e-09	2.50000000000000e-09	3.00000000000000e-09
1.23750000000000e-07	6.37500000000000e-08	1.50000000000000e-09	2.50000000000000e-09	2.50000000000000e-09	3.00000000000000e-09
1.20625000000000e-07	6.06250000000000e-08	1.50000000000000e-09	1.25000000000000e-09	1.25000000000000e-09	3.00000000000000e-09
1.20625000000000e-07	6.18750000000000e-08	1.50000000000000e-09	1.25000000000000e-09	1.25000000000000e-09	3.00000000000000e-09
1.21875000000000e-07	6.06250000000000e-08	1.50000000000000e-09	1.25000000000000e-09	1.25000000000000e-09	3.00000000000000e-09
1.21875000000000e-07	6.18750000000000e-08	1.50000000000000e-09	1.25000000000000e-09	1.25000000000000e-09	3.00000000000000e-09
1.20625000000000e-07	6.31250000000000e-08	1.50000000000000e-09	1.25000000000000e-09	1.25000000000000e-09	3.00000000000000e-09
1.20625000000000e-07	6.43750000000000e-08	1.50000000000000e-09	1.25000000000000e-09	1.25000000000000e-09	3.00000000000000e-09
1.21875000000000e-07	6.31250000000000e-08	1.50000000000000e-09	1.25000000000000e-09	1.25000000000000e-09	3.00000000000000e-09
1.21875000000000e-07	6.43750000000000e-08	1.50000000000000e-09	1.25000000000000e-09	1.25000000000000e-09	3.00000000000000e-09
1.27500000000000e-07	6.25000000000000e-08	1.50000000000000e-09	5.00000000000000e-09	5.00000000000000e-09	3.00000000000000e-09
1.32500000000000e-07	6.25000000000000e-08	1.50000000000000e-09	5.00000000000000e-09	5.00000000000000e-09	3.00000000000000e-09
1.37500000000000e-07	6.25000000000000e-08	1.50000000000000e-09	5.00000000000000e-09	5.00000000000000e-09	3.00000000000000e-09
1.42500000000000e-07	6.25000000000000e-08	1.50000000000000e-09	5.00000000000000e-09	5.00000000000000e-09	3.00000000000000e-09
1.47500000000000e-07	6.25000000000000e-08	1.50000000000000e-09	5.00000000000000e-09	5.00000000000000e-09	3.00000000000000e-09
1.52500000000000e-07	6.25000000000000e-08	1.50000000000000e-09	5.00000000000000e-09	5.00000000000000e-09	3.00000000000000e-09
1.57500000000000e-07	6.25000000000000e-08	1.50000000000000e-09	5.00000000000000e-09	5.00000000000000e-09	3.00000000000000e-09
1.62500000000000e-07	6.25000000000000e-08	1.50000000000000e-09	5.00000000000000e-09	5.00000000000000e-09	3.00000000000000e-09
1.67500000000000e-07	6.25000000000000e-08	1.50000000000000e-09	5.00000000000000e-09	5.00000000000000e-09	3.00000000000000e-09
1.72500000000000e-07	6.25000000000000e-08	1.50000000000000e-09	5.00000000000000e-09	5.00000000000000e-09	3.00000000000000e-09
1.77500000000000e-07	6.25000000000000e-08	1.50000000000000e-09	5.00000000000000e-09	5.00000000000000e-09	3.00000000000000e-09
1.82500000000000e-07	6.25000000000000e-08	1.50000000000000e-09	5.00000000000000e-09	5.00000000000000e-09	3.00000000000000e-09
1.87500000000000e-07	6.25000000000000e-08	1.50000000000000e-09	5.00000000000000e-09	5.00000000000000e-09	3.00000000000000e-09
1.92500000000000e-07	6.25000000000000e-08	1.50000000000000e-09	5.00000000000000e-09	5.00000000000000e-09	3.00000000000000e-09
1.97500000000000e-07	6.25000000000000e-08	1.50000000000000e-09	5.00000000000000e-09	5.00000000000000e-09	3.00000000000000e-09
2.02500000000000e-07	6.25000000000000e-08	1.50000000000000e-09	5.00000000000000e-09	5.00000000000000e-09	3.00000000000000e-09
2.07500000000000e-07	6.25000000000000e-08	1.50000000000000e-09	5.00000000000000e-09	5.00000000000000e-09	3.00000000000000e-09
2.11250000000000e-07	6.12500000000000e-08	1.50000000000000e-09	2.50000000000000e-09	2.50000000000000e-09	3.00000000000000e-09
2.11250000000000e-07	6.37500000000000e-08	1.50000000000000e-09	2.50000000000000e-09	2.50000000000000e-09	3.00000000000000e-09
2.13125000000000e-07	6.06250000000000e-08	1.50000000000000e-09	1.25000000000000e-09	1.25000000000000e-09	3.00000000000000e-09
2.13125000000000e-07	6.18750000000000e-08	1.50000000000000e-09	1.25000000000000e-09	1.25000000000000e-09	3.00000000000000e-09
2.14375000000000e-07	6.06250000000000e-08	1.50000000000000e-09	1.25000000000000e-09	1.25000000000000e-09	3.00000000000000e-09
2.14375000000000e-07	6.18750000000000e-08	1.50000000000000e-09	1.25000000000000e-09	1.25000000000000e-09	3.00000000000000e-09
2.13125000000000e-07	6.31250000000000e-08	1.50000000000000e-09	1.25000000000000e-09	1.25000000000000e-09	3.00000000000000e-09
2.13125000000000e-07	6.43750000000000e-08	1.50000000000000e-09	1.25000000000000e-09	1.25000000000000e-09	3.00000000000000e-09
2.14375000000000e-07	6.31250000000000e-08	1.50000000000000e-09	1.25000000000000e-09	1.25000000000000e-09	3.00000000000000e-09
2.14375000000000e-07	6.43750000000000e-08	1.50000000000000e-09	1.25000000000000e-09	1.25000000000000e-09	3.00000000000000e-09
2.15625000000000e-07	6.06250000000000e-08	1.50000000000000e-09	1.25000000000000e-09	1.25000000000000e-09	3.00000000000000e-09
2.15625000000000e-07	6.18750000000000e-08	1.50000000000000e-09	1.25000000000000e-09	1.25000000000000e-09	3.00000000000000e-09
2.16875000000000e-07	6.06250000000000e-08	1.50000000000000e-09	1.25000000000000e-09	1.25000000000000e-09	3.00000000000000e-09
2.16875000000000e-07	6.18750000000000e-08	1.50000000000000e-09	1.25000000000000e-09	1.25000000000000e-09	3.00000000000000e-09
2.15625000000000e-07	6.31250000000000e-08	1.50000000000000e-09	1.25000000000000e-09	1.25000000000000e-09	3.00000000000000e-09
2.15625000000000e-07	6.43750000000000e-08	1.50000000000000e-09	1.25000000000000e-09	1.25000000000000e-09	3.00000000000000e-09
2.16875000000000e-07	6.31250000000000e-08	1.50000000000000e-09	1.25000000000000e-09	1.25000000000000e-09	3.00000000000000e-09
2.16875000000000e-07	6.43750000000000e-08	1.50000000000000e-09	1.25000000000000e-09	1.25000000000000e-09	3.00000000000000e-09
2.18125000000000e-07	6.06250000000000e-08	1.50000000000000e-09	1.25000000000000e-09	1.25000000000000e-09	3.00000000000000e-09
2.18125000000000e-07	6.18750000000000e-08	1.50000000000000e-09	1.25000000000000e-09	1.25000000000000e-09	3.00000000000000e-09
2.19375000000000e-07	6.06250000000000e-08	1.50000000000000e-09	1.25000000000000e-09	1.25000000000000e-09	3.00000000000000e-09
2.19375000000000e-07	6.18750000000000e-08	1.50000000000000e-09	1.25000000000000e-09	1.25000000000000e-09	3.00000000000000e-09
2.18125000000000e-07	6.31250000000000e-08	1.50000000000000e-09	1.25000000000000e-09	1.25000000000000e-09	3.00000000000000e-09
2.18125000000000e-07	6.43750000000000e-08	1.50000000000000e-09	1.25000000000000e-09	1.25000000000000e-09	3.00000000000000e-09
2.19375000000000e-07	6.31250000000000e-08	1.50000000000000e-09	1.25000000000000e-09	1.25000000000000e-09	3.00000000000000e-09
2.19375000000000e-07	6.43750000000000e-08	1.50000000000000e-09	1.25000000000000e-09	1.25000000000000e-09	3.00000000000000e-09
2.20625000000000e-07	6.06250000000000e-08	1.50000000000000e-09	1.25000000000000e-09	1.25000000000000e-09	3.00000000000000e-09
2.20625000000000e-07	6.18750000000000e-08	1.50000000000000e-09	1.25000000000000e-09	1.25000000000000e-09	3.00000000000000e-09
2.21875000000000e-07	6.06250000000000e-08	1.50000000000000e-09	1.25000000000000e-09	1.25000000000000e-09	3.00000000000000e-09
2.21875000000000e-07	6.18750000000000e-08	1.50000000000000e-09	1.25000000000000e-09	1.25000000000000e-09	3.00000000000000e-09
2.20625000000000e-07	6.31250000000000e-08	1.50000000000000e-09	1.25000000000000e-09	1.25000000000000e-09	3.00000000000000e-09
2.20625000000000e-07	6.43750000000000e-08	1.50000000000000e-09	1.25000000000000e-09	1.25000000000000e-09	3.00000000000000e-09
2.21875000000000e-07	6.31250000000000e-08	1.50000000000000e-09	1.25000000000000e-09	1.25000000000000e-09	3.00000000000000e-09
2.21875000000000e-07	6.43750000000000e-08	1.50000000000000e-09	1.25000000000000e-09	1.25000000000000e-09	3.00000000000000e-09
2.23125000000000e-07	6.06250000000000e-08	1.50000000000000e-09	1.25000000000000e-09	1.25000000000000e-09	3.00000000000000e-09
2.23125000000000e-07	6.18750000000000e-08	1.50000000000000e-09	1.25000000000000e-09	1.25000000000000e-09	3.00000000000000e-09
2.24375000000000e-07	6.06250000000000e-08	1.50000000000000e-09	1.25000000000000e-09	1.25000000000000e-09	3.00000000000000e-09
2.24375000000000e-07	6.18750000000000e-08	1.50000000000000e-09	1.25000000000000e-09	1.25000000000000e-09	3.00000000000000e-09
2.23125000000000e-07	6.31250000000000e-08	1.50000000000000e-09	1.25000000000000e-09	1.25000000000000e-09	3.00000000000000e-09
2.23125000000000e-07	6.43750000000000e-08	1.50000000000000e-09	1.25000000000000e-09	1.25000000000000e-09	3.00000000000000e-09
2.24375000000000e-07	6.31250000000000e-08	1.50000000000000e-09	1.25000000000000e-09	1.25000000000000e-09	3.00000000000000e-09
2.24375000000000e-07	6.43750000000000e-08	1.50000000000000e-09	1.25000000000000e-09	1.25000000000000e-09	3.00000000000000e-09
2.27500000000000e-07	6.25000000000000e-08	1.50000000000000e-09	5.00000000000000e-09	5.00000000000000e-09	3.00000000000000e-09
2.32500000000000e-07	6.25000000000000e-08	1.50000000000000e-09	5.00000000000000e-09	5.00000000000000e-09	3.00000000000000e-09
2.37500000000000e-07	6.25000000000000e-08	1.50000000000000e-09	5.00000000000000e-09	5.00000000000000e-09	3.00000000000000e-09
2.42500000000000e-07	6.25000000000000e-08	1.50000000000000e-09	5.00000000000000e-09	5.00000000000000e-09	3.00000000000000e-09
2.47500000000000e-07	6.25000000000000e-08	1.50000000000000e-09	5.00000000000000e-09	5.00000000000000e-09	3.00000000000000e-09
2.52500000000000e-07	6.25000000000000e-08	1.50000000000000e-09	5.00000000000000e-09	5.00000000000000e-09	3.00000000000000e-09
2.57500000000000e-07	6.25000000000000e-08	1.50000000000000e-09	5.00000000000000e-09	5.00000000000000e-09	3.00000000000000e-09
2.62500000000000e-07	6.25000000000000e-08	1.50000000000000e-09	5.00000000000000e-09	5.00000000000000e-09	3.00000000000000e-09
2.67500000000000e-07	6.25000000000000e-08	1.50000000000000e-09	5.00000000000000e-09	5.00000000000000e-09	3.00000000000000e-09
2.72500000000000e-07	6.25000000000000e-08	1.50000000000000e-09	5.00000000000000e-09	5.00000000000000e-09	3.00000000000000e-09
2.77500000000000e-07	6.25000000000000e-08	1.50000000000000e-09	5.00000000000000e-09	5.00000000000000e-09	3.00000000000000e-09
2.82500000000000e-07	6.25000000000000e-08	1.50000000000000e-09	5.00000000000000e-09	5.00000000000000e-09	3.00000000000000e-09
2.87500000000000e-07	6.25000000000000e-08	1.50000000000000e-09	5.00000000000000e-09	5.00000000000000e-09	3.00000000000000e-09
2.92500000000000e-07	6.25000000000000e-08	1.50000000000000e-09	5.00000000000000e-09	5.00000000000000e-09	3.00000000000000e-09
2.97500000000000e-07	6.25000000000000e-08	1.50000000000000e-09	5.00000000000000e-09	5.00000000000000e-09	3.00000000000000e-09
3.01250000000000e-07	6.12500000000000e-08	1.50000000000000e-09	2.50000000000000e-09	2.50000000000000e-09	3.00000000000000e-09
3.01250000000000e-07	6.37500000000000e-08	1.50000000000000e-09	2.50000000000000e-09	2.50000000000000e-09	3.00000000000000e-09
3.03125000000000e-07	6.06250000000000e-08	1.50000000000000e-09	1.25000000000000e-09	1.25000000000000e-09	3.00000000000000e-09
3.03125000000000e-07	6.18750000000000e-08	1.50000000000000e-09	1.25000000000000e-09	1.25000000000000e-09	3.00000000000000e-09
3.04375000000000e-07	6.06250000000000e-08	1.50000000000000e-09	1.25000000000000e-09	1.25000000000000e-09	3.00000000000000e-09
3.04375000000000e-07	6.18750000000000e-08	1.50000000000000e-09	1.25000000000000e-09	1.25000000000000e-09	3.00000000000000e-09
3.03125000000000e-07	6.31250000000000e-08	1.50000000000000e-09	1.25000000000000e-09	1.25000000000000e-09	3.00000000000000e-09
3.03125000000000e-07	6.43750000000000e-08	1.50000000000000e-09	1.25000000000000e-09	1.25000000000000e-09	3.00000000000000e-09
3.04375000000000e-07	6.31250000000000e-08	1.50000000000000e-09	1.25000000000000e-09	1.25000000000000e-09	3.00000000000000e-09
3.04375000000000e-07	6.43750000000000e-08	1.50000000000000e-09	1.25000000000000e-09	1.25000000000000e-09	3.00000000000000e-09
3.05625000000000e-07	6.06250000000000e-08	1.50000000000000e-09	1.25000000000000e-09	1.25000000000000e-09	3.00000000000000e-09
3.05625000000000e-07	6.18750000000000e-08	1.50000000000000e-09	1.25000000000000e-09	1.25000000000000e-09	3.00000000000000e-09
3.06875000000000e-07	6.06250000000000e-08	1.50000000000000e-09	1.25000000000000e-09	1.25000000000000e-09	3.00000000000000e-09
3.06875000000000e-07	6.18750000000000e-08	1.50000000000000e-09	1.25000000000000e-09	1.25000000000000e-09	3.00000000000000e-09
3.05625000000000e-07	6.31250000000000e-08	1.50000000000000e-09	1.25000000000000e-09	1.25000000000000e-09	3.00000000000000e-09
3.05625000000000e-07	6.43750000000000e-08	1.50000000000000e-09	1.25000000000000e-09	1.25000000000000e-09	3.00000000000000e-09
3.06875000000000e-07	6.31250000000000e-08	1.50000000000000e-09	1.25000000000000e-09	1.25000000000000e-09	3.00000000000000e-09
3.06875000000000e-07	6.43750000000000e-08	1.50000000000000e-09	1.25000000000000e-09	1.25000000000000e-09	3.00000000000000e-09
3.08125000000000e-07	6.06250000000000e-08	1.50000000000000e-09	1.25000000000000e-09	1.25000000000000e-09	3.00000000000000e-09
3.08125000000000e-07	6.18750000000000e-08	1.50000000000000e-09	1.25000000000000e-09	1.25000000000000e-09	3.00000000000000e-09
3.09375000000000e-07	6.06250000000000e-08	1.50000000000000e-09	1.25000000000000e-09	1.25000000000000e-09	3.00000000000000e-09
3.09375000000000e-07	6.18750000000000e-08	1.50000000000000e-09	1.25000000000000e-09	1.25000000000000e-09	3.00000000000000e-09
3.08125000000000e-07	6.31250000000000e-08	1.50000000000000e-09	1.25000000000000e-09	1.25000000000000e-09	3.00000000000000e-09
3.08125000000000e-07	6.43750000000000e-08	1.50000000000000e-09	1.25000000000000e-09	1.25000000000000e-09	3.00000000000000e-09
3.09375000000000e-07	6.31250000000000e-08	1.50000000000000e-09	1.25000000000000e-09	1.25000000000000e-09	3.00000000000000e-09
3.09375000000000e-07	6.43750000000000e-08	1.50000000000000e-09	1.25000000000000e-09	1.25000000000000e-09	3.00000000000000e-09
3.13750000000000e-07	6.12500000000000e-08	1.50000000000000e-09	2.50000000000000e-09	2.50000000000000e-09	3.00000000000000e-09
3.13750000000000e-07	6.37500000000000e-08	1.50000000000000e-09	2.50000000000000e-09	2.50000000000000e-09	3.00000000000000e-09
3.10625000000000e-07	6.06250000000000e-08	1.50000000000000e-09	1.25000000000000e-09	1.25000000000000e-09	3.00000000000000e-09
3.10625000000000e-07	6.18750000000000e-08	1.50000000000000e-09	1.25000000000000e-09	1.25000000000000e-09	3.00000000000000e-09
3.11875000000000e-07	6.06250000000000e-08	1.50000000000000e-09	1.25000000000000e-09	1.25000000000000e-09	3.00000000000000e-09
3.11875000000000e-07	6.18750000000000e-08	1.50000000000000e-09	1.25000000000000e-09	1.25000000000000e-09	3.00000000000000e-09
3.10625000000000e-07	6.31250000000000e-08	1.50000000000000e-09	1.25000000000000e-09	1.25000000000000e-09	3.00000000000000e-09
3.10625000000000e-07	6.43750000000000e-08	1.50000000000000e-09	1.25000000000000e-09	1.25000000000000e-09	3.00000000000000e-09
3.11875000000000e-07	6.31250000000000e-08	1.50000000000000e-09	1.25000000000000e-09	1.25000000000000e-09	3.00000000000000e-09
3.11875000000000e-07	6.43750000000000e-08	1.50000000000000e-09	1.25000000000000e-09	1.25000000000000e-09	3.00000000000000e-09
3.17500000000000e-07	6.25000000000000e-08	1.50000000000000e-09	5.00000000000000e-09	5.00000000000000e-09	3.00000000000000e-09
3.22500000000000e-07	6.25000000000000e-08	1.50000000000000e-09	5.00000000000000e-09	5.00000000000000e-09	3.00000000000000e-09
3.27500000000000e-07	6.25000000000000e-08	1.50000000000000e-09	5.00000000000000e-09	5.00000000000000e-09	3.00000000000000e-09
3.32500000000000e-07	6.25000000000000e-08	1.50000000000000e-09	5.00000000000000e-09	5.00000000000000e-09	3.00000000000000e-09
3.37500000000000e-07	6.25000000000000e-08	1.50000000000000e-09	5.00000000000000e-09	5.00000000000000e-09	3.00000000000000e-09
3.42500000000000e-07	6.25000000000000e-08	1.50000000000000e-09	5.00000000000000e-09	5.00000000000000e-09	3.00000000000000e-09
3.47500000000000e-07	6.25000000000000e-08	1.50000000000000e-09	5.00000000000000e-09	5.00000000000000e-09	3.00000000000000e-09
3.52500000000000e-07	6.25000000000000e-08	1.50000000000000e-09	5.00000000000000e-09	5.00000000000000e-09	3.00000000000000e-09
3.57500000000000e-07	6.25000000000000e-08	1.50000000000000e-09	5.00000000000000e-09	5.00000000000000e-09	3.00000000000000e-09
3.62500000000000e-07	6.25000000000000e-08	1.50000000000000e-09	5.00000000000000e-09	5.00000000000000e-09	3.00000000000000e-09
3.67500000000000e-07	6.25000000000000e-08	1.50000000000000e-09	5.00000000000000e-09	5.00000000000000e-09	3.00000000000000e-09
3.72500000000000e-07	6.25000000000000e-08	1.50000000000000e-09	5.00000000000000e-09	5.00000000000000e-09	3.00000000000000e-09
3.76250000000000e-07	6.12500000000000e-08	1.50000000000000e-09	2.50000000000000e-09	2.50000000000000e-09	3.00000000000000e-09
3.76250000000000e-07	6.37500000000000e-08	1.50000000000000e-09	2.50000000000000e-09	2.50000000000000e-09	3.00000000000000e-09
3.78750000000000e-07	6.37500000000000e-08	1.50000000000000e-09	2.50000000000000e-09	2.50000000000000e-09	3.00000000000000e-09
3.78125000000000e-07	6.06250000000000e-08	1.50000000000000e-09	1.25000000000000e-09	1.25000000000000e-09	3.00000000000000e-09
3.78125000000000e-07	6.18750000000000e-08	1.50000000000000e-09	1.25000000000000e-09	1.25000000000000e-09	3.00000000000000e-09
3.79375000000000e-07	6.06250000000000e-08	1.50000000000000e-09	1.25000000000000e-09	1.25000000000000e-09	3.00000000000000e-09
3.79375000000000e-07	6.18750000000000e-08	1.50000000000000e-09	1.25000000000000e-09	1.25000000000000e-09	3.00000000000000e-09
3.80625000000000e-07	6.06250000000000e-08	1.50000000000000e-09	1.25000000000000e-09	1.25000000000000e-09	3.00000000000000e-09
3.80625000000000e-07	6.18750000000000e-08	1.50000000000000e-09	1.25000000000000e-09	1.25000000000000e-09	3.00000000000000e-09
3.81875000000000e-07	6.06250000000000e-08	1.50000000000000e-09	1.25000000000000e-09	1.25000000000000e-09	3.00000000000000e-09
3.81875000000000e-07	6.18750000000000e-08	1.50000000000000e-09	1.25000000000000e-09	1.25000000000000e-09	3.00000000000000e-09
3.80625000000000e-07	6.31250000000000e-08	1.50000000000000e-09	1.25000000000000e-09	1.25000000000000e-09	3.00000000000000e-09
3.80625000000000e-07	6.43750000000000e-08	1.50000000000000e-09	1.25000000000000e-09	1.25000000000000e-09	3.00000000000000e-09
3.81875000000000e-07	6.31250000000000e-08	1.50000000000000e-09	1.25000000000000e-09	1.25000000000000e-09	3.00000000000000e-09
3.81875000000000e-07	6.43750000000000e-08	1.50000000000000e-09	1.25000000000000e-09	1.25000000000000e-09	3.00000000000000e-09
3.83125000000000e-07	6.06250000000000e-08	1.50000000000000e-09	1.25000000000000e-09	1.25000000000000e-09	3.00000000000000e-09
3.83125000000000e-07	6.18750000000000e-08	1.50000000000000e-09	1.25000000000000e-09	1.25000000000000e-09	3.00000000000000e-09
3.84375000000000e-07	6.06250000000000e-08	1.50000000000000e-09	1.25000000000000e-09	1.25000000000000e-09	3.00000000000000e-09
3.84375000000000e-07	6.18750000000000e-08	1.50000000000000e-09	1.25000000000000e-09	1.25000000000000e-09	3.00000000000000e-09
3.83125000000000e-07	6.31250000000000e-08	1.50000000000000e-09	1.25000000000000e-09	1.25000000000000e-09	3.00000000000000e-09
3.83125000000000e-07	6.43750000000000e-08	1.50000000000000e-09	1.25000000000000e-09	1.25000000000000e-09	3.00000000000000e-09
3.84375000000000e-07	6.31250000000000e-08	1.50000000000000e-09	1.25000000000000e-09	1.25000000000000e-09	3.00000000000000e-09
3.84375000000000e-07	6.43750000000000e-08	1.50000000000000e-09	1.25000000000000e-09	1.25000000000000e-09	3.00000000000000e-09
3.85625000000000e-07	6.06250000000000e-08	1.50000000000000e-09	1.25000000000000e-09	1.25000000000000e-09	3.00000000000000e-09
3.85625000000000e-07	6.18750000000000e-08	1.50000000000000e-09	1.25000000000000e-09	1.25000000000000e-09	3.00000000000000e-09
3.86875000000000e-07	6.06250000000000e-08	1.50000000000000e-09	1.25000000000000e-09	1.25000000000000e-09	3.00000000000000e-09
3.86875000000000e-07	6.18750000000000e-08	1.50000000000000e-09	1.25000000000000e-09	1.25000000000000e-09	3.00000000000000e-09
3.85625000000000e-07	6.31250000000000e-08	1.50000000000000e-09	1.25000000000000e-09	1.25000000000000e-09	3.00000000000000e-09
3.85625000000000e-07	6.43750000000000e-08	1.50000000000000e-09	1.25000000000000e-09	1.25000000000000e-09	3.00000000000000e-09
3.86875000000000e-07	6.31250000000000e-08	1.50000000000000e-09	1.25000000000000e-09	1.25000000000000e-09	3.00000000000000e-09
3.86875000000000e-07	6.43750000000000e-08	1.50000000000000e-09	1.25000000000000e-09	1.25000000000000e-09	3.00000000000000e-09
3.88125000000000e-07	6.06250000000000e-08	1.50000000000000e-09	1.25000000000000e-09	1.25000000000000e-09	3.00000000000000e-09
3.88125000000000e-07	6.18750000000000e-08	1.50000000000000e-09	1.25000000000000e-09	1.25000000000000e-09	3.00000000000000e-09
3.89375000000000e-07	6.06250000000000e-08	1.50000000000000e-09	1.25000000000000e-09	1.25000000000000e-09	3.00000000000000e-09
3.89375000000000e-07	6.18750000000000e-08	1.50000000000000e-09	1.25000000000000e-09	1.25000000000000e-09	3.00000000000000e-09
3.88125000000000e-07	6.31250000000000e-08	1.50000000000000e-09	1.25000000000000e-09	1.25000000000000e-09	3.00000000000000e-09
3.88125000000000e-07	6.43750000000000e-08	1.50000000000000e-09	1.25000000000000e-09	1.25000000000000e-09	3.00000000000000e-09
3.89375000000000e-07	6.31250000000000e-08	1.50000000000000e-09	1.25000000000000e-09	1.25000000000000e-09	3.00000000000000e-09
3.89375000000000e-07	6.43750000000000e-08	1.50000000000000e-09	1.25000000000000e-09	1.25000000000000e-09	3.00000000000000e-09
3.90625000000000e-07	6.06250000000000e-08	1.50000000000000e-09	1.25000000000000e-09	1.25000000000000e-09	3.00000000000000e-09
3.90625000000000e-07	6.18750000000000e-08	1.50000000000000e-09	1.25000000000000e-09	1.25000000000000e-09	3.00000000000000e-09
3.91875000000000e-07	6.06250000000000e-08	1.50000000000000e-09	1.25000000000000e-09	1.25000000000000e-09	3.00000000000000e-09
3.91875000000000e-07	6.18750000000000e-08	1.50000000000000e-09	1.25000000000000e-09	1.25000000000000e-09	3.00000000000000e-09
3.90625000000000e-07	6.31250000000000e-08	1.50000000000000e-09	1.25000000000000e-09	1.25000000000000e-09	3.00000000000000e-09
3.90625000000000e-07	6.43750000000000e-08	1.50000000000000e-09	1.25000000000000e-09	1.25000000000000e-09	3.00000000000000e-09
3.91875000000000e-07	6.31250000000000e-08	1.50000000000000e-09	1.25000000000000e-09	1.25000000000000e-09	3.00000000000000e-09
3.91875000000000e-07	6.43750000000000e-08	1.50000000000000e-09	1.25000000000000e-09	1.25000000000000e-09	3.00000000000000e-09
3.93125000000000e-07	6.06250000000000e-08	1.50000000000000e-09	1.25000000000000e-09	1.25000000000000e-09	3.00000000000000e-09
3.93125000000000e-07	6.18750000000000e-08	1.50000000000000e-09	1.25000000000000e-09	1.25000000000000e-09	3.00000000000000e-09
3.94375000000000e-07	6.06250000000000e-08	1.50000000000000e-09	1.25000000000000e-09	1.25000000000000e-09	3.00000000000000e-09
3.94375000000000e-07	6.18750000000000e-08	1.50000000000000e-09	1.25000000000000e-09	1.25000000000000e-09	3.00000000000000e-09
3.93125000000000e-07	6.31250000000000e-08	1.50000000000000e-09	1.25000000000000e-09	1.25000000000000e-09	3.00000000000000e-09
3.93125000000000e-07	6.43750000000000e-08	1.50000000000000e-09	1.25000000000000e-09	1.25000000000000e-09	3.00000000000000e-09
3.94375000000000e-07	6.31250000000000e-08	1.50000000000000e-09	1.25000000000000e-09	1.25000000000000e-09	3.00000000000000e-09
3.94375000000000e-07	6.43750000000000e-08	1.50000000000000e-09	1.25000000000000e-09	1.25000000000000e-09	3.00000000000000e-09
3.96250000000000e-07	6.12500000000000e-08	1.50000000000000e-09	2.50000000000000e-09	2.50000000000000e-09	3.00000000000000e-09
3.98750000000000e-07	6.12500000000000e-08	1.50000000000000e-09	2.50000000000000e-09	2.50000000000000e-09	3.00000000000000e-09
3.98750000000000e-07	6.37500000000000e-08	1.50000000000000e-09	2.50000000000000e-09	2.50000000000000e-09	3.00000000000000e-09
3.95625000000000e-07	6.31250000000000e-08	1.50000000000000e-09	1.25000000000000e-09	1.25000000000000e-09	3.00000000000000e-09
3.95625000000000e-07	6.43750000000000e-08	1.50000000000000e-09	1.25000000000000e-09	1.25000000000000e-09	3.00000000000000e-09
3.96875000000000e-07	6.31250000000000e-08	1.50000000000000e-09	1.25000000000000e-09	1.25000000000000e-09	3.00000000000000e-09
3.96875000000000e-07	6.43750000000000e-08	1.50000000000000e-09	1.25000000000000e-09	1.25000000000000e-09	3.00000000000000e-09
4.02500000000000e-07	6.25000000000000e-08	1.50000000000000e-09	5.00000000000000e-09	5.00000000000000e-09	3.00000000000000e-09
4.07500000000000e-07	6.25000000000000e-08	1.50000000000000e-09	5.00000000000000e-09	5.00000000000000e-09	3.00000000000000e-09
4.11250000000000e-07	6.12500000000000e-08	1.50000000000000e-09	2.50000000000000e-09	2.50000000000000e-09	3.00000000000000e-09
4.11250000000000e-07	6.37500000000000e-08	1.50000000000000e-09	2.50000000000000e-09	2.50000000000000e-09	3.00000000000000e-09
4.13750000000000e-07	6.12500000000000e-08	1.50000000000000e-09	2.50000000000000e-09	2.50000000000000e-09	3.00000000000000e-09
4.13125000000000e-07	6.31250000000000e-08	1.50000000000000e-09	1.25000000000000e-09	1.25000000000000e-09	3.00000000000000e-09
4.13125000000000e-07	6.43750000000000e-08	1.50000000000000e-09	1.25000000000000e-09	1.25000000000000e-09	3.00000000000000e-09
4.14375000000000e-07	6.31250000000000e-08	1.50000000000000e-09	1.25000000000000e-09	1.25000000000000e-09	3.00000000000000e-09
4.14375000000000e-07	6.43750000000000e-08	1.50000000000000e-09	1.25000000000000e-09	1.25000000000000e-09	3.00000000000000e-09
4.15625000000000e-07	6.06250000000000e-08	1.50000000000000e-09	1.25000000000000e-09	1.25000000000000e-09	3.00000000000000e-09
4.15625000000000e-07	6.18750000000000e-08	1.50000000000000e-09	1.25000000000000e-09	1.25000000000000e-09	3.00000000000000e-09
4.16875000000000e-07	6.06250000000000e-08	1.50000000000000e-09	1.25000000000000e-09	1.25000000000000e-09	3.00000000000000e-09
4.16875000000000e-07	6.18750000000000e-08	1.50000000000000e-09	1.25000000000000e-09	1.25000000000000e-09	3.00000000000000e-09
4.15625000000000e-07	6.31250000000000e-08	1.50000000000000e-09	1.25000000000000e-09	1.25000000000000e-09	3.00000000000000e-09
4.15625000000000e-07	6.43750000000000e-08	1.50000000000000e-09	1.25000000000000e-09	1.25000000000000e-09	3.00000000000000e-09
4.16875000000000e-07	6.31250000000000e-08	1.50000000000000e-09	1.25000000000000e-09	1.25000000000000e-09	3.00000000000000e-09
4.16875000000000e-07	6.43750000000000e-08	1.50000000000000e-09	1.25000000000000e-09	1.25000000000000e-09	3.00000000000000e-09
4.18125000000000e-07	6.06250000000000e-08	1.50000000000000e-09	1.25000000000000e-09	1.25000000000000e-09	3.00000000000000e-09
4.18125000000000e-07	6.18750000000000e-08	1.50000000000000e-09	1.25000000000000e-09	1.25000000000000e-09	3.00000000000000e-09
4.19375000000000e-07	6.06250000000000e-08	1.50000000000000e-09	1.25000000000000e-09	1.25000000000000e-09	3.00000000000000e-09
4.19375000000000e-07	6.18750000000000e-08	1.50000000000000e-09	1.25000000000000e-09	1.25000000000000e-09	3.00000000000000e-09
4.18125000000000e-07	6.31250000000000e-08	1.50000000000000e-09	1.25000000000000e-09	1.25000000000000e-09	3.00000000000000e-09
4.18125000000000e-07	6.43750000000000e-08	1.50000000000000e-09	1.25000000000000e-09	1.25000000000000e-09	3.00000000000000e-09
4.19375000000000e-07	6.31250000000000e-08	1.50000000000000e-09	1.25000000000000e-09	1.25000000000000e-09	3.00000000000000e-09
4.19375000000000e-07	6.43750000000000e-08	1.50000000000000e-09	1.25000000000000e-09	1.25000000000000e-09	3.00000000000000e-09
4.20625000000000e-07	6.06250000000000e-08	1.50000000000000e-09	1.25000000000000e-09	1.25000000000000e-09	3.00000000000000e-09
4.20625000000000e-07	6.18750000000000e-08	1.50000000000000e-09	1.25000000000000e-09	1.25000000000000e-09	3.00000000000000e-09
4.21875000000000e-07	6.06250000000000e-08	1.50000000000000e-09	1.25000000000000e-09	1.25000000000000e-09	3.00000000000000e-09
4.21875000000000e-07	6.18750000000000e-08	1.50000000000000e-09	1.25000000000000e-09	1.25000000000000e-09	3.00000000000000e-09
4.20625000000000e-07	6.31250000000000e-08	1.50000000000000e-09	1.25000000000000e-09	1.25000000000000e-09	3.00000000000000e-09
4.20625000000000e-07	6.43750000000000e-08	1.50000000000000e-09	1.25000000000000e-09	1.25000000000000e-09	3.00000000000000e-09
4.21875000000000e-07	6.31250000000000e-08	1.50000000000000e-09	1.25000000000000e-09	1.25000000000000e-09	3.00000000000000e-09
4.21875000000000e-07	6.43750000000000e-08	1.50000000000000e-09	1.25000000000000e-09	1.25000000000000e-09	3.00000000000000e-09
4.23125000000000e-07	6.06250000000000e-08	1.50000000000000e-09	1.25000000000000e-09	1.25000000000000e-09	3.00000000000000e-09
4.23125000000000e-07	6.18750000000000e-08	1.50000000000000e-09	1.25000000000000e-09	1.25000000000000e-09	3.00000000000000e-09
4.24375000000000e-07	6.06250000000000e-08	1.50000000000000e-09	1.25000000000000e-09	1.25000000000000e-09	3.00000000000000e-09
4.24375000000000e-07	6.18750000000000e-08	1.50000000000000e-09	1.25000000000000e-09	1.25000000000000e-09	3.00000000000000e-09
4.23125000000000e-07	6.31250000000000e-08	1.50000000000000e-09	1.25000000000000e-09	1.25000000000000e-09	3.00000000000000e-09
4.23125000000000e-07	6.43750000000000e-08	1.50000000000000e-09	1.25000000000000e-09	1.25000000000000e-09	3.00000000000000e-09
4.24375000000000e-07	6.31250000000000e-08	1.50000000000000e-09	1.25000000000000e-09	1.25000000000000e-09	3.00000000000000e-09
4.24375000000000e-07	6.43750000000000e-08	1.50000000000000e-09	1.25000000000000e-09	1.25000000000000e-09	3.00000000000000e-09
4.28750000000000e-07	6.37500000000000e-08	1.50000000000000e-09	2.50000000000000e-09	2.50000000000000e-09	3.00000000000000e-09
4.25625000000000e-07	6.06250000000000e-08	1.50000000000000e-09	1.25000000000000e-09	1.25000000000000e-09	3.00000000000000e-09
4.25625000000000e-07	6.18750000000000e-08	1.50000000000000e-09	1.25000000000000e-09	1.25000000000000e-09	3.00000000000000e-09
4.26875000000000e-07	6.06250000000000e-08	1.50000000000000e-09	1.25000000000000e-09	1.25000000000000e-09	3.00000000000000e-09
4.26875000000000e-07	6.18750000000000e-08	1.50000000000000e-09	1.25000000000000e-09	1.25000000000000e-09	3.00000000000000e-09
4.25625000000000e-07	6.31250000000000e-08	1.50000000000000e-09	1.25000000000000e-09	1.25000000000000e-09	3.00000000000000e-09
4.25625000000000e-07	6.43750000000000e-08	1.50000000000000e-09	1.25000000000000e-09	1.25000000000000e-09	3.00000000000000e-09
4.26875000000000e-07	6.31250000000000e-08	1.50000000000000e-09	1.25000000000000e-09	1.25000000000000e-09	3.00000000000000e-09
4.26875000000000e-07	6.43750000000000e-08	1.50000000000000e-09	1.25000000000000e-09	1.25000000000000e-09	3.00000000000000e-09
4.28125000000000e-07	6.06250000000000e-08	1.50000000000000e-09	1.25000000000000e-09	1.25000000000000e-09	3.00000000000000e-09
4.28125000000000e-07	6.18750000000000e-08	1.50000000000000e-09	1.25000000000000e-09	1.25000000000000e-09	3.00000000000000e-09
4.29375000000000e-07	6.06250000000000e-08	1.50000000000000e-09	1.25000000000000e-09	1.25000000000000e-09	3.00000000000000e-09
4.29375000000000e-07	6.18750000000000e-08	1.50000000000000e-09	1.25000000000000e-09	1.25000000000000e-09	3.00000000000000e-09
4.32500000000000e-07	6.25000000000000e-08	1.50000000000000e-09	5.00000000000000e-09	5.00000000000000e-09	3.00000000000000e-09
4.37500000000000e-07	6.25000000000000e-08	1.50000000000000e-09	5.00000000000000e-09	5.00000000000000e-09	3.00000000000000e-09
4.42500000000000e-07	6.25000000000000e-08	1.50000000000000e-09	5.00000000000000e-09	5.00000000000000e-09	3.00000000000000e-09
4.47500000000000e-07	6.25000000000000e-08	1.50000000000000e-09	5.00000000000000e-09	5.00000000000000e-09	3.00000000000000e-09
4.52500000000000e-07	6.25000000000000e-08	1.50000000000000e-09	5.00000000000000e-09	5.00000000000000e-09	3.00000000000000e-09
4.57500000000000e-07	6.25000000000000e-08	1.50000000000000e-09	5.00000000000000e-09	5.00000000000000e-09	3.00000000000000e-09
4.62500000000000e-07	6.25000000000000e-08	1.50000000000000e-09	5.00000000000000e-09	5.00000000000000e-09	3.00000000000000e-09
4.67500000000000e-07	6.25000000000000e-08	1.50000000000000e-09	5.00000000000000e-09	5.00000000000000e-09	3.00000000000000e-09
4.72500000000000e-07	6.25000000000000e-08	1.50000000000000e-09	5.00000000000000e-09	5.00000000000000e-09	3.00000000000000e-09
4.77500000000000e-07	6.25000000000000e-08	1.50000000000000e-09	5.00000000000000e-09	5.00000000000000e-09	3.00000000000000e-09
4.82500000000000e-07	6.25000000000000e-08	1.50000000000000e-09	5.00000000000000e-09	5.00000000000000e-09	3.00000000000000e-09
4.87500000000000e-07	6.25000000000000e-08	1.50000000000000e-09	5.00000000000000e-09	5.00000000000000e-09	3.00000000000000e-09
4.92500000000000e-07	6.25000000000000e-08	1.50000000000000e-09	5.00000000000000e-09	5.00000000000000e-09	3.00000000000000e-09
4.97500000000000e-07	6.25000000000000e-08	1.50000000000000e-09	5.00000000000000e-09	5.00000000000000e-09	3.00000000000000e-09
2.50000000000000e-09	6.75000000000000e-08	1.50000000000000e-09	5.00000000000000e-09	5.00000000000000e-09	3.00000000000000e-09
7.50000000000000e-09	6.75000000000000e-08	1.50000000000000e-09	5.00000000000000e-09	5.00000000000000e-09	3.00000000000000e-09
1.25000000000000e-08	6.75000000000000e-08	1.50000000000000e-09	5.00000000000000e-09	5.00000000000000e-09	3.00000000000000e-09
1.75000000000000e-08	6.75000000000000e-08	1.50000000000000e-09	5.00000000000000e-09	5.00000000000000e-09	3.00000000000000e-09
2.25000000000000e-08	6.75000000000000e-08	1.50000000000000e-09	5.00000000000000e-09	5.00000000000000e-09	3.00000000000000e-09
2.75000000000000e-08	6.75000000000000e-08	1.50000000000000e-09	5.00000000000000e-09	5.00000000000000e-09	3.00000000000000e-09
3.25000000000000e-08	6.75000000000000e-08	1.50000000000000e-09	5.00000000000000e-09	5.00000000000000e-09	3.00000000000000e-09
3.75000000000000e-08	6.75000000000000e-08	1.50000000000000e-09	5.00000000000000e-09	5.00000000000000e-09	3.00000000000000e-09
4.25000000000000e-08	6.75000000000000e-08	1.50000000000000e-09	5.00000000000000e-09	5.00000000000000e-09	3.00000000000000e-09
4.75000000000000e-08	6.75000000000000e-08	1.50000000000000e-09	5.00000000000000e-09	5.00000000000000e-09	3.00000000000000e-09
5.25000000000000e-08	6.75000000000000e-08	1.50000000000000e-09	5.00000000000000e-09	5.00000000000000e-09	3.00000000000000e-09
5.75000000000000e-08	6.75000000000000e-08	1.50000000000000e-09	5.00000000000000e-09	5.00000000000000e-09	3.00000000000000e-09
6.25000000000000e-08	6.75000000000000e-08	1.50000000000000e-09	5.00000000000000e-09	5.00000000000000e-09	3.00000000000000e-09
6.75000000000000e-08	6.75000000000000e-08	1.50000000000000e-09	5.00000000000000e-09	5.00000000000000e-09	3.00000000000000e-09
7.25000000000000e-08	6.75000000000000e-08	1.50000000000000e-09	5.00000000000000e-09	5.00000000000000e-09	3.00000000000000e-09
7.75000000000000e-08	6.75000000000000e-08	1.50000000000000e-09	5.00000000000000e-09	5.00000000000000e-09	3.00000000000000e-09
8.25000000000000e-08	6.75000000000000e-08	1.50000000000000e-09	5.00000000000000e-09	5.00000000000000e-09	3.00000000000000e-09
8.75000000000000e-08	6.75000000000000e-08	1.50000000000000e-09	5.00000000000000e-09	5.00000000000000e-09	3.00000000000000e-09
9.25000000000000e-08	6.75000000000000e-08	1.50000000000000e-09	5.00000000000000e-09	5.00000000000000e-09	3.00000000000000e-09
9.75000000000000e-08	6.75000000000000e-08	1.50000000000000e-09	5.00000000000000e-09	5.00000000000000e-09	3.00000000000000e-09
1.02500000000000e-07	6.75000000000000e-08	1.50000000000000e-09	5.00000000000000e-09	5.00000000000000e-09	3.00000000000000e-09
1.07500000000000e-07	6.75000000000000e-08	1.50000000000000e-09	5.00000000000000e-09	5.00000000000000e-09	3.00000000000000e-09
1.10625000000000e-07	6.56250000000000e-08	1.50000000000000e-09	1.25000000000000e-09	1.25000000000000e-09	3.00000000000000e-09
1.10625000000000e-07	6.68750000000000e-08	1.50000000000000e-09	1.25000000000000e-09	1.25000000000000e-09	3.00000000000000e-09
1.11875000000000e-07	6.56250000000000e-08	1.50000000000000e-09	1.25000000000000e-09	1.25000000000000e-09	3.00000000000000e-09
1.11875000000000e-07	6.68750000000000e-08	1.50000000000000e-09	1.25000000000000e-09	1.25000000000000e-09	3.00000000000000e-09
1.10625000000000e-07	6.81250000000000e-08	1.50000000000000e-09	1.25000000000000e-09	1.25000000000000e-09	3.00000000000000e-09
1.10625000000000e-07	6.93750000000000e-08	1.50000000000000e-09	1.25000000000000e-09	1.25000000000000e-09	3.00000000000000e-09
1.11875000000000e-07	6.81250000000000e-08	1.50000000000000e-09	1.25000000000000e-09	1.25000000000000e-09	3.00000000000000e-09
1.11875000000000e-07	6.93750000000000e-08	1.50000000000000e-09	1.25000000000000e-09	1.25000000000000e-09	3.00000000000000e-09
1.13125000000000e-07	6.56250000000000e-08	1.50000000000000e-09	1.25000000000000e-09	1.25000000000000e-09	3.00000000000000e-09
1.13125000000000e-07	6.68750000000000e-08	1.50000000000000e-09	1.25000000000000e-09	1.25000000000000e-09	3.00000000000000e-09
1.14375000000000e-07	6.56250000000000e-08	1.50000000000000e-09	1.25000000000000e-09	1.25000000000000e-09	3.00000000000000e-09
1.14375000000000e-07	6.68750000000000e-08	1.50000000000000e-09	1.25000000000000e-09	1.25000000000000e-09	3.00000000000000e-09
1.13125000000000e-07	6.81250000000000e-08	1.50000000000000e-09	1.25000000000000e-09	1.25000000000000e-09	3.00000000000000e-09
1.13125000000000e-07	6.93750000000000e-08	1.50000000000000e-09	1.25000000000000e-09	1.25000000000000e-09	3.00000000000000e-09
1.14375000000000e-07	6.81250000000000e-08	1.50000000000000e-09	1.25000000000000e-09	1.25000000000000e-09	3.00000000000000e-09
1.14375000000000e-07	6.93750000000000e-08	1.50000000000000e-09	1.25000000000000e-09	1.25000000000000e-09	3.00000000000000e-09
1.15625000000000e-07	6.56250000000000e-08	1.50000000000000e-09	1.25000000000000e-09	1.25000000000000e-09	3.00000000000000e-09
1.15625000000000e-07	6.68750000000000e-08	1.50000000000000e-09	1.25000000000000e-09	1.25000000000000e-09	3.00000000000000e-09
1.16875000000000e-07	6.56250000000000e-08	1.50000000000000e-09	1.25000000000000e-09	1.25000000000000e-09	3.00000000000000e-09
1.16875000000000e-07	6.68750000000000e-08	1.50000000000000e-09	1.25000000000000e-09	1.25000000000000e-09	3.00000000000000e-09
1.15625000000000e-07	6.81250000000000e-08	1.50000000000000e-09	1.25000000000000e-09	1.25000000000000e-09	3.00000000000000e-09
1.15625000000000e-07	6.93750000000000e-08	1.50000000000000e-09	1.25000000000000e-09	1.25000000000000e-09	3.00000000000000e-09
1.16875000000000e-07	6.81250000000000e-08	1.50000000000000e-09	1.25000000000000e-09	1.25000000000000e-09	3.00000000000000e-09
1.16875000000000e-07	6.93750000000000e-08	1.50000000000000e-09	1.25000000000000e-09	1.25000000000000e-09	3.00000000000000e-09
1.18125000000000e-07	6.56250000000000e-08	1.50000000000000e-09	1.25000000000000e-09	1.25000000000000e-09	3.00000000000000e-09
1.18125000000000e-07	6.68750000000000e-08	1.50000000000000e-09	1.25000000000000e-09	1.25000000000000e-09	3.00000000000000e-09
1.19375000000000e-07	6.56250000000000e-08	1.50000000000000e-09	1.25000000000000e-09	1.25000000000000e-09	3.00000000000000e-09
1.19375000000000e-07	6.68750000000000e-08	1.50000000000000e-09	1.25000000000000e-09	1.25000000000000e-09	3.00000000000000e-09
1.18125000000000e-07	6.81250000000000e-08	1.50000000000000e-09	1.25000000000000e-09	1.25000000000000e-09	3.00000000000000e-09
1.18125000000000e-07	6.93750000000000e-08	1.50000000000000e-09	1.25000000000000e-09	1.25000000000000e-09	3.00000000000000e-09
1.19375000000000e-07	6.81250000000000e-08	1.50000000000000e-09	1.25000000000000e-09	1.25000000000000e-09	3.00000000000000e-09
1.19375000000000e-07	6.93750000000000e-08	1.50000000000000e-09	1.25000000000000e-09	1.25000000000000e-09	3.00000000000000e-09
1.23750000000000e-07	6.62500000000000e-08	1.50000000000000e-09	2.50000000000000e-09	2.50000000000000e-09	3.00000000000000e-09
1.23750000000000e-07	6.87500000000000e-08	1.50000000000000e-09	2.50000000000000e-09	2.50000000000000e-09	3.00000000000000e-09
1.20625000000000e-07	6.56250000000000e-08	1.50000000000000e-09	1.25000000000000e-09	1.25000000000000e-09	3.00000000000000e-09
1.20625000000000e-07	6.68750000000000e-08	1.50000000000000e-09	1.25000000000000e-09	1.25000000000000e-09	3.00000000000000e-09
1.21875000000000e-07	6.56250000000000e-08	1.50000000000000e-09	1.25000000000000e-09	1.25000000000000e-09	3.00000000000000e-09
1.21875000000000e-07	6.68750000000000e-08	1.50000000000000e-09	1.25000000000000e-09	1.25000000000000e-09	3.00000000000000e-09
1.20625000000000e-07	6.81250000000000e-08	1.50000000000000e-09	1.25000000000000e-09	1.25000000000000e-09	3.00000000000000e-09
1.20625000000000e-07	6.93750000000000e-08	1.50000000000000e-09	1.25000000000000e-09	1.25000000000000e-09	3.00000000000000e-09
1.21875000000000e-07	6.81250000000000e-08	1.50000000000000e-09	1.25000000000000e-09	1.25000000000000e-09	3.00000000000000e-09
1.21875000000000e-07	6.93750000000000e-08	1.50000000000000e-09	1.25000000000000e-09	1.25000000000000e-09	3.00000000000000e-09
1.27500000000000e-07	6.75000000000000e-08	1.50000000000000e-09	5.00000000000000e-09	5.00000000000000e-09	3.00000000000000e-09
1.32500000000000e-07	6.75000000000000e-08	1.50000000000000e-09	5.00000000000000e-09	5.00000000000000e-09	3.00000000000000e-09
1.37500000000000e-07	6.75000000000000e-08	1.50000000000000e-09	5.00000000000000e-09	5.00000000000000e-09	3.00000000000000e-09
1.42500000000000e-07	6.75000000000000e-08	1.50000000000000e-09	5.00000000000000e-09	5.00000000000000e-09	3.00000000000000e-09
1.47500000000000e-07	6.75000000000000e-08	1.50000000000000e-09	5.00000000000000e-09	5.00000000000000e-09	3.00000000000000e-09
1.52500000000000e-07	6.75000000000000e-08	1.50000000000000e-09	5.00000000000000e-09	5.00000000000000e-09	3.00000000000000e-09
1.57500000000000e-07	6.75000000000000e-08	1.50000000000000e-09	5.00000000000000e-09	5.00000000000000e-09	3.00000000000000e-09
1.62500000000000e-07	6.75000000000000e-08	1.50000000000000e-09	5.00000000000000e-09	5.00000000000000e-09	3.00000000000000e-09
1.67500000000000e-07	6.75000000000000e-08	1.50000000000000e-09	5.00000000000000e-09	5.00000000000000e-09	3.00000000000000e-09
1.72500000000000e-07	6.75000000000000e-08	1.50000000000000e-09	5.00000000000000e-09	5.00000000000000e-09	3.00000000000000e-09
1.77500000000000e-07	6.75000000000000e-08	1.50000000000000e-09	5.00000000000000e-09	5.00000000000000e-09	3.00000000000000e-09
1.82500000000000e-07	6.75000000000000e-08	1.50000000000000e-09	5.00000000000000e-09	5.00000000000000e-09	3.00000000000000e-09
1.87500000000000e-07	6.75000000000000e-08	1.50000000000000e-09	5.00000000000000e-09	5.00000000000000e-09	3.00000000000000e-09
1.92500000000000e-07	6.75000000000000e-08	1.50000000000000e-09	5.00000000000000e-09	5.00000000000000e-09	3.00000000000000e-09
1.97500000000000e-07	6.75000000000000e-08	1.50000000000000e-09	5.00000000000000e-09	5.00000000000000e-09	3.00000000000000e-09
2.02500000000000e-07	6.75000000000000e-08	1.50000000000000e-09	5.00000000000000e-09	5.00000000000000e-09	3.00000000000000e-09
2.07500000000000e-07	6.75000000000000e-08	1.50000000000000e-09	5.00000000000000e-09	5.00000000000000e-09	3.00000000000000e-09
2.11250000000000e-07	6.62500000000000e-08	1.50000000000000e-09	2.50000000000000e-09	2.50000000000000e-09	3.00000000000000e-09
2.11250000000000e-07	6.87500000000000e-08	1.50000000000000e-09	2.50000000000000e-09	2.50000000000000e-09	3.00000000000000e-09
2.13125000000000e-07	6.56250000000000e-08	1.50000000000000e-09	1.25000000000000e-09	1.25000000000000e-09	3.00000000000000e-09
2.13125000000000e-07	6.68750000000000e-08	1.50000000000000e-09	1.25000000000000e-09	1.25000000000000e-09	3.00000000000000e-09
2.14375000000000e-07	6.56250000000000e-08	1.50000000000000e-09	1.25000000000000e-09	1.25000000000000e-09	3.00000000000000e-09
2.14375000000000e-07	6.68750000000000e-08	1.50000000000000e-09	1.25000000000000e-09	1.25000000000000e-09	3.00000000000000e-09
2.13125000000000e-07	6.81250000000000e-08	1.50000000000000e-09	1.25000000000000e-09	1.25000000000000e-09	3.00000000000000e-09
2.13125000000000e-07	6.93750000000000e-08	1.50000000000000e-09	1.25000000000000e-09	1.25000000000000e-09	3.00000000000000e-09
2.14375000000000e-07	6.81250000000000e-08	1.50000000000000e-09	1.25000000000000e-09	1.25000000000000e-09	3.00000000000000e-09
2.14375000000000e-07	6.93750000000000e-08	1.50000000000000e-09	1.25000000000000e-09	1.25000000000000e-09	3.00000000000000e-09
2.15625000000000e-07	6.56250000000000e-08	1.50000000000000e-09	1.25000000000000e-09	1.25000000000000e-09	3.00000000000000e-09
2.15625000000000e-07	6.68750000000000e-08	1.50000000000000e-09	1.25000000000000e-09	1.25000000000000e-09	3.00000000000000e-09
2.16875000000000e-07	6.56250000000000e-08	1.50000000000000e-09	1.25000000000000e-09	1.25000000000000e-09	3.00000000000000e-09
2.16875000000000e-07	6.68750000000000e-08	1.50000000000000e-09	1.25000000000000e-09	1.25000000000000e-09	3.00000000000000e-09
2.15625000000000e-07	6.81250000000000e-08	1.50000000000000e-09	1.25000000000000e-09	1.25000000000000e-09	3.00000000000000e-09
2.15625000000000e-07	6.93750000000000e-08	1.50000000000000e-09	1.25000000000000e-09	1.25000000000000e-09	3.00000000000000e-09
2.16875000000000e-07	6.81250000000000e-08	1.50000000000000e-09	1.25000000000000e-09	1.25000000000000e-09	3.00000000000000e-09
2.16875000000000e-07	6.93750000000000e-08	1.50000000000000e-09	1.25000000000000e-09	1.25000000000000e-09	3.00000000000000e-09
2.18125000000000e-07	6.56250000000000e-08	1.50000000000000e-09	1.25000000000000e-09	1.25000000000000e-09	3.00000000000000e-09
2.18125000000000e-07	6.68750000000000e-08	1.50000000000000e-09	1.25000000000000e-09	1.25000000000000e-09	3.00000000000000e-09
2.19375000000000e-07	6.56250000000000e-08	1.50000000000000e-09	1.25000000000000e-09	1.25000000000000e-09	3.00000000000000e-09
2.19375000000000e-07	6.68750000000000e-08	1.50000000000000e-09	1.25000000000000e-09	1.25000000000000e-09	3.00000000000000e-09
2.18125000000000e-07	6.81250000000000e-08	1.50000000000000e-09	1.25000000000000e-09	1.25000000000000e-09	3.00000000000000e-09
2.18125000000000e-07	6.93750000000000e-08	1.50000000000000e-09	1.25000000000000e-09	1.25000000000000e-09	3.00000000000000e-09
2.19375000000000e-07	6.81250000000000e-08	1.50000000000000e-09	1.25000000000000e-09	1.25000000000000e-09	3.00000000000000e-09
2.19375000000000e-07	6.93750000000000e-08	1.50000000000000e-09	1.25000000000000e-09	1.25000000000000e-09	3.00000000000000e-09
2.23750000000000e-07	6.87500000000000e-08	1.50000000000000e-09	2.50000000000000e-09	2.50000000000000e-09	3.00000000000000e-09
2.20625000000000e-07	6.56250000000000e-08	1.50000000000000e-09	1.25000000000000e-09	1.25000000000000e-09	3.00000000000000e-09
2.20625000000000e-07	6.68750000000000e-08	1.50000000000000e-09	1.25000000000000e-09	1.25000000000000e-09	3.00000000000000e-09
2.21875000000000e-07	6.56250000000000e-08	1.50000000000000e-09	1.25000000000000e-09	1.25000000000000e-09	3.00000000000000e-09
2.21875000000000e-07	6.68750000000000e-08	1.50000000000000e-09	1.25000000000000e-09	1.25000000000000e-09	3.00000000000000e-09
2.20625000000000e-07	6.81250000000000e-08	1.50000000000000e-09	1.25000000000000e-09	1.25000000000000e-09	3.00000000000000e-09
2.20625000000000e-07	6.93750000000000e-08	1.50000000000000e-09	1.25000000000000e-09	1.25000000000000e-09	3.00000000000000e-09
2.21875000000000e-07	6.81250000000000e-08	1.50000000000000e-09	1.25000000000000e-09	1.25000000000000e-09	3.00000000000000e-09
2.21875000000000e-07	6.93750000000000e-08	1.50000000000000e-09	1.25000000000000e-09	1.25000000000000e-09	3.00000000000000e-09
2.23125000000000e-07	6.56250000000000e-08	1.50000000000000e-09	1.25000000000000e-09	1.25000000000000e-09	3.00000000000000e-09
2.23125000000000e-07	6.68750000000000e-08	1.50000000000000e-09	1.25000000000000e-09	1.25000000000000e-09	3.00000000000000e-09
2.24375000000000e-07	6.56250000000000e-08	1.50000000000000e-09	1.25000000000000e-09	1.25000000000000e-09	3.00000000000000e-09
2.24375000000000e-07	6.68750000000000e-08	1.50000000000000e-09	1.25000000000000e-09	1.25000000000000e-09	3.00000000000000e-09
2.27500000000000e-07	6.75000000000000e-08	1.50000000000000e-09	5.00000000000000e-09	5.00000000000000e-09	3.00000000000000e-09
2.32500000000000e-07	6.75000000000000e-08	1.50000000000000e-09	5.00000000000000e-09	5.00000000000000e-09	3.00000000000000e-09
2.37500000000000e-07	6.75000000000000e-08	1.50000000000000e-09	5.00000000000000e-09	5.00000000000000e-09	3.00000000000000e-09
2.42500000000000e-07	6.75000000000000e-08	1.50000000000000e-09	5.00000000000000e-09	5.00000000000000e-09	3.00000000000000e-09
2.47500000000000e-07	6.75000000000000e-08	1.50000000000000e-09	5.00000000000000e-09	5.00000000000000e-09	3.00000000000000e-09
2.52500000000000e-07	6.75000000000000e-08	1.50000000000000e-09	5.00000000000000e-09	5.00000000000000e-09	3.00000000000000e-09
2.57500000000000e-07	6.75000000000000e-08	1.50000000000000e-09	5.00000000000000e-09	5.00000000000000e-09	3.00000000000000e-09
2.62500000000000e-07	6.75000000000000e-08	1.50000000000000e-09	5.00000000000000e-09	5.00000000000000e-09	3.00000000000000e-09
2.67500000000000e-07	6.75000000000000e-08	1.50000000000000e-09	5.00000000000000e-09	5.00000000000000e-09	3.00000000000000e-09
2.72500000000000e-07	6.75000000000000e-08	1.50000000000000e-09	5.00000000000000e-09	5.00000000000000e-09	3.00000000000000e-09
2.77500000000000e-07	6.75000000000000e-08	1.50000000000000e-09	5.00000000000000e-09	5.00000000000000e-09	3.00000000000000e-09
2.82500000000000e-07	6.75000000000000e-08	1.50000000000000e-09	5.00000000000000e-09	5.00000000000000e-09	3.00000000000000e-09
2.87500000000000e-07	6.75000000000000e-08	1.50000000000000e-09	5.00000000000000e-09	5.00000000000000e-09	3.00000000000000e-09
2.92500000000000e-07	6.75000000000000e-08	1.50000000000000e-09	5.00000000000000e-09	5.00000000000000e-09	3.00000000000000e-09
2.97500000000000e-07	6.75000000000000e-08	1.50000000000000e-09	5.00000000000000e-09	5.00000000000000e-09	3.00000000000000e-09
3.01250000000000e-07	6.62500000000000e-08	1.50000000000000e-09	2.50000000000000e-09	2.50000000000000e-09	3.00000000000000e-09
3.00625000000000e-07	6.81250000000000e-08	1.50000000000000e-09	1.25000000000000e-09	1.25000000000000e-09	3.00000000000000e-09
3.00625000000000e-07	6.93750000000000e-08	1.50000000000000e-09	1.25000000000000e-09	1.25000000000000e-09	3.00000000000000e-09
3.01875000000000e-07	6.81250000000000e-08	1.50000000000000e-09	1.25000000000000e-09	1.25000000000000e-09	3.00000000000000e-09
3.01875000000000e-07	6.93750000000000e-08	1.50000000000000e-09	1.25000000000000e-09	1.25000000000000e-09	3.00000000000000e-09
3.03125000000000e-07	6.56250000000000e-08	1.50000000000000e-09	1.25000000000000e-09	1.25000000000000e-09	3.00000000000000e-09
3.03125000000000e-07	6.68750000000000e-08	1.50000000000000e-09	1.25000000000000e-09	1.25000000000000e-09	3.00000000000000e-09
3.04375000000000e-07	6.56250000000000e-08	1.50000000000000e-09	1.25000000000000e-09	1.25000000000000e-09	3.00000000000000e-09
3.04375000000000e-07	6.68750000000000e-08	1.50000000000000e-09	1.25000000000000e-09	1.25000000000000e-09	3.00000000000000e-09
3.03125000000000e-07	6.81250000000000e-08	1.50000000000000e-09	1.25000000000000e-09	1.25000000000000e-09	3.00000000000000e-09
3.03125000000000e-07	6.93750000000000e-08	1.50000000000000e-09	1.25000000000000e-09	1.25000000000000e-09	3.00000000000000e-09
3.04375000000000e-07	6.81250000000000e-08	1.50000000000000e-09	1.25000000000000e-09	1.25000000000000e-09	3.00000000000000e-09
3.04375000000000e-07	6.93750000000000e-08	1.50000000000000e-09	1.25000000000000e-09	1.25000000000000e-09	3.00000000000000e-09
3.05625000000000e-07	6.56250000000000e-08	1.50000000000000e-09	1.25000000000000e-09	1.25000000000000e-09	3.00000000000000e-09
3.05625000000000e-07	6.68750000000000e-08	1.50000000000000e-09	1.25000000000000e-09	1.25000000000000e-09	3.00000000000000e-09
3.06875000000000e-07	6.56250000000000e-08	1.50000000000000e-09	1.25000000000000e-09	1.25000000000000e-09	3.00000000000000e-09
3.06875000000000e-07	6.68750000000000e-08	1.50000000000000e-09	1.25000000000000e-09	1.25000000000000e-09	3.00000000000000e-09
3.05625000000000e-07	6.81250000000000e-08	1.50000000000000e-09	1.25000000000000e-09	1.25000000000000e-09	3.00000000000000e-09
3.05625000000000e-07	6.93750000000000e-08	1.50000000000000e-09	1.25000000000000e-09	1.25000000000000e-09	3.00000000000000e-09
3.06875000000000e-07	6.81250000000000e-08	1.50000000000000e-09	1.25000000000000e-09	1.25000000000000e-09	3.00000000000000e-09
3.06875000000000e-07	6.93750000000000e-08	1.50000000000000e-09	1.25000000000000e-09	1.25000000000000e-09	3.00000000000000e-09
3.08125000000000e-07	6.56250000000000e-08	1.50000000000000e-09	1.25000000000000e-09	1.25000000000000e-09	3.00000000000000e-09
3.08125000000000e-07	6.68750000000000e-08	1.50000000000000e-09	1.25000000000000e-09	1.25000000000000e-09	3.00000000000000e-09
3.09375000000000e-07	6.56250000000000e-08	1.50000000000000e-09	1.25000000000000e-09	1.25000000000000e-09	3.00000000000000e-09
3.09375000000000e-07	6.68750000000000e-08	1.50000000000000e-09	1.25000000000000e-09	1.25000000000000e-09	3.00000000000000e-09
3.08125000000000e-07	6.81250000000000e-08	1.50000000000000e-09	1.25000000000000e-09	1.25000000000000e-09	3.00000000000000e-09
3.08125000000000e-07	6.93750000000000e-08	1.50000000000000e-09	1.25000000000000e-09	1.25000000000000e-09	3.00000000000000e-09
3.09375000000000e-07	6.81250000000000e-08	1.50000000000000e-09	1.25000000000000e-09	1.25000000000000e-09	3.00000000000000e-09
3.09375000000000e-07	6.93750000000000e-08	1.50000000000000e-09	1.25000000000000e-09	1.25000000000000e-09	3.00000000000000e-09
3.13750000000000e-07	6.62500000000000e-08	1.50000000000000e-09	2.50000000000000e-09	2.50000000000000e-09	3.00000000000000e-09
3.13750000000000e-07	6.87500000000000e-08	1.50000000000000e-09	2.50000000000000e-09	2.50000000000000e-09	3.00000000000000e-09
3.10625000000000e-07	6.56250000000000e-08	1.50000000000000e-09	1.25000000000000e-09	1.25000000000000e-09	3.00000000000000e-09
3.10625000000000e-07	6.68750000000000e-08	1.50000000000000e-09	1.25000000000000e-09	1.25000000000000e-09	3.00000000000000e-09
3.11875000000000e-07	6.56250000000000e-08	1.50000000000000e-09	1.25000000000000e-09	1.25000000000000e-09	3.00000000000000e-09
3.11875000000000e-07	6.68750000000000e-08	1.50000000000000e-09	1.25000000000000e-09	1.25000000000000e-09	3.00000000000000e-09
3.10625000000000e-07	6.81250000000000e-08	1.50000000000000e-09	1.25000000000000e-09	1.25000000000000e-09	3.00000000000000e-09
3.10625000000000e-07	6.93750000000000e-08	1.50000000000000e-09	1.25000000000000e-09	1.25000000000000e-09	3.00000000000000e-09
3.11875000000000e-07	6.81250000000000e-08	1.50000000000000e-09	1.25000000000000e-09	1.25000000000000e-09	3.00000000000000e-09
3.11875000000000e-07	6.93750000000000e-08	1.50000000000000e-09	1.25000000000000e-09	1.25000000000000e-09	3.00000000000000e-09
3.17500000000000e-07	6.75000000000000e-08	1.50000000000000e-09	5.00000000000000e-09	5.00000000000000e-09	3.00000000000000e-09
3.22500000000000e-07	6.75000000000000e-08	1.50000000000000e-09	5.00000000000000e-09	5.00000000000000e-09	3.00000000000000e-09
3.27500000000000e-07	6.75000000000000e-08	1.50000000000000e-09	5.00000000000000e-09	5.00000000000000e-09	3.00000000000000e-09
3.32500000000000e-07	6.75000000000000e-08	1.50000000000000e-09	5.00000000000000e-09	5.00000000000000e-09	3.00000000000000e-09
3.37500000000000e-07	6.75000000000000e-08	1.50000000000000e-09	5.00000000000000e-09	5.00000000000000e-09	3.00000000000000e-09
3.42500000000000e-07	6.75000000000000e-08	1.50000000000000e-09	5.00000000000000e-09	5.00000000000000e-09	3.00000000000000e-09
3.47500000000000e-07	6.75000000000000e-08	1.50000000000000e-09	5.00000000000000e-09	5.00000000000000e-09	3.00000000000000e-09
3.52500000000000e-07	6.75000000000000e-08	1.50000000000000e-09	5.00000000000000e-09	5.00000000000000e-09	3.00000000000000e-09
3.57500000000000e-07	6.75000000000000e-08	1.50000000000000e-09	5.00000000000000e-09	5.00000000000000e-09	3.00000000000000e-09
3.62500000000000e-07	6.75000000000000e-08	1.50000000000000e-09	5.00000000000000e-09	5.00000000000000e-09	3.00000000000000e-09
3.67500000000000e-07	6.75000000000000e-08	1.50000000000000e-09	5.00000000000000e-09	5.00000000000000e-09	3.00000000000000e-09
3.72500000000000e-07	6.75000000000000e-08	1.50000000000000e-09	5.00000000000000e-09	5.00000000000000e-09	3.00000000000000e-09
3.77500000000000e-07	6.75000000000000e-08	1.50000000000000e-09	5.00000000000000e-09	5.00000000000000e-09	3.00000000000000e-09
3.81250000000000e-07	6.62500000000000e-08	1.50000000000000e-09	2.50000000000000e-09	2.50000000000000e-09	3.00000000000000e-09
3.81250000000000e-07	6.87500000000000e-08	1.50000000000000e-09	2.50000000000000e-09	2.50000000000000e-09	3.00000000000000e-09
3.83750000000000e-07	6.87500000000000e-08	1.50000000000000e-09	2.50000000000000e-09	2.50000000000000e-09	3.00000000000000e-09
3.83125000000000e-07	6.56250000000000e-08	1.50000000000000e-09	1.25000000000000e-09	1.25000000000000e-09	3.00000000000000e-09
3.83125000000000e-07	6.68750000000000e-08	1.50000000000000e-09	1.25000000000000e-09	1.25000000000000e-09	3.00000000000000e-09
3.84375000000000e-07	6.56250000000000e-08	1.50000000000000e-09	1.25000000000000e-09	1.25000000000000e-09	3.00000000000000e-09
3.84375000000000e-07	6.68750000000000e-08	1.50000000000000e-09	1.25000000000000e-09	1.25000000000000e-09	3.00000000000000e-09
3.85625000000000e-07	6.56250000000000e-08	1.50000000000000e-09	1.25000000000000e-09	1.25000000000000e-09	3.00000000000000e-09
3.85625000000000e-07	6.68750000000000e-08	1.50000000000000e-09	1.25000000000000e-09	1.25000000000000e-09	3.00000000000000e-09
3.86875000000000e-07	6.56250000000000e-08	1.50000000000000e-09	1.25000000000000e-09	1.25000000000000e-09	3.00000000000000e-09
3.86875000000000e-07	6.68750000000000e-08	1.50000000000000e-09	1.25000000000000e-09	1.25000000000000e-09	3.00000000000000e-09
3.85625000000000e-07	6.81250000000000e-08	1.50000000000000e-09	1.25000000000000e-09	1.25000000000000e-09	3.00000000000000e-09
3.85625000000000e-07	6.93750000000000e-08	1.50000000000000e-09	1.25000000000000e-09	1.25000000000000e-09	3.00000000000000e-09
3.86875000000000e-07	6.81250000000000e-08	1.50000000000000e-09	1.25000000000000e-09	1.25000000000000e-09	3.00000000000000e-09
3.86875000000000e-07	6.93750000000000e-08	1.50000000000000e-09	1.25000000000000e-09	1.25000000000000e-09	3.00000000000000e-09
3.88125000000000e-07	6.56250000000000e-08	1.50000000000000e-09	1.25000000000000e-09	1.25000000000000e-09	3.00000000000000e-09
3.88125000000000e-07	6.68750000000000e-08	1.50000000000000e-09	1.25000000000000e-09	1.25000000000000e-09	3.00000000000000e-09
3.89375000000000e-07	6.56250000000000e-08	1.50000000000000e-09	1.25000000000000e-09	1.25000000000000e-09	3.00000000000000e-09
3.89375000000000e-07	6.68750000000000e-08	1.50000000000000e-09	1.25000000000000e-09	1.25000000000000e-09	3.00000000000000e-09
3.88125000000000e-07	6.81250000000000e-08	1.50000000000000e-09	1.25000000000000e-09	1.25000000000000e-09	3.00000000000000e-09
3.88125000000000e-07	6.93750000000000e-08	1.50000000000000e-09	1.25000000000000e-09	1.25000000000000e-09	3.00000000000000e-09
3.89375000000000e-07	6.81250000000000e-08	1.50000000000000e-09	1.25000000000000e-09	1.25000000000000e-09	3.00000000000000e-09
3.89375000000000e-07	6.93750000000000e-08	1.50000000000000e-09	1.25000000000000e-09	1.25000000000000e-09	3.00000000000000e-09
3.90625000000000e-07	6.56250000000000e-08	1.50000000000000e-09	1.25000000000000e-09	1.25000000000000e-09	3.00000000000000e-09
3.90625000000000e-07	6.68750000000000e-08	1.50000000000000e-09	1.25000000000000e-09	1.25000000000000e-09	3.00000000000000e-09
3.91875000000000e-07	6.56250000000000e-08	1.50000000000000e-09	1.25000000000000e-09	1.25000000000000e-09	3.00000000000000e-09
3.91875000000000e-07	6.68750000000000e-08	1.50000000000000e-09	1.25000000000000e-09	1.25000000000000e-09	3.00000000000000e-09
3.90625000000000e-07	6.81250000000000e-08	1.50000000000000e-09	1.25000000000000e-09	1.25000000000000e-09	3.00000000000000e-09
3.90625000000000e-07	6.93750000000000e-08	1.50000000000000e-09	1.25000000000000e-09	1.25000000000000e-09	3.00000000000000e-09
3.91875000000000e-07	6.81250000000000e-08	1.50000000000000e-09	1.25000000000000e-09	1.25000000000000e-09	3.00000000000000e-09
3.91875000000000e-07	6.93750000000000e-08	1.50000000000000e-09	1.25000000000000e-09	1.25000000000000e-09	3.00000000000000e-09
3.93125000000000e-07	6.56250000000000e-08	1.50000000000000e-09	1.25000000000000e-09	1.25000000000000e-09	3.00000000000000e-09
3.93125000000000e-07	6.68750000000000e-08	1.50000000000000e-09	1.25000000000000e-09	1.25000000000000e-09	3.00000000000000e-09
3.94375000000000e-07	6.56250000000000e-08	1.50000000000000e-09	1.25000000000000e-09	1.25000000000000e-09	3.00000000000000e-09
3.94375000000000e-07	6.68750000000000e-08	1.50000000000000e-09	1.25000000000000e-09	1.25000000000000e-09	3.00000000000000e-09
3.93125000000000e-07	6.81250000000000e-08	1.50000000000000e-09	1.25000000000000e-09	1.25000000000000e-09	3.00000000000000e-09
3.93125000000000e-07	6.93750000000000e-08	1.50000000000000e-09	1.25000000000000e-09	1.25000000000000e-09	3.00000000000000e-09
3.94375000000000e-07	6.81250000000000e-08	1.50000000000000e-09	1.25000000000000e-09	1.25000000000000e-09	3.00000000000000e-09
3.94375000000000e-07	6.93750000000000e-08	1.50000000000000e-09	1.25000000000000e-09	1.25000000000000e-09	3.00000000000000e-09
3.95625000000000e-07	6.56250000000000e-08	1.50000000000000e-09	1.25000000000000e-09	1.25000000000000e-09	3.00000000000000e-09
3.95625000000000e-07	6.68750000000000e-08	1.50000000000000e-09	1.25000000000000e-09	1.25000000000000e-09	3.00000000000000e-09
3.96875000000000e-07	6.56250000000000e-08	1.50000000000000e-09	1.25000000000000e-09	1.25000000000000e-09	3.00000000000000e-09
3.96875000000000e-07	6.68750000000000e-08	1.50000000000000e-09	1.25000000000000e-09	1.25000000000000e-09	3.00000000000000e-09
3.95625000000000e-07	6.81250000000000e-08	1.50000000000000e-09	1.25000000000000e-09	1.25000000000000e-09	3.00000000000000e-09
3.95625000000000e-07	6.93750000000000e-08	1.50000000000000e-09	1.25000000000000e-09	1.25000000000000e-09	3.00000000000000e-09
3.96875000000000e-07	6.81250000000000e-08	1.50000000000000e-09	1.25000000000000e-09	1.25000000000000e-09	3.00000000000000e-09
3.96875000000000e-07	6.93750000000000e-08	1.50000000000000e-09	1.25000000000000e-09	1.25000000000000e-09	3.00000000000000e-09
3.98125000000000e-07	6.56250000000000e-08	1.50000000000000e-09	1.25000000000000e-09	1.25000000000000e-09	3.00000000000000e-09
3.98125000000000e-07	6.68750000000000e-08	1.50000000000000e-09	1.25000000000000e-09	1.25000000000000e-09	3.00000000000000e-09
3.99375000000000e-07	6.56250000000000e-08	1.50000000000000e-09	1.25000000000000e-09	1.25000000000000e-09	3.00000000000000e-09
3.99375000000000e-07	6.68750000000000e-08	1.50000000000000e-09	1.25000000000000e-09	1.25000000000000e-09	3.00000000000000e-09
3.98125000000000e-07	6.81250000000000e-08	1.50000000000000e-09	1.25000000000000e-09	1.25000000000000e-09	3.00000000000000e-09
3.98125000000000e-07	6.93750000000000e-08	1.50000000000000e-09	1.25000000000000e-09	1.25000000000000e-09	3.00000000000000e-09
3.99375000000000e-07	6.81250000000000e-08	1.50000000000000e-09	1.25000000000000e-09	1.25000000000000e-09	3.00000000000000e-09
3.99375000000000e-07	6.93750000000000e-08	1.50000000000000e-09	1.25000000000000e-09	1.25000000000000e-09	3.00000000000000e-09
4.02500000000000e-07	6.75000000000000e-08	1.50000000000000e-09	5.00000000000000e-09	5.00000000000000e-09	3.00000000000000e-09
4.06250000000000e-07	6.62500000000000e-08	1.50000000000000e-09	2.50000000000000e-09	2.50000000000000e-09	3.00000000000000e-09
4.06250000000000e-07	6.87500000000000e-08	1.50000000000000e-09	2.50000000000000e-09	2.50000000000000e-09	3.00000000000000e-09
4.08750000000000e-07	6.62500000000000e-08	1.50000000000000e-09	2.50000000000000e-09	2.50000000000000e-09	3.00000000000000e-09
4.08125000000000e-07	6.81250000000000e-08	1.50000000000000e-09	1.25000000000000e-09	1.25000000000000e-09	3.00000000000000e-09
4.08125000000000e-07	6.93750000000000e-08	1.50000000000000e-09	1.25000000000000e-09	1.25000000000000e-09	3.00000000000000e-09
4.09375000000000e-07	6.81250000000000e-08	1.50000000000000e-09	1.25000000000000e-09	1.25000000000000e-09	3.00000000000000e-09
4.09375000000000e-07	6.93750000000000e-08	1.50000000000000e-09	1.25000000000000e-09	1.25000000000000e-09	3.00000000000000e-09
4.10625000000000e-07	6.56250000000000e-08	1.50000000000000e-09	1.25000000000000e-09	1.25000000000000e-09	3.00000000000000e-09
4.10625000000000e-07	6.68750000000000e-08	1.50000000000000e-09	1.25000000000000e-09	1.25000000000000e-09	3.00000000000000e-09
4.11875000000000e-07	6.56250000000000e-08	1.50000000000000e-09	1.25000000000000e-09	1.25000000000000e-09	3.00000000000000e-09
4.11875000000000e-07	6.68750000000000e-08	1.50000000000000e-09	1.25000000000000e-09	1.25000000000000e-09	3.00000000000000e-09
4.10625000000000e-07	6.81250000000000e-08	1.50000000000000e-09	1.25000000000000e-09	1.25000000000000e-09	3.00000000000000e-09
4.10625000000000e-07	6.93750000000000e-08	1.50000000000000e-09	1.25000000000000e-09	1.25000000000000e-09	3.00000000000000e-09
4.11875000000000e-07	6.81250000000000e-08	1.50000000000000e-09	1.25000000000000e-09	1.25000000000000e-09	3.00000000000000e-09
4.11875000000000e-07	6.93750000000000e-08	1.50000000000000e-09	1.25000000000000e-09	1.25000000000000e-09	3.00000000000000e-09
4.13125000000000e-07	6.56250000000000e-08	1.50000000000000e-09	1.25000000000000e-09	1.25000000000000e-09	3.00000000000000e-09
4.13125000000000e-07	6.68750000000000e-08	1.50000000000000e-09	1.25000000000000e-09	1.25000000000000e-09	3.00000000000000e-09
4.14375000000000e-07	6.56250000000000e-08	1.50000000000000e-09	1.25000000000000e-09	1.25000000000000e-09	3.00000000000000e-09
4.14375000000000e-07	6.68750000000000e-08	1.50000000000000e-09	1.25000000000000e-09	1.25000000000000e-09	3.00000000000000e-09
4.13125000000000e-07	6.81250000000000e-08	1.50000000000000e-09	1.25000000000000e-09	1.25000000000000e-09	3.00000000000000e-09
4.13125000000000e-07	6.93750000000000e-08	1.50000000000000e-09	1.25000000000000e-09	1.25000000000000e-09	3.00000000000000e-09
4.14375000000000e-07	6.81250000000000e-08	1.50000000000000e-09	1.25000000000000e-09	1.25000000000000e-09	3.00000000000000e-09
4.14375000000000e-07	6.93750000000000e-08	1.50000000000000e-09	1.25000000000000e-09	1.25000000000000e-09	3.00000000000000e-09
4.15625000000000e-07	6.56250000000000e-08	1.50000000000000e-09	1.25000000000000e-09	1.25000000000000e-09	3.00000000000000e-09
4.15625000000000e-07	6.68750000000000e-08	1.50000000000000e-09	1.25000000000000e-09	1.25000000000000e-09	3.00000000000000e-09
4.16875000000000e-07	6.56250000000000e-08	1.50000000000000e-09	1.25000000000000e-09	1.25000000000000e-09	3.00000000000000e-09
4.16875000000000e-07	6.68750000000000e-08	1.50000000000000e-09	1.25000000000000e-09	1.25000000000000e-09	3.00000000000000e-09
4.15625000000000e-07	6.81250000000000e-08	1.50000000000000e-09	1.25000000000000e-09	1.25000000000000e-09	3.00000000000000e-09
4.15625000000000e-07	6.93750000000000e-08	1.50000000000000e-09	1.25000000000000e-09	1.25000000000000e-09	3.00000000000000e-09
4.16875000000000e-07	6.81250000000000e-08	1.50000000000000e-09	1.25000000000000e-09	1.25000000000000e-09	3.00000000000000e-09
4.16875000000000e-07	6.93750000000000e-08	1.50000000000000e-09	1.25000000000000e-09	1.25000000000000e-09	3.00000000000000e-09
4.18125000000000e-07	6.56250000000000e-08	1.50000000000000e-09	1.25000000000000e-09	1.25000000000000e-09	3.00000000000000e-09
4.18125000000000e-07	6.68750000000000e-08	1.50000000000000e-09	1.25000000000000e-09	1.25000000000000e-09	3.00000000000000e-09
4.19375000000000e-07	6.56250000000000e-08	1.50000000000000e-09	1.25000000000000e-09	1.25000000000000e-09	3.00000000000000e-09
4.19375000000000e-07	6.68750000000000e-08	1.50000000000000e-09	1.25000000000000e-09	1.25000000000000e-09	3.00000000000000e-09
4.18125000000000e-07	6.81250000000000e-08	1.50000000000000e-09	1.25000000000000e-09	1.25000000000000e-09	3.00000000000000e-09
4.18125000000000e-07	6.93750000000000e-08	1.50000000000000e-09	1.25000000000000e-09	1.25000000000000e-09	3.00000000000000e-09
4.19375000000000e-07	6.81250000000000e-08	1.50000000000000e-09	1.25000000000000e-09	1.25000000000000e-09	3.00000000000000e-09
4.19375000000000e-07	6.93750000000000e-08	1.50000000000000e-09	1.25000000000000e-09	1.25000000000000e-09	3.00000000000000e-09
4.20625000000000e-07	6.56250000000000e-08	1.50000000000000e-09	1.25000000000000e-09	1.25000000000000e-09	3.00000000000000e-09
4.20625000000000e-07	6.68750000000000e-08	1.50000000000000e-09	1.25000000000000e-09	1.25000000000000e-09	3.00000000000000e-09
4.21875000000000e-07	6.56250000000000e-08	1.50000000000000e-09	1.25000000000000e-09	1.25000000000000e-09	3.00000000000000e-09
4.21875000000000e-07	6.68750000000000e-08	1.50000000000000e-09	1.25000000000000e-09	1.25000000000000e-09	3.00000000000000e-09
4.20625000000000e-07	6.81250000000000e-08	1.50000000000000e-09	1.25000000000000e-09	1.25000000000000e-09	3.00000000000000e-09
4.20625000000000e-07	6.93750000000000e-08	1.50000000000000e-09	1.25000000000000e-09	1.25000000000000e-09	3.00000000000000e-09
4.21875000000000e-07	6.81250000000000e-08	1.50000000000000e-09	1.25000000000000e-09	1.25000000000000e-09	3.00000000000000e-09
4.21875000000000e-07	6.93750000000000e-08	1.50000000000000e-09	1.25000000000000e-09	1.25000000000000e-09	3.00000000000000e-09
4.23125000000000e-07	6.56250000000000e-08	1.50000000000000e-09	1.25000000000000e-09	1.25000000000000e-09	3.00000000000000e-09
4.23125000000000e-07	6.68750000000000e-08	1.50000000000000e-09	1.25000000000000e-09	1.25000000000000e-09	3.00000000000000e-09
4.24375000000000e-07	6.56250000000000e-08	1.50000000000000e-09	1.25000000000000e-09	1.25000000000000e-09	3.00000000000000e-09
4.24375000000000e-07	6.68750000000000e-08	1.50000000000000e-09	1.25000000000000e-09	1.25000000000000e-09	3.00000000000000e-09
4.23125000000000e-07	6.81250000000000e-08	1.50000000000000e-09	1.25000000000000e-09	1.25000000000000e-09	3.00000000000000e-09
4.23125000000000e-07	6.93750000000000e-08	1.50000000000000e-09	1.25000000000000e-09	1.25000000000000e-09	3.00000000000000e-09
4.24375000000000e-07	6.81250000000000e-08	1.50000000000000e-09	1.25000000000000e-09	1.25000000000000e-09	3.00000000000000e-09
4.24375000000000e-07	6.93750000000000e-08	1.50000000000000e-09	1.25000000000000e-09	1.25000000000000e-09	3.00000000000000e-09
4.27500000000000e-07	6.75000000000000e-08	1.50000000000000e-09	5.00000000000000e-09	5.00000000000000e-09	3.00000000000000e-09
4.32500000000000e-07	6.75000000000000e-08	1.50000000000000e-09	5.00000000000000e-09	5.00000000000000e-09	3.00000000000000e-09
4.37500000000000e-07	6.75000000000000e-08	1.50000000000000e-09	5.00000000000000e-09	5.00000000000000e-09	3.00000000000000e-09
4.42500000000000e-07	6.75000000000000e-08	1.50000000000000e-09	5.00000000000000e-09	5.00000000000000e-09	3.00000000000000e-09
4.47500000000000e-07	6.75000000000000e-08	1.50000000000000e-09	5.00000000000000e-09	5.00000000000000e-09	3.00000000000000e-09
4.52500000000000e-07	6.75000000000000e-08	1.50000000000000e-09	5.00000000000000e-09	5.00000000000000e-09	3.00000000000000e-09
4.57500000000000e-07	6.75000000000000e-08	1.50000000000000e-09	5.00000000000000e-09	5.00000000000000e-09	3.00000000000000e-09
4.62500000000000e-07	6.75000000000000e-08	1.50000000000000e-09	5.00000000000000e-09	5.00000000000000e-09	3.00000000000000e-09
4.67500000000000e-07	6.75000000000000e-08	1.50000000000000e-09	5.00000000000000e-09	5.00000000000000e-09	3.00000000000000e-09
4.72500000000000e-07	6.75000000000000e-08	1.50000000000000e-09	5.00000000000000e-09	5.00000000000000e-09	3.00000000000000e-09
4.77500000000000e-07	6.75000000000000e-08	1.50000000000000e-09	5.00000000000000e-09	5.00000000000000e-09	3.00000000000000e-09
4.82500000000000e-07	6.75000000000000e-08	1.50000000000000e-09	5.00000000000000e-09	5.00000000000000e-09	3.00000000000000e-09
4.87500000000000e-07	6.75000000000000e-08	1.50000000000000e-09	5.00000000000000e-09	5.00000000000000e-09	3.00000000000000e-09
4.92500000000000e-07	6.75000000000000e-08	1.50000000000000e-09	5.00000000000000e-09	5.00000000000000e-09	3.00000000000000e-09
4.97500000000000e-07	6.75000000000000e-08	1.50000000000000e-09	5.00000000000000e-09	5.00000000000000e-09	3.00000000000000e-09
2.50000000000000e-09	7.25000000000000e-08	1.50000000000000e-09	5.00000000000000e-09	5.00000000000000e-09	3.00000000000000e-09
7.50000000000000e-09	7.25000000000000e-08	1.50000000000000e-09	5.00000000000000e-09	5.00000000000000e-09	3.00000000000000e-09
1.25000000000000e-08	7.25000000000000e-08	1.50000000000000e-09	5.00000000000000e-09	5.00000000000000e-09	3.00000000000000e-09
1.75000000000000e-08	7.25000000000000e-08	1.50000000000000e-09	5.00000000000000e-09	5.00000000000000e-09	3.00000000000000e-09
2.25000000000000e-08	7.25000000000000e-08	1.50000000000000e-09	5.00000000000000e-09	5.00000000000000e-09	3.00000000000000e-09
2.75000000000000e-08	7.25000000000000e-08	1.50000000000000e-09	5.00000000000000e-09	5.00000000000000e-09	3.00000000000000e-09
3.25000000000000e-08	7.25000000000000e-08	1.50000000000000e-09	5.00000000000000e-09	5.00000000000000e-09	3.00000000000000e-09
3.75000000000000e-08	7.25000000000000e-08	1.50000000000000e-09	5.00000000000000e-09	5.00000000000000e-09	3.00000000000000e-09
4.25000000000000e-08	7.25000000000000e-08	1.50000000000000e-09	5.00000000000000e-09	5.00000000000000e-09	3.00000000000000e-09
4.75000000000000e-08	7.25000000000000e-08	1.50000000000000e-09	5.00000000000000e-09	5.00000000000000e-09	3.00000000000000e-09
5.25000000000000e-08	7.25000000000000e-08	1.50000000000000e-09	5.00000000000000e-09	5.00000000000000e-09	3.00000000000000e-09
5.75000000000000e-08	7.25000000000000e-08	1.50000000000000e-09	5.00000000000000e-09	5.00000000000000e-09	3.00000000000000e-09
6.25000000000000e-08	7.25000000000000e-08	1.50000000000000e-09	5.00000000000000e-09	5.00000000000000e-09	3.00000000000000e-09
6.75000000000000e-08	7.25000000000000e-08	1.50000000000000e-09	5.00000000000000e-09	5.00000000000000e-09	3.00000000000000e-09
7.25000000000000e-08	7.25000000000000e-08	1.50000000000000e-09	5.00000000000000e-09	5.00000000000000e-09	3.00000000000000e-09
7.75000000000000e-08	7.25000000000000e-08	1.50000000000000e-09	5.00000000000000e-09	5.00000000000000e-09	3.00000000000000e-09
8.25000000000000e-08	7.25000000000000e-08	1.50000000000000e-09	5.00000000000000e-09	5.00000000000000e-09	3.00000000000000e-09
8.75000000000000e-08	7.25000000000000e-08	1.50000000000000e-09	5.00000000000000e-09	5.00000000000000e-09	3.00000000000000e-09
9.25000000000000e-08	7.25000000000000e-08	1.50000000000000e-09	5.00000000000000e-09	5.00000000000000e-09	3.00000000000000e-09
9.75000000000000e-08	7.25000000000000e-08	1.50000000000000e-09	5.00000000000000e-09	5.00000000000000e-09	3.00000000000000e-09
1.02500000000000e-07	7.25000000000000e-08	1.50000000000000e-09	5.00000000000000e-09	5.00000000000000e-09	3.00000000000000e-09
1.07500000000000e-07	7.25000000000000e-08	1.50000000000000e-09	5.00000000000000e-09	5.00000000000000e-09	3.00000000000000e-09
1.10625000000000e-07	7.06250000000000e-08	1.50000000000000e-09	1.25000000000000e-09	1.25000000000000e-09	3.00000000000000e-09
1.10625000000000e-07	7.18750000000000e-08	1.50000000000000e-09	1.25000000000000e-09	1.25000000000000e-09	3.00000000000000e-09
1.11875000000000e-07	7.06250000000000e-08	1.50000000000000e-09	1.25000000000000e-09	1.25000000000000e-09	3.00000000000000e-09
1.11875000000000e-07	7.18750000000000e-08	1.50000000000000e-09	1.25000000000000e-09	1.25000000000000e-09	3.00000000000000e-09
1.10625000000000e-07	7.31250000000000e-08	1.50000000000000e-09	1.25000000000000e-09	1.25000000000000e-09	3.00000000000000e-09
1.10625000000000e-07	7.43750000000000e-08	1.50000000000000e-09	1.25000000000000e-09	1.25000000000000e-09	3.00000000000000e-09
1.11875000000000e-07	7.31250000000000e-08	1.50000000000000e-09	1.25000000000000e-09	1.25000000000000e-09	3.00000000000000e-09
1.11875000000000e-07	7.43750000000000e-08	1.50000000000000e-09	1.25000000000000e-09	1.25000000000000e-09	3.00000000000000e-09
1.13125000000000e-07	7.06250000000000e-08	1.50000000000000e-09	1.25000000000000e-09	1.25000000000000e-09	3.00000000000000e-09
1.13125000000000e-07	7.18750000000000e-08	1.50000000000000e-09	1.25000000000000e-09	1.25000000000000e-09	3.00000000000000e-09
1.14375000000000e-07	7.06250000000000e-08	1.50000000000000e-09	1.25000000000000e-09	1.25000000000000e-09	3.00000000000000e-09
1.14375000000000e-07	7.18750000000000e-08	1.50000000000000e-09	1.25000000000000e-09	1.25000000000000e-09	3.00000000000000e-09
1.13125000000000e-07	7.31250000000000e-08	1.50000000000000e-09	1.25000000000000e-09	1.25000000000000e-09	3.00000000000000e-09
1.13125000000000e-07	7.43750000000000e-08	1.50000000000000e-09	1.25000000000000e-09	1.25000000000000e-09	3.00000000000000e-09
1.14375000000000e-07	7.31250000000000e-08	1.50000000000000e-09	1.25000000000000e-09	1.25000000000000e-09	3.00000000000000e-09
1.14375000000000e-07	7.43750000000000e-08	1.50000000000000e-09	1.25000000000000e-09	1.25000000000000e-09	3.00000000000000e-09
1.15625000000000e-07	7.06250000000000e-08	1.50000000000000e-09	1.25000000000000e-09	1.25000000000000e-09	3.00000000000000e-09
1.15625000000000e-07	7.18750000000000e-08	1.50000000000000e-09	1.25000000000000e-09	1.25000000000000e-09	3.00000000000000e-09
1.16875000000000e-07	7.06250000000000e-08	1.50000000000000e-09	1.25000000000000e-09	1.25000000000000e-09	3.00000000000000e-09
1.16875000000000e-07	7.18750000000000e-08	1.50000000000000e-09	1.25000000000000e-09	1.25000000000000e-09	3.00000000000000e-09
1.15625000000000e-07	7.31250000000000e-08	1.50000000000000e-09	1.25000000000000e-09	1.25000000000000e-09	3.00000000000000e-09
1.15625000000000e-07	7.43750000000000e-08	1.50000000000000e-09	1.25000000000000e-09	1.25000000000000e-09	3.00000000000000e-09
1.16875000000000e-07	7.31250000000000e-08	1.50000000000000e-09	1.25000000000000e-09	1.25000000000000e-09	3.00000000000000e-09
1.16875000000000e-07	7.43750000000000e-08	1.50000000000000e-09	1.25000000000000e-09	1.25000000000000e-09	3.00000000000000e-09
1.18125000000000e-07	7.06250000000000e-08	1.50000000000000e-09	1.25000000000000e-09	1.25000000000000e-09	3.00000000000000e-09
1.18125000000000e-07	7.18750000000000e-08	1.50000000000000e-09	1.25000000000000e-09	1.25000000000000e-09	3.00000000000000e-09
1.19375000000000e-07	7.06250000000000e-08	1.50000000000000e-09	1.25000000000000e-09	1.25000000000000e-09	3.00000000000000e-09
1.19375000000000e-07	7.18750000000000e-08	1.50000000000000e-09	1.25000000000000e-09	1.25000000000000e-09	3.00000000000000e-09
1.18125000000000e-07	7.31250000000000e-08	1.50000000000000e-09	1.25000000000000e-09	1.25000000000000e-09	3.00000000000000e-09
1.18125000000000e-07	7.43750000000000e-08	1.50000000000000e-09	1.25000000000000e-09	1.25000000000000e-09	3.00000000000000e-09
1.19375000000000e-07	7.31250000000000e-08	1.50000000000000e-09	1.25000000000000e-09	1.25000000000000e-09	3.00000000000000e-09
1.19375000000000e-07	7.43750000000000e-08	1.50000000000000e-09	1.25000000000000e-09	1.25000000000000e-09	3.00000000000000e-09
1.23750000000000e-07	7.12500000000000e-08	1.50000000000000e-09	2.50000000000000e-09	2.50000000000000e-09	3.00000000000000e-09
1.23750000000000e-07	7.37500000000000e-08	1.50000000000000e-09	2.50000000000000e-09	2.50000000000000e-09	3.00000000000000e-09
1.20625000000000e-07	7.06250000000000e-08	1.50000000000000e-09	1.25000000000000e-09	1.25000000000000e-09	3.00000000000000e-09
1.20625000000000e-07	7.18750000000000e-08	1.50000000000000e-09	1.25000000000000e-09	1.25000000000000e-09	3.00000000000000e-09
1.21875000000000e-07	7.06250000000000e-08	1.50000000000000e-09	1.25000000000000e-09	1.25000000000000e-09	3.00000000000000e-09
1.21875000000000e-07	7.18750000000000e-08	1.50000000000000e-09	1.25000000000000e-09	1.25000000000000e-09	3.00000000000000e-09
1.20625000000000e-07	7.31250000000000e-08	1.50000000000000e-09	1.25000000000000e-09	1.25000000000000e-09	3.00000000000000e-09
1.20625000000000e-07	7.43750000000000e-08	1.50000000000000e-09	1.25000000000000e-09	1.25000000000000e-09	3.00000000000000e-09
1.21875000000000e-07	7.31250000000000e-08	1.50000000000000e-09	1.25000000000000e-09	1.25000000000000e-09	3.00000000000000e-09
1.21875000000000e-07	7.43750000000000e-08	1.50000000000000e-09	1.25000000000000e-09	1.25000000000000e-09	3.00000000000000e-09
1.27500000000000e-07	7.25000000000000e-08	1.50000000000000e-09	5.00000000000000e-09	5.00000000000000e-09	3.00000000000000e-09
1.32500000000000e-07	7.25000000000000e-08	1.50000000000000e-09	5.00000000000000e-09	5.00000000000000e-09	3.00000000000000e-09
1.37500000000000e-07	7.25000000000000e-08	1.50000000000000e-09	5.00000000000000e-09	5.00000000000000e-09	3.00000000000000e-09
1.42500000000000e-07	7.25000000000000e-08	1.50000000000000e-09	5.00000000000000e-09	5.00000000000000e-09	3.00000000000000e-09
1.47500000000000e-07	7.25000000000000e-08	1.50000000000000e-09	5.00000000000000e-09	5.00000000000000e-09	3.00000000000000e-09
1.52500000000000e-07	7.25000000000000e-08	1.50000000000000e-09	5.00000000000000e-09	5.00000000000000e-09	3.00000000000000e-09
1.57500000000000e-07	7.25000000000000e-08	1.50000000000000e-09	5.00000000000000e-09	5.00000000000000e-09	3.00000000000000e-09
1.62500000000000e-07	7.25000000000000e-08	1.50000000000000e-09	5.00000000000000e-09	5.00000000000000e-09	3.00000000000000e-09
1.67500000000000e-07	7.25000000000000e-08	1.50000000000000e-09	5.00000000000000e-09	5.00000000000000e-09	3.00000000000000e-09
1.72500000000000e-07	7.25000000000000e-08	1.50000000000000e-09	5.00000000000000e-09	5.00000000000000e-09	3.00000000000000e-09
1.77500000000000e-07	7.25000000000000e-08	1.50000000000000e-09	5.00000000000000e-09	5.00000000000000e-09	3.00000000000000e-09
1.82500000000000e-07	7.25000000000000e-08	1.50000000000000e-09	5.00000000000000e-09	5.00000000000000e-09	3.00000000000000e-09
1.87500000000000e-07	7.25000000000000e-08	1.50000000000000e-09	5.00000000000000e-09	5.00000000000000e-09	3.00000000000000e-09
1.92500000000000e-07	7.25000000000000e-08	1.50000000000000e-09	5.00000000000000e-09	5.00000000000000e-09	3.00000000000000e-09
1.97500000000000e-07	7.25000000000000e-08	1.50000000000000e-09	5.00000000000000e-09	5.00000000000000e-09	3.00000000000000e-09
2.02500000000000e-07	7.25000000000000e-08	1.50000000000000e-09	5.00000000000000e-09	5.00000000000000e-09	3.00000000000000e-09
2.07500000000000e-07	7.25000000000000e-08	1.50000000000000e-09	5.00000000000000e-09	5.00000000000000e-09	3.00000000000000e-09
2.11250000000000e-07	7.12500000000000e-08	1.50000000000000e-09	2.50000000000000e-09	2.50000000000000e-09	3.00000000000000e-09
2.11250000000000e-07	7.37500000000000e-08	1.50000000000000e-09	2.50000000000000e-09	2.50000000000000e-09	3.00000000000000e-09
2.13125000000000e-07	7.06250000000000e-08	1.50000000000000e-09	1.25000000000000e-09	1.25000000000000e-09	3.00000000000000e-09
2.13125000000000e-07	7.18750000000000e-08	1.50000000000000e-09	1.25000000000000e-09	1.25000000000000e-09	3.00000000000000e-09
2.14375000000000e-07	7.06250000000000e-08	1.50000000000000e-09	1.25000000000000e-09	1.25000000000000e-09	3.00000000000000e-09
2.14375000000000e-07	7.18750000000000e-08	1.50000000000000e-09	1.25000000000000e-09	1.25000000000000e-09	3.00000000000000e-09
2.13125000000000e-07	7.31250000000000e-08	1.50000000000000e-09	1.25000000000000e-09	1.25000000000000e-09	3.00000000000000e-09
2.13125000000000e-07	7.43750000000000e-08	1.50000000000000e-09	1.25000000000000e-09	1.25000000000000e-09	3.00000000000000e-09
2.14375000000000e-07	7.31250000000000e-08	1.50000000000000e-09	1.25000000000000e-09	1.25000000000000e-09	3.00000000000000e-09
2.14375000000000e-07	7.43750000000000e-08	1.50000000000000e-09	1.25000000000000e-09	1.25000000000000e-09	3.00000000000000e-09
2.15625000000000e-07	7.06250000000000e-08	1.50000000000000e-09	1.25000000000000e-09	1.25000000000000e-09	3.00000000000000e-09
2.15625000000000e-07	7.18750000000000e-08	1.50000000000000e-09	1.25000000000000e-09	1.25000000000000e-09	3.00000000000000e-09
2.16875000000000e-07	7.06250000000000e-08	1.50000000000000e-09	1.25000000000000e-09	1.25000000000000e-09	3.00000000000000e-09
2.16875000000000e-07	7.18750000000000e-08	1.50000000000000e-09	1.25000000000000e-09	1.25000000000000e-09	3.00000000000000e-09
2.15625000000000e-07	7.31250000000000e-08	1.50000000000000e-09	1.25000000000000e-09	1.25000000000000e-09	3.00000000000000e-09
2.15625000000000e-07	7.43750000000000e-08	1.50000000000000e-09	1.25000000000000e-09	1.25000000000000e-09	3.00000000000000e-09
2.16875000000000e-07	7.31250000000000e-08	1.50000000000000e-09	1.25000000000000e-09	1.25000000000000e-09	3.00000000000000e-09
2.16875000000000e-07	7.43750000000000e-08	1.50000000000000e-09	1.25000000000000e-09	1.25000000000000e-09	3.00000000000000e-09
2.18125000000000e-07	7.06250000000000e-08	1.50000000000000e-09	1.25000000000000e-09	1.25000000000000e-09	3.00000000000000e-09
2.18125000000000e-07	7.18750000000000e-08	1.50000000000000e-09	1.25000000000000e-09	1.25000000000000e-09	3.00000000000000e-09
2.19375000000000e-07	7.06250000000000e-08	1.50000000000000e-09	1.25000000000000e-09	1.25000000000000e-09	3.00000000000000e-09
2.19375000000000e-07	7.18750000000000e-08	1.50000000000000e-09	1.25000000000000e-09	1.25000000000000e-09	3.00000000000000e-09
2.18125000000000e-07	7.31250000000000e-08	1.50000000000000e-09	1.25000000000000e-09	1.25000000000000e-09	3.00000000000000e-09
2.18125000000000e-07	7.43750000000000e-08	1.50000000000000e-09	1.25000000000000e-09	1.25000000000000e-09	3.00000000000000e-09
2.19375000000000e-07	7.31250000000000e-08	1.50000000000000e-09	1.25000000000000e-09	1.25000000000000e-09	3.00000000000000e-09
2.19375000000000e-07	7.43750000000000e-08	1.50000000000000e-09	1.25000000000000e-09	1.25000000000000e-09	3.00000000000000e-09
2.23750000000000e-07	7.12500000000000e-08	1.50000000000000e-09	2.50000000000000e-09	2.50000000000000e-09	3.00000000000000e-09
2.23750000000000e-07	7.37500000000000e-08	1.50000000000000e-09	2.50000000000000e-09	2.50000000000000e-09	3.00000000000000e-09
2.20625000000000e-07	7.06250000000000e-08	1.50000000000000e-09	1.25000000000000e-09	1.25000000000000e-09	3.00000000000000e-09
2.20625000000000e-07	7.18750000000000e-08	1.50000000000000e-09	1.25000000000000e-09	1.25000000000000e-09	3.00000000000000e-09
2.21875000000000e-07	7.06250000000000e-08	1.50000000000000e-09	1.25000000000000e-09	1.25000000000000e-09	3.00000000000000e-09
2.21875000000000e-07	7.18750000000000e-08	1.50000000000000e-09	1.25000000000000e-09	1.25000000000000e-09	3.00000000000000e-09
2.20625000000000e-07	7.31250000000000e-08	1.50000000000000e-09	1.25000000000000e-09	1.25000000000000e-09	3.00000000000000e-09
2.20625000000000e-07	7.43750000000000e-08	1.50000000000000e-09	1.25000000000000e-09	1.25000000000000e-09	3.00000000000000e-09
2.21875000000000e-07	7.31250000000000e-08	1.50000000000000e-09	1.25000000000000e-09	1.25000000000000e-09	3.00000000000000e-09
2.21875000000000e-07	7.43750000000000e-08	1.50000000000000e-09	1.25000000000000e-09	1.25000000000000e-09	3.00000000000000e-09
2.27500000000000e-07	7.25000000000000e-08	1.50000000000000e-09	5.00000000000000e-09	5.00000000000000e-09	3.00000000000000e-09
2.32500000000000e-07	7.25000000000000e-08	1.50000000000000e-09	5.00000000000000e-09	5.00000000000000e-09	3.00000000000000e-09
2.37500000000000e-07	7.25000000000000e-08	1.50000000000000e-09	5.00000000000000e-09	5.00000000000000e-09	3.00000000000000e-09
2.42500000000000e-07	7.25000000000000e-08	1.50000000000000e-09	5.00000000000000e-09	5.00000000000000e-09	3.00000000000000e-09
2.47500000000000e-07	7.25000000000000e-08	1.50000000000000e-09	5.00000000000000e-09	5.00000000000000e-09	3.00000000000000e-09
2.52500000000000e-07	7.25000000000000e-08	1.50000000000000e-09	5.00000000000000e-09	5.00000000000000e-09	3.00000000000000e-09
2.57500000000000e-07	7.25000000000000e-08	1.50000000000000e-09	5.00000000000000e-09	5.00000000000000e-09	3.00000000000000e-09
2.62500000000000e-07	7.25000000000000e-08	1.50000000000000e-09	5.00000000000000e-09	5.00000000000000e-09	3.00000000000000e-09
2.67500000000000e-07	7.25000000000000e-08	1.50000000000000e-09	5.00000000000000e-09	5.00000000000000e-09	3.00000000000000e-09
2.72500000000000e-07	7.25000000000000e-08	1.50000000000000e-09	5.00000000000000e-09	5.00000000000000e-09	3.00000000000000e-09
2.77500000000000e-07	7.25000000000000e-08	1.50000000000000e-09	5.00000000000000e-09	5.00000000000000e-09	3.00000000000000e-09
2.82500000000000e-07	7.25000000000000e-08	1.50000000000000e-09	5.00000000000000e-09	5.00000000000000e-09	3.00000000000000e-09
2.87500000000000e-07	7.25000000000000e-08	1.50000000000000e-09	5.00000000000000e-09	5.00000000000000e-09	3.00000000000000e-09
2.92500000000000e-07	7.25000000000000e-08	1.50000000000000e-09	5.00000000000000e-09	5.00000000000000e-09	3.00000000000000e-09
2.97500000000000e-07	7.25000000000000e-08	1.50000000000000e-09	5.00000000000000e-09	5.00000000000000e-09	3.00000000000000e-09
3.00625000000000e-07	7.06250000000000e-08	1.50000000000000e-09	1.25000000000000e-09	1.25000000000000e-09	3.00000000000000e-09
3.00625000000000e-07	7.18750000000000e-08	1.50000000000000e-09	1.25000000000000e-09	1.25000000000000e-09	3.00000000000000e-09
3.01875000000000e-07	7.06250000000000e-08	1.50000000000000e-09	1.25000000000000e-09	1.25000000000000e-09	3.00000000000000e-09
3.01875000000000e-07	7.18750000000000e-08	1.50000000000000e-09	1.25000000000000e-09	1.25000000000000e-09	3.00000000000000e-09
3.00625000000000e-07	7.31250000000000e-08	1.50000000000000e-09	1.25000000000000e-09	1.25000000000000e-09	3.00000000000000e-09
3.00625000000000e-07	7.43750000000000e-08	1.50000000000000e-09	1.25000000000000e-09	1.25000000000000e-09	3.00000000000000e-09
3.01875000000000e-07	7.31250000000000e-08	1.50000000000000e-09	1.25000000000000e-09	1.25000000000000e-09	3.00000000000000e-09
3.01875000000000e-07	7.43750000000000e-08	1.50000000000000e-09	1.25000000000000e-09	1.25000000000000e-09	3.00000000000000e-09
3.03125000000000e-07	7.06250000000000e-08	1.50000000000000e-09	1.25000000000000e-09	1.25000000000000e-09	3.00000000000000e-09
3.03125000000000e-07	7.18750000000000e-08	1.50000000000000e-09	1.25000000000000e-09	1.25000000000000e-09	3.00000000000000e-09
3.04375000000000e-07	7.06250000000000e-08	1.50000000000000e-09	1.25000000000000e-09	1.25000000000000e-09	3.00000000000000e-09
3.04375000000000e-07	7.18750000000000e-08	1.50000000000000e-09	1.25000000000000e-09	1.25000000000000e-09	3.00000000000000e-09
3.03125000000000e-07	7.31250000000000e-08	1.50000000000000e-09	1.25000000000000e-09	1.25000000000000e-09	3.00000000000000e-09
3.03125000000000e-07	7.43750000000000e-08	1.50000000000000e-09	1.25000000000000e-09	1.25000000000000e-09	3.00000000000000e-09
3.04375000000000e-07	7.31250000000000e-08	1.50000000000000e-09	1.25000000000000e-09	1.25000000000000e-09	3.00000000000000e-09
3.04375000000000e-07	7.43750000000000e-08	1.50000000000000e-09	1.25000000000000e-09	1.25000000000000e-09	3.00000000000000e-09
3.05625000000000e-07	7.06250000000000e-08	1.50000000000000e-09	1.25000000000000e-09	1.25000000000000e-09	3.00000000000000e-09
3.05625000000000e-07	7.18750000000000e-08	1.50000000000000e-09	1.25000000000000e-09	1.25000000000000e-09	3.00000000000000e-09
3.06875000000000e-07	7.06250000000000e-08	1.50000000000000e-09	1.25000000000000e-09	1.25000000000000e-09	3.00000000000000e-09
3.06875000000000e-07	7.18750000000000e-08	1.50000000000000e-09	1.25000000000000e-09	1.25000000000000e-09	3.00000000000000e-09
3.05625000000000e-07	7.31250000000000e-08	1.50000000000000e-09	1.25000000000000e-09	1.25000000000000e-09	3.00000000000000e-09
3.05625000000000e-07	7.43750000000000e-08	1.50000000000000e-09	1.25000000000000e-09	1.25000000000000e-09	3.00000000000000e-09
3.06875000000000e-07	7.31250000000000e-08	1.50000000000000e-09	1.25000000000000e-09	1.25000000000000e-09	3.00000000000000e-09
3.06875000000000e-07	7.43750000000000e-08	1.50000000000000e-09	1.25000000000000e-09	1.25000000000000e-09	3.00000000000000e-09
3.08125000000000e-07	7.06250000000000e-08	1.50000000000000e-09	1.25000000000000e-09	1.25000000000000e-09	3.00000000000000e-09
3.08125000000000e-07	7.18750000000000e-08	1.50000000000000e-09	1.25000000000000e-09	1.25000000000000e-09	3.00000000000000e-09
3.09375000000000e-07	7.06250000000000e-08	1.50000000000000e-09	1.25000000000000e-09	1.25000000000000e-09	3.00000000000000e-09
3.09375000000000e-07	7.18750000000000e-08	1.50000000000000e-09	1.25000000000000e-09	1.25000000000000e-09	3.00000000000000e-09
3.08125000000000e-07	7.31250000000000e-08	1.50000000000000e-09	1.25000000000000e-09	1.25000000000000e-09	3.00000000000000e-09
3.08125000000000e-07	7.43750000000000e-08	1.50000000000000e-09	1.25000000000000e-09	1.25000000000000e-09	3.00000000000000e-09
3.09375000000000e-07	7.31250000000000e-08	1.50000000000000e-09	1.25000000000000e-09	1.25000000000000e-09	3.00000000000000e-09
3.09375000000000e-07	7.43750000000000e-08	1.50000000000000e-09	1.25000000000000e-09	1.25000000000000e-09	3.00000000000000e-09
3.13750000000000e-07	7.12500000000000e-08	1.50000000000000e-09	2.50000000000000e-09	2.50000000000000e-09	3.00000000000000e-09
3.13750000000000e-07	7.37500000000000e-08	1.50000000000000e-09	2.50000000000000e-09	2.50000000000000e-09	3.00000000000000e-09
3.10625000000000e-07	7.06250000000000e-08	1.50000000000000e-09	1.25000000000000e-09	1.25000000000000e-09	3.00000000000000e-09
3.10625000000000e-07	7.18750000000000e-08	1.50000000000000e-09	1.25000000000000e-09	1.25000000000000e-09	3.00000000000000e-09
3.11875000000000e-07	7.06250000000000e-08	1.50000000000000e-09	1.25000000000000e-09	1.25000000000000e-09	3.00000000000000e-09
3.11875000000000e-07	7.18750000000000e-08	1.50000000000000e-09	1.25000000000000e-09	1.25000000000000e-09	3.00000000000000e-09
3.10625000000000e-07	7.31250000000000e-08	1.50000000000000e-09	1.25000000000000e-09	1.25000000000000e-09	3.00000000000000e-09
3.10625000000000e-07	7.43750000000000e-08	1.50000000000000e-09	1.25000000000000e-09	1.25000000000000e-09	3.00000000000000e-09
3.11875000000000e-07	7.31250000000000e-08	1.50000000000000e-09	1.25000000000000e-09	1.25000000000000e-09	3.00000000000000e-09
3.11875000000000e-07	7.43750000000000e-08	1.50000000000000e-09	1.25000000000000e-09	1.25000000000000e-09	3.00000000000000e-09
3.17500000000000e-07	7.25000000000000e-08	1.50000000000000e-09	5.00000000000000e-09	5.00000000000000e-09	3.00000000000000e-09
3.22500000000000e-07	7.25000000000000e-08	1.50000000000000e-09	5.00000000000000e-09	5.00000000000000e-09	3.00000000000000e-09
3.27500000000000e-07	7.25000000000000e-08	1.50000000000000e-09	5.00000000000000e-09	5.00000000000000e-09	3.00000000000000e-09
3.32500000000000e-07	7.25000000000000e-08	1.50000000000000e-09	5.00000000000000e-09	5.00000000000000e-09	3.00000000000000e-09
3.37500000000000e-07	7.25000000000000e-08	1.50000000000000e-09	5.00000000000000e-09	5.00000000000000e-09	3.00000000000000e-09
3.42500000000000e-07	7.25000000000000e-08	1.50000000000000e-09	5.00000000000000e-09	5.00000000000000e-09	3.00000000000000e-09
3.47500000000000e-07	7.25000000000000e-08	1.50000000000000e-09	5.00000000000000e-09	5.00000000000000e-09	3.00000000000000e-09
3.52500000000000e-07	7.25000000000000e-08	1.50000000000000e-09	5.00000000000000e-09	5.00000000000000e-09	3.00000000000000e-09
3.57500000000000e-07	7.25000000000000e-08	1.50000000000000e-09	5.00000000000000e-09	5.00000000000000e-09	3.00000000000000e-09
3.62500000000000e-07	7.25000000000000e-08	1.50000000000000e-09	5.00000000000000e-09	5.00000000000000e-09	3.00000000000000e-09
3.67500000000000e-07	7.25000000000000e-08	1.50000000000000e-09	5.00000000000000e-09	5.00000000000000e-09	3.00000000000000e-09
3.72500000000000e-07	7.25000000000000e-08	1.50000000000000e-09	5.00000000000000e-09	5.00000000000000e-09	3.00000000000000e-09
3.77500000000000e-07	7.25000000000000e-08	1.50000000000000e-09	5.00000000000000e-09	5.00000000000000e-09	3.00000000000000e-09
3.82500000000000e-07	7.25000000000000e-08	1.50000000000000e-09	5.00000000000000e-09	5.00000000000000e-09	3.00000000000000e-09
3.86250000000000e-07	7.12500000000000e-08	1.50000000000000e-09	2.50000000000000e-09	2.50000000000000e-09	3.00000000000000e-09
3.86250000000000e-07	7.37500000000000e-08	1.50000000000000e-09	2.50000000000000e-09	2.50000000000000e-09	3.00000000000000e-09
3.88750000000000e-07	7.37500000000000e-08	1.50000000000000e-09	2.50000000000000e-09	2.50000000000000e-09	3.00000000000000e-09
3.88125000000000e-07	7.06250000000000e-08	1.50000000000000e-09	1.25000000000000e-09	1.25000000000000e-09	3.00000000000000e-09
3.88125000000000e-07	7.18750000000000e-08	1.50000000000000e-09	1.25000000000000e-09	1.25000000000000e-09	3.00000000000000e-09
3.89375000000000e-07	7.06250000000000e-08	1.50000000000000e-09	1.25000000000000e-09	1.25000000000000e-09	3.00000000000000e-09
3.89375000000000e-07	7.18750000000000e-08	1.50000000000000e-09	1.25000000000000e-09	1.25000000000000e-09	3.00000000000000e-09
3.90625000000000e-07	7.06250000000000e-08	1.50000000000000e-09	1.25000000000000e-09	1.25000000000000e-09	3.00000000000000e-09
3.90625000000000e-07	7.18750000000000e-08	1.50000000000000e-09	1.25000000000000e-09	1.25000000000000e-09	3.00000000000000e-09
3.91875000000000e-07	7.06250000000000e-08	1.50000000000000e-09	1.25000000000000e-09	1.25000000000000e-09	3.00000000000000e-09
3.91875000000000e-07	7.18750000000000e-08	1.50000000000000e-09	1.25000000000000e-09	1.25000000000000e-09	3.00000000000000e-09
3.90625000000000e-07	7.31250000000000e-08	1.50000000000000e-09	1.25000000000000e-09	1.25000000000000e-09	3.00000000000000e-09
3.90625000000000e-07	7.43750000000000e-08	1.50000000000000e-09	1.25000000000000e-09	1.25000000000000e-09	3.00000000000000e-09
3.91875000000000e-07	7.31250000000000e-08	1.50000000000000e-09	1.25000000000000e-09	1.25000000000000e-09	3.00000000000000e-09
3.91875000000000e-07	7.43750000000000e-08	1.50000000000000e-09	1.25000000000000e-09	1.25000000000000e-09	3.00000000000000e-09
3.93125000000000e-07	7.06250000000000e-08	1.50000000000000e-09	1.25000000000000e-09	1.25000000000000e-09	3.00000000000000e-09
3.93125000000000e-07	7.18750000000000e-08	1.50000000000000e-09	1.25000000000000e-09	1.25000000000000e-09	3.00000000000000e-09
3.94375000000000e-07	7.06250000000000e-08	1.50000000000000e-09	1.25000000000000e-09	1.25000000000000e-09	3.00000000000000e-09
3.94375000000000e-07	7.18750000000000e-08	1.50000000000000e-09	1.25000000000000e-09	1.25000000000000e-09	3.00000000000000e-09
3.93125000000000e-07	7.31250000000000e-08	1.50000000000000e-09	1.25000000000000e-09	1.25000000000000e-09	3.00000000000000e-09
3.93125000000000e-07	7.43750000000000e-08	1.50000000000000e-09	1.25000000000000e-09	1.25000000000000e-09	3.00000000000000e-09
3.94375000000000e-07	7.31250000000000e-08	1.50000000000000e-09	1.25000000000000e-09	1.25000000000000e-09	3.00000000000000e-09
3.94375000000000e-07	7.43750000000000e-08	1.50000000000000e-09	1.25000000000000e-09	1.25000000000000e-09	3.00000000000000e-09
3.95625000000000e-07	7.06250000000000e-08	1.50000000000000e-09	1.25000000000000e-09	1.25000000000000e-09	3.00000000000000e-09
3.95625000000000e-07	7.18750000000000e-08	1.50000000000000e-09	1.25000000000000e-09	1.25000000000000e-09	3.00000000000000e-09
3.96875000000000e-07	7.06250000000000e-08	1.50000000000000e-09	1.25000000000000e-09	1.25000000000000e-09	3.00000000000000e-09
3.96875000000000e-07	7.18750000000000e-08	1.50000000000000e-09	1.25000000000000e-09	1.25000000000000e-09	3.00000000000000e-09
3.95625000000000e-07	7.31250000000000e-08	1.50000000000000e-09	1.25000000000000e-09	1.25000000000000e-09	3.00000000000000e-09
3.95625000000000e-07	7.43750000000000e-08	1.50000000000000e-09	1.25000000000000e-09	1.25000000000000e-09	3.00000000000000e-09
3.96875000000000e-07	7.31250000000000e-08	1.50000000000000e-09	1.25000000000000e-09	1.25000000000000e-09	3.00000000000000e-09
3.96875000000000e-07	7.43750000000000e-08	1.50000000000000e-09	1.25000000000000e-09	1.25000000000000e-09	3.00000000000000e-09
3.98125000000000e-07	7.06250000000000e-08	1.50000000000000e-09	1.25000000000000e-09	1.25000000000000e-09	3.00000000000000e-09
3.98125000000000e-07	7.18750000000000e-08	1.50000000000000e-09	1.25000000000000e-09	1.25000000000000e-09	3.00000000000000e-09
3.99375000000000e-07	7.06250000000000e-08	1.50000000000000e-09	1.25000000000000e-09	1.25000000000000e-09	3.00000000000000e-09
3.99375000000000e-07	7.18750000000000e-08	1.50000000000000e-09	1.25000000000000e-09	1.25000000000000e-09	3.00000000000000e-09
3.98125000000000e-07	7.31250000000000e-08	1.50000000000000e-09	1.25000000000000e-09	1.25000000000000e-09	3.00000000000000e-09
3.98125000000000e-07	7.43750000000000e-08	1.50000000000000e-09	1.25000000000000e-09	1.25000000000000e-09	3.00000000000000e-09
3.99375000000000e-07	7.31250000000000e-08	1.50000000000000e-09	1.25000000000000e-09	1.25000000000000e-09	3.00000000000000e-09
3.99375000000000e-07	7.43750000000000e-08	1.50000000000000e-09	1.25000000000000e-09	1.25000000000000e-09	3.00000000000000e-09
4.03750000000000e-07	7.12500000000000e-08	1.50000000000000e-09	2.50000000000000e-09	2.50000000000000e-09	3.00000000000000e-09
4.00625000000000e-07	7.06250000000000e-08	1.50000000000000e-09	1.25000000000000e-09	1.25000000000000e-09	3.00000000000000e-09
4.00625000000000e-07	7.18750000000000e-08	1.50000000000000e-09	1.25000000000000e-09	1.25000000000000e-09	3.00000000000000e-09
4.01875000000000e-07	7.06250000000000e-08	1.50000000000000e-09	1.25000000000000e-09	1.25000000000000e-09	3.00000000000000e-09
4.01875000000000e-07	7.18750000000000e-08	1.50000000000000e-09	1.25000000000000e-09	1.25000000000000e-09	3.00000000000000e-09
4.00625000000000e-07	7.31250000000000e-08	1.50000000000000e-09	1.25000000000000e-09	1.25000000000000e-09	3.00000000000000e-09
4.00625000000000e-07	7.43750000000000e-08	1.50000000000000e-09	1.25000000000000e-09	1.25000000000000e-09	3.00000000000000e-09
4.01875000000000e-07	7.31250000000000e-08	1.50000000000000e-09	1.25000000000000e-09	1.25000000000000e-09	3.00000000000000e-09
4.01875000000000e-07	7.43750000000000e-08	1.50000000000000e-09	1.25000000000000e-09	1.25000000000000e-09	3.00000000000000e-09
4.03125000000000e-07	7.31250000000000e-08	1.50000000000000e-09	1.25000000000000e-09	1.25000000000000e-09	3.00000000000000e-09
4.03125000000000e-07	7.43750000000000e-08	1.50000000000000e-09	1.25000000000000e-09	1.25000000000000e-09	3.00000000000000e-09
4.04375000000000e-07	7.31250000000000e-08	1.50000000000000e-09	1.25000000000000e-09	1.25000000000000e-09	3.00000000000000e-09
4.04375000000000e-07	7.43750000000000e-08	1.50000000000000e-09	1.25000000000000e-09	1.25000000000000e-09	3.00000000000000e-09
4.06250000000000e-07	7.12500000000000e-08	1.50000000000000e-09	2.50000000000000e-09	2.50000000000000e-09	3.00000000000000e-09
4.05625000000000e-07	7.31250000000000e-08	1.50000000000000e-09	1.25000000000000e-09	1.25000000000000e-09	3.00000000000000e-09
4.05625000000000e-07	7.43750000000000e-08	1.50000000000000e-09	1.25000000000000e-09	1.25000000000000e-09	3.00000000000000e-09
4.06875000000000e-07	7.31250000000000e-08	1.50000000000000e-09	1.25000000000000e-09	1.25000000000000e-09	3.00000000000000e-09
4.06875000000000e-07	7.43750000000000e-08	1.50000000000000e-09	1.25000000000000e-09	1.25000000000000e-09	3.00000000000000e-09
4.08125000000000e-07	7.06250000000000e-08	1.50000000000000e-09	1.25000000000000e-09	1.25000000000000e-09	3.00000000000000e-09
4.08125000000000e-07	7.18750000000000e-08	1.50000000000000e-09	1.25000000000000e-09	1.25000000000000e-09	3.00000000000000e-09
4.09375000000000e-07	7.06250000000000e-08	1.50000000000000e-09	1.25000000000000e-09	1.25000000000000e-09	3.00000000000000e-09
4.09375000000000e-07	7.18750000000000e-08	1.50000000000000e-09	1.25000000000000e-09	1.25000000000000e-09	3.00000000000000e-09
4.08125000000000e-07	7.31250000000000e-08	1.50000000000000e-09	1.25000000000000e-09	1.25000000000000e-09	3.00000000000000e-09
4.08125000000000e-07	7.43750000000000e-08	1.50000000000000e-09	1.25000000000000e-09	1.25000000000000e-09	3.00000000000000e-09
4.09375000000000e-07	7.31250000000000e-08	1.50000000000000e-09	1.25000000000000e-09	1.25000000000000e-09	3.00000000000000e-09
4.09375000000000e-07	7.43750000000000e-08	1.50000000000000e-09	1.25000000000000e-09	1.25000000000000e-09	3.00000000000000e-09
4.10625000000000e-07	7.06250000000000e-08	1.50000000000000e-09	1.25000000000000e-09	1.25000000000000e-09	3.00000000000000e-09
4.10625000000000e-07	7.18750000000000e-08	1.50000000000000e-09	1.25000000000000e-09	1.25000000000000e-09	3.00000000000000e-09
4.11875000000000e-07	7.06250000000000e-08	1.50000000000000e-09	1.25000000000000e-09	1.25000000000000e-09	3.00000000000000e-09
4.11875000000000e-07	7.18750000000000e-08	1.50000000000000e-09	1.25000000000000e-09	1.25000000000000e-09	3.00000000000000e-09
4.10625000000000e-07	7.31250000000000e-08	1.50000000000000e-09	1.25000000000000e-09	1.25000000000000e-09	3.00000000000000e-09
4.10625000000000e-07	7.43750000000000e-08	1.50000000000000e-09	1.25000000000000e-09	1.25000000000000e-09	3.00000000000000e-09
4.11875000000000e-07	7.31250000000000e-08	1.50000000000000e-09	1.25000000000000e-09	1.25000000000000e-09	3.00000000000000e-09
4.11875000000000e-07	7.43750000000000e-08	1.50000000000000e-09	1.25000000000000e-09	1.25000000000000e-09	3.00000000000000e-09
4.13125000000000e-07	7.06250000000000e-08	1.50000000000000e-09	1.25000000000000e-09	1.25000000000000e-09	3.00000000000000e-09
4.13125000000000e-07	7.18750000000000e-08	1.50000000000000e-09	1.25000000000000e-09	1.25000000000000e-09	3.00000000000000e-09
4.14375000000000e-07	7.06250000000000e-08	1.50000000000000e-09	1.25000000000000e-09	1.25000000000000e-09	3.00000000000000e-09
4.14375000000000e-07	7.18750000000000e-08	1.50000000000000e-09	1.25000000000000e-09	1.25000000000000e-09	3.00000000000000e-09
4.13125000000000e-07	7.31250000000000e-08	1.50000000000000e-09	1.25000000000000e-09	1.25000000000000e-09	3.00000000000000e-09
4.13125000000000e-07	7.43750000000000e-08	1.50000000000000e-09	1.25000000000000e-09	1.25000000000000e-09	3.00000000000000e-09
4.14375000000000e-07	7.31250000000000e-08	1.50000000000000e-09	1.25000000000000e-09	1.25000000000000e-09	3.00000000000000e-09
4.14375000000000e-07	7.43750000000000e-08	1.50000000000000e-09	1.25000000000000e-09	1.25000000000000e-09	3.00000000000000e-09
4.15625000000000e-07	7.06250000000000e-08	1.50000000000000e-09	1.25000000000000e-09	1.25000000000000e-09	3.00000000000000e-09
4.15625000000000e-07	7.18750000000000e-08	1.50000000000000e-09	1.25000000000000e-09	1.25000000000000e-09	3.00000000000000e-09
4.16875000000000e-07	7.06250000000000e-08	1.50000000000000e-09	1.25000000000000e-09	1.25000000000000e-09	3.00000000000000e-09
4.16875000000000e-07	7.18750000000000e-08	1.50000000000000e-09	1.25000000000000e-09	1.25000000000000e-09	3.00000000000000e-09
4.15625000000000e-07	7.31250000000000e-08	1.50000000000000e-09	1.25000000000000e-09	1.25000000000000e-09	3.00000000000000e-09
4.15625000000000e-07	7.43750000000000e-08	1.50000000000000e-09	1.25000000000000e-09	1.25000000000000e-09	3.00000000000000e-09
4.16875000000000e-07	7.31250000000000e-08	1.50000000000000e-09	1.25000000000000e-09	1.25000000000000e-09	3.00000000000000e-09
4.16875000000000e-07	7.43750000000000e-08	1.50000000000000e-09	1.25000000000000e-09	1.25000000000000e-09	3.00000000000000e-09
4.18125000000000e-07	7.06250000000000e-08	1.50000000000000e-09	1.25000000000000e-09	1.25000000000000e-09	3.00000000000000e-09
4.18125000000000e-07	7.18750000000000e-08	1.50000000000000e-09	1.25000000000000e-09	1.25000000000000e-09	3.00000000000000e-09
4.19375000000000e-07	7.06250000000000e-08	1.50000000000000e-09	1.25000000000000e-09	1.25000000000000e-09	3.00000000000000e-09
4.19375000000000e-07	7.18750000000000e-08	1.50000000000000e-09	1.25000000000000e-09	1.25000000000000e-09	3.00000000000000e-09
4.18125000000000e-07	7.31250000000000e-08	1.50000000000000e-09	1.25000000000000e-09	1.25000000000000e-09	3.00000000000000e-09
4.18125000000000e-07	7.43750000000000e-08	1.50000000000000e-09	1.25000000000000e-09	1.25000000000000e-09	3.00000000000000e-09
4.19375000000000e-07	7.31250000000000e-08	1.50000000000000e-09	1.25000000000000e-09	1.25000000000000e-09	3.00000000000000e-09
4.19375000000000e-07	7.43750000000000e-08	1.50000000000000e-09	1.25000000000000e-09	1.25000000000000e-09	3.00000000000000e-09
4.21250000000000e-07	7.37500000000000e-08	1.50000000000000e-09	2.50000000000000e-09	2.50000000000000e-09	3.00000000000000e-09
4.23750000000000e-07	7.12500000000000e-08	1.50000000000000e-09	2.50000000000000e-09	2.50000000000000e-09	3.00000000000000e-09
4.23750000000000e-07	7.37500000000000e-08	1.50000000000000e-09	2.50000000000000e-09	2.50000000000000e-09	3.00000000000000e-09
4.20625000000000e-07	7.06250000000000e-08	1.50000000000000e-09	1.25000000000000e-09	1.25000000000000e-09	3.00000000000000e-09
4.20625000000000e-07	7.18750000000000e-08	1.50000000000000e-09	1.25000000000000e-09	1.25000000000000e-09	3.00000000000000e-09
4.21875000000000e-07	7.06250000000000e-08	1.50000000000000e-09	1.25000000000000e-09	1.25000000000000e-09	3.00000000000000e-09
4.21875000000000e-07	7.18750000000000e-08	1.50000000000000e-09	1.25000000000000e-09	1.25000000000000e-09	3.00000000000000e-09
4.27500000000000e-07	7.25000000000000e-08	1.50000000000000e-09	5.00000000000000e-09	5.00000000000000e-09	3.00000000000000e-09
4.32500000000000e-07	7.25000000000000e-08	1.50000000000000e-09	5.00000000000000e-09	5.00000000000000e-09	3.00000000000000e-09
4.37500000000000e-07	7.25000000000000e-08	1.50000000000000e-09	5.00000000000000e-09	5.00000000000000e-09	3.00000000000000e-09
4.42500000000000e-07	7.25000000000000e-08	1.50000000000000e-09	5.00000000000000e-09	5.00000000000000e-09	3.00000000000000e-09
4.47500000000000e-07	7.25000000000000e-08	1.50000000000000e-09	5.00000000000000e-09	5.00000000000000e-09	3.00000000000000e-09
4.52500000000000e-07	7.25000000000000e-08	1.50000000000000e-09	5.00000000000000e-09	5.00000000000000e-09	3.00000000000000e-09
4.57500000000000e-07	7.25000000000000e-08	1.50000000000000e-09	5.00000000000000e-09	5.00000000000000e-09	3.00000000000000e-09
4.62500000000000e-07	7.25000000000000e-08	1.50000000000000e-09	5.00000000000000e-09	5.00000000000000e-09	3.00000000000000e-09
4.67500000000000e-07	7.25000000000000e-08	1.50000000000000e-09	5.00000000000000e-09	5.00000000000000e-09	3.00000000000000e-09
4.72500000000000e-07	7.25000000000000e-08	1.50000000000000e-09	5.00000000000000e-09	5.00000000000000e-09	3.00000000000000e-09
4.77500000000000e-07	7.25000000000000e-08	1.50000000000000e-09	5.00000000000000e-09	5.00000000000000e-09	3.00000000000000e-09
4.82500000000000e-07	7.25000000000000e-08	1.50000000000000e-09	5.00000000000000e-09	5.00000000000000e-09	3.00000000000000e-09
4.87500000000000e-07	7.25000000000000e-08	1.50000000000000e-09	5.00000000000000e-09	5.00000000000000e-09	3.00000000000000e-09
4.92500000000000e-07	7.25000000000000e-08	1.50000000000000e-09	5.00000000000000e-09	5.00000000000000e-09	3.00000000000000e-09
4.97500000000000e-07	7.25000000000000e-08	1.50000000000000e-09	5.00000000000000e-09	5.00000000000000e-09	3.00000000000000e-09
2.50000000000000e-09	7.75000000000000e-08	1.50000000000000e-09	5.00000000000000e-09	5.00000000000000e-09	3.00000000000000e-09
7.50000000000000e-09	7.75000000000000e-08	1.50000000000000e-09	5.00000000000000e-09	5.00000000000000e-09	3.00000000000000e-09
1.25000000000000e-08	7.75000000000000e-08	1.50000000000000e-09	5.00000000000000e-09	5.00000000000000e-09	3.00000000000000e-09
1.75000000000000e-08	7.75000000000000e-08	1.50000000000000e-09	5.00000000000000e-09	5.00000000000000e-09	3.00000000000000e-09
2.25000000000000e-08	7.75000000000000e-08	1.50000000000000e-09	5.00000000000000e-09	5.00000000000000e-09	3.00000000000000e-09
2.75000000000000e-08	7.75000000000000e-08	1.50000000000000e-09	5.00000000000000e-09	5.00000000000000e-09	3.00000000000000e-09
3.25000000000000e-08	7.75000000000000e-08	1.50000000000000e-09	5.00000000000000e-09	5.00000000000000e-09	3.00000000000000e-09
3.75000000000000e-08	7.75000000000000e-08	1.50000000000000e-09	5.00000000000000e-09	5.00000000000000e-09	3.00000000000000e-09
4.25000000000000e-08	7.75000000000000e-08	1.50000000000000e-09	5.00000000000000e-09	5.00000000000000e-09	3.00000000000000e-09
4.75000000000000e-08	7.75000000000000e-08	1.50000000000000e-09	5.00000000000000e-09	5.00000000000000e-09	3.00000000000000e-09
5.25000000000000e-08	7.75000000000000e-08	1.50000000000000e-09	5.00000000000000e-09	5.00000000000000e-09	3.00000000000000e-09
5.75000000000000e-08	7.75000000000000e-08	1.50000000000000e-09	5.00000000000000e-09	5.00000000000000e-09	3.00000000000000e-09
6.25000000000000e-08	7.75000000000000e-08	1.50000000000000e-09	5.00000000000000e-09	5.00000000000000e-09	3.00000000000000e-09
6.75000000000000e-08	7.75000000000000e-08	1.50000000000000e-09	5.00000000000000e-09	5.00000000000000e-09	3.00000000000000e-09
7.25000000000000e-08	7.75000000000000e-08	1.50000000000000e-09	5.00000000000000e-09	5.00000000000000e-09	3.00000000000000e-09
7.75000000000000e-08	7.75000000000000e-08	1.50000000000000e-09	5.00000000000000e-09	5.00000000000000e-09	3.00000000000000e-09
8.25000000000000e-08	7.75000000000000e-08	1.50000000000000e-09	5.00000000000000e-09	5.00000000000000e-09	3.00000000000000e-09
8.75000000000000e-08	7.75000000000000e-08	1.50000000000000e-09	5.00000000000000e-09	5.00000000000000e-09	3.00000000000000e-09
9.25000000000000e-08	7.75000000000000e-08	1.50000000000000e-09	5.00000000000000e-09	5.00000000000000e-09	3.00000000000000e-09
9.75000000000000e-08	7.75000000000000e-08	1.50000000000000e-09	5.00000000000000e-09	5.00000000000000e-09	3.00000000000000e-09
1.02500000000000e-07	7.75000000000000e-08	1.50000000000000e-09	5.00000000000000e-09	5.00000000000000e-09	3.00000000000000e-09
1.07500000000000e-07	7.75000000000000e-08	1.50000000000000e-09	5.00000000000000e-09	5.00000000000000e-09	3.00000000000000e-09
1.10625000000000e-07	7.56250000000000e-08	1.50000000000000e-09	1.25000000000000e-09	1.25000000000000e-09	3.00000000000000e-09
1.10625000000000e-07	7.68750000000000e-08	1.50000000000000e-09	1.25000000000000e-09	1.25000000000000e-09	3.00000000000000e-09
1.11875000000000e-07	7.56250000000000e-08	1.50000000000000e-09	1.25000000000000e-09	1.25000000000000e-09	3.00000000000000e-09
1.11875000000000e-07	7.68750000000000e-08	1.50000000000000e-09	1.25000000000000e-09	1.25000000000000e-09	3.00000000000000e-09
1.10625000000000e-07	7.81250000000000e-08	1.50000000000000e-09	1.25000000000000e-09	1.25000000000000e-09	3.00000000000000e-09
1.10625000000000e-07	7.93750000000000e-08	1.50000000000000e-09	1.25000000000000e-09	1.25000000000000e-09	3.00000000000000e-09
1.11875000000000e-07	7.81250000000000e-08	1.50000000000000e-09	1.25000000000000e-09	1.25000000000000e-09	3.00000000000000e-09
1.11875000000000e-07	7.93750000000000e-08	1.50000000000000e-09	1.25000000000000e-09	1.25000000000000e-09	3.00000000000000e-09
1.13125000000000e-07	7.56250000000000e-08	1.50000000000000e-09	1.25000000000000e-09	1.25000000000000e-09	3.00000000000000e-09
1.13125000000000e-07	7.68750000000000e-08	1.50000000000000e-09	1.25000000000000e-09	1.25000000000000e-09	3.00000000000000e-09
1.14375000000000e-07	7.56250000000000e-08	1.50000000000000e-09	1.25000000000000e-09	1.25000000000000e-09	3.00000000000000e-09
1.14375000000000e-07	7.68750000000000e-08	1.50000000000000e-09	1.25000000000000e-09	1.25000000000000e-09	3.00000000000000e-09
1.13125000000000e-07	7.81250000000000e-08	1.50000000000000e-09	1.25000000000000e-09	1.25000000000000e-09	3.00000000000000e-09
1.13125000000000e-07	7.93750000000000e-08	1.50000000000000e-09	1.25000000000000e-09	1.25000000000000e-09	3.00000000000000e-09
1.14375000000000e-07	7.81250000000000e-08	1.50000000000000e-09	1.25000000000000e-09	1.25000000000000e-09	3.00000000000000e-09
1.14375000000000e-07	7.93750000000000e-08	1.50000000000000e-09	1.25000000000000e-09	1.25000000000000e-09	3.00000000000000e-09
1.15625000000000e-07	7.56250000000000e-08	1.50000000000000e-09	1.25000000000000e-09	1.25000000000000e-09	3.00000000000000e-09
1.15625000000000e-07	7.68750000000000e-08	1.50000000000000e-09	1.25000000000000e-09	1.25000000000000e-09	3.00000000000000e-09
1.16875000000000e-07	7.56250000000000e-08	1.50000000000000e-09	1.25000000000000e-09	1.25000000000000e-09	3.00000000000000e-09
1.16875000000000e-07	7.68750000000000e-08	1.50000000000000e-09	1.25000000000000e-09	1.25000000000000e-09	3.00000000000000e-09
1.15625000000000e-07	7.81250000000000e-08	1.50000000000000e-09	1.25000000000000e-09	1.25000000000000e-09	3.00000000000000e-09
1.15625000000000e-07	7.93750000000000e-08	1.50000000000000e-09	1.25000000000000e-09	1.25000000000000e-09	3.00000000000000e-09
1.16875000000000e-07	7.81250000000000e-08	1.50000000000000e-09	1.25000000000000e-09	1.25000000000000e-09	3.00000000000000e-09
1.16875000000000e-07	7.93750000000000e-08	1.50000000000000e-09	1.25000000000000e-09	1.25000000000000e-09	3.00000000000000e-09
1.18125000000000e-07	7.56250000000000e-08	1.50000000000000e-09	1.25000000000000e-09	1.25000000000000e-09	3.00000000000000e-09
1.18125000000000e-07	7.68750000000000e-08	1.50000000000000e-09	1.25000000000000e-09	1.25000000000000e-09	3.00000000000000e-09
1.19375000000000e-07	7.56250000000000e-08	1.50000000000000e-09	1.25000000000000e-09	1.25000000000000e-09	3.00000000000000e-09
1.19375000000000e-07	7.68750000000000e-08	1.50000000000000e-09	1.25000000000000e-09	1.25000000000000e-09	3.00000000000000e-09
1.18125000000000e-07	7.81250000000000e-08	1.50000000000000e-09	1.25000000000000e-09	1.25000000000000e-09	3.00000000000000e-09
1.18125000000000e-07	7.93750000000000e-08	1.50000000000000e-09	1.25000000000000e-09	1.25000000000000e-09	3.00000000000000e-09
1.19375000000000e-07	7.81250000000000e-08	1.50000000000000e-09	1.25000000000000e-09	1.25000000000000e-09	3.00000000000000e-09
1.19375000000000e-07	7.93750000000000e-08	1.50000000000000e-09	1.25000000000000e-09	1.25000000000000e-09	3.00000000000000e-09
1.23750000000000e-07	7.62500000000000e-08	1.50000000000000e-09	2.50000000000000e-09	2.50000000000000e-09	3.00000000000000e-09
1.23750000000000e-07	7.87500000000000e-08	1.50000000000000e-09	2.50000000000000e-09	2.50000000000000e-09	3.00000000000000e-09
1.20625000000000e-07	7.56250000000000e-08	1.50000000000000e-09	1.25000000000000e-09	1.25000000000000e-09	3.00000000000000e-09
1.20625000000000e-07	7.68750000000000e-08	1.50000000000000e-09	1.25000000000000e-09	1.25000000000000e-09	3.00000000000000e-09
1.21875000000000e-07	7.56250000000000e-08	1.50000000000000e-09	1.25000000000000e-09	1.25000000000000e-09	3.00000000000000e-09
1.21875000000000e-07	7.68750000000000e-08	1.50000000000000e-09	1.25000000000000e-09	1.25000000000000e-09	3.00000000000000e-09
1.20625000000000e-07	7.81250000000000e-08	1.50000000000000e-09	1.25000000000000e-09	1.25000000000000e-09	3.00000000000000e-09
1.20625000000000e-07	7.93750000000000e-08	1.50000000000000e-09	1.25000000000000e-09	1.25000000000000e-09	3.00000000000000e-09
1.21875000000000e-07	7.81250000000000e-08	1.50000000000000e-09	1.25000000000000e-09	1.25000000000000e-09	3.00000000000000e-09
1.21875000000000e-07	7.93750000000000e-08	1.50000000000000e-09	1.25000000000000e-09	1.25000000000000e-09	3.00000000000000e-09
1.27500000000000e-07	7.75000000000000e-08	1.50000000000000e-09	5.00000000000000e-09	5.00000000000000e-09	3.00000000000000e-09
1.32500000000000e-07	7.75000000000000e-08	1.50000000000000e-09	5.00000000000000e-09	5.00000000000000e-09	3.00000000000000e-09
1.37500000000000e-07	7.75000000000000e-08	1.50000000000000e-09	5.00000000000000e-09	5.00000000000000e-09	3.00000000000000e-09
1.42500000000000e-07	7.75000000000000e-08	1.50000000000000e-09	5.00000000000000e-09	5.00000000000000e-09	3.00000000000000e-09
1.47500000000000e-07	7.75000000000000e-08	1.50000000000000e-09	5.00000000000000e-09	5.00000000000000e-09	3.00000000000000e-09
1.52500000000000e-07	7.75000000000000e-08	1.50000000000000e-09	5.00000000000000e-09	5.00000000000000e-09	3.00000000000000e-09
1.57500000000000e-07	7.75000000000000e-08	1.50000000000000e-09	5.00000000000000e-09	5.00000000000000e-09	3.00000000000000e-09
1.62500000000000e-07	7.75000000000000e-08	1.50000000000000e-09	5.00000000000000e-09	5.00000000000000e-09	3.00000000000000e-09
1.67500000000000e-07	7.75000000000000e-08	1.50000000000000e-09	5.00000000000000e-09	5.00000000000000e-09	3.00000000000000e-09
1.72500000000000e-07	7.75000000000000e-08	1.50000000000000e-09	5.00000000000000e-09	5.00000000000000e-09	3.00000000000000e-09
1.77500000000000e-07	7.75000000000000e-08	1.50000000000000e-09	5.00000000000000e-09	5.00000000000000e-09	3.00000000000000e-09
1.82500000000000e-07	7.75000000000000e-08	1.50000000000000e-09	5.00000000000000e-09	5.00000000000000e-09	3.00000000000000e-09
1.87500000000000e-07	7.75000000000000e-08	1.50000000000000e-09	5.00000000000000e-09	5.00000000000000e-09	3.00000000000000e-09
1.92500000000000e-07	7.75000000000000e-08	1.50000000000000e-09	5.00000000000000e-09	5.00000000000000e-09	3.00000000000000e-09
1.97500000000000e-07	7.75000000000000e-08	1.50000000000000e-09	5.00000000000000e-09	5.00000000000000e-09	3.00000000000000e-09
2.02500000000000e-07	7.75000000000000e-08	1.50000000000000e-09	5.00000000000000e-09	5.00000000000000e-09	3.00000000000000e-09
2.07500000000000e-07	7.75000000000000e-08	1.50000000000000e-09	5.00000000000000e-09	5.00000000000000e-09	3.00000000000000e-09
2.11250000000000e-07	7.62500000000000e-08	1.50000000000000e-09	2.50000000000000e-09	2.50000000000000e-09	3.00000000000000e-09
2.11250000000000e-07	7.87500000000000e-08	1.50000000000000e-09	2.50000000000000e-09	2.50000000000000e-09	3.00000000000000e-09
2.13125000000000e-07	7.56250000000000e-08	1.50000000000000e-09	1.25000000000000e-09	1.25000000000000e-09	3.00000000000000e-09
2.13125000000000e-07	7.68750000000000e-08	1.50000000000000e-09	1.25000000000000e-09	1.25000000000000e-09	3.00000000000000e-09
2.14375000000000e-07	7.56250000000000e-08	1.50000000000000e-09	1.25000000000000e-09	1.25000000000000e-09	3.00000000000000e-09
2.14375000000000e-07	7.68750000000000e-08	1.50000000000000e-09	1.25000000000000e-09	1.25000000000000e-09	3.00000000000000e-09
2.13125000000000e-07	7.81250000000000e-08	1.50000000000000e-09	1.25000000000000e-09	1.25000000000000e-09	3.00000000000000e-09
2.13125000000000e-07	7.93750000000000e-08	1.50000000000000e-09	1.25000000000000e-09	1.25000000000000e-09	3.00000000000000e-09
2.14375000000000e-07	7.81250000000000e-08	1.50000000000000e-09	1.25000000000000e-09	1.25000000000000e-09	3.00000000000000e-09
2.14375000000000e-07	7.93750000000000e-08	1.50000000000000e-09	1.25000000000000e-09	1.25000000000000e-09	3.00000000000000e-09
2.15625000000000e-07	7.56250000000000e-08	1.50000000000000e-09	1.25000000000000e-09	1.25000000000000e-09	3.00000000000000e-09
2.15625000000000e-07	7.68750000000000e-08	1.50000000000000e-09	1.25000000000000e-09	1.25000000000000e-09	3.00000000000000e-09
2.16875000000000e-07	7.56250000000000e-08	1.50000000000000e-09	1.25000000000000e-09	1.25000000000000e-09	3.00000000000000e-09
2.16875000000000e-07	7.68750000000000e-08	1.50000000000000e-09	1.25000000000000e-09	1.25000000000000e-09	3.00000000000000e-09
2.15625000000000e-07	7.81250000000000e-08	1.50000000000000e-09	1.25000000000000e-09	1.25000000000000e-09	3.00000000000000e-09
2.15625000000000e-07	7.93750000000000e-08	1.50000000000000e-09	1.25000000000000e-09	1.25000000000000e-09	3.00000000000000e-09
2.16875000000000e-07	7.81250000000000e-08	1.50000000000000e-09	1.25000000000000e-09	1.25000000000000e-09	3.00000000000000e-09
2.16875000000000e-07	7.93750000000000e-08	1.50000000000000e-09	1.25000000000000e-09	1.25000000000000e-09	3.00000000000000e-09
2.18125000000000e-07	7.56250000000000e-08	1.50000000000000e-09	1.25000000000000e-09	1.25000000000000e-09	3.00000000000000e-09
2.18125000000000e-07	7.68750000000000e-08	1.50000000000000e-09	1.25000000000000e-09	1.25000000000000e-09	3.00000000000000e-09
2.19375000000000e-07	7.56250000000000e-08	1.50000000000000e-09	1.25000000000000e-09	1.25000000000000e-09	3.00000000000000e-09
2.19375000000000e-07	7.68750000000000e-08	1.50000000000000e-09	1.25000000000000e-09	1.25000000000000e-09	3.00000000000000e-09
2.18125000000000e-07	7.81250000000000e-08	1.50000000000000e-09	1.25000000000000e-09	1.25000000000000e-09	3.00000000000000e-09
2.18125000000000e-07	7.93750000000000e-08	1.50000000000000e-09	1.25000000000000e-09	1.25000000000000e-09	3.00000000000000e-09
2.19375000000000e-07	7.81250000000000e-08	1.50000000000000e-09	1.25000000000000e-09	1.25000000000000e-09	3.00000000000000e-09
2.19375000000000e-07	7.93750000000000e-08	1.50000000000000e-09	1.25000000000000e-09	1.25000000000000e-09	3.00000000000000e-09
2.23750000000000e-07	7.62500000000000e-08	1.50000000000000e-09	2.50000000000000e-09	2.50000000000000e-09	3.00000000000000e-09
2.23750000000000e-07	7.87500000000000e-08	1.50000000000000e-09	2.50000000000000e-09	2.50000000000000e-09	3.00000000000000e-09
2.20625000000000e-07	7.56250000000000e-08	1.50000000000000e-09	1.25000000000000e-09	1.25000000000000e-09	3.00000000000000e-09
2.20625000000000e-07	7.68750000000000e-08	1.50000000000000e-09	1.25000000000000e-09	1.25000000000000e-09	3.00000000000000e-09
2.21875000000000e-07	7.56250000000000e-08	1.50000000000000e-09	1.25000000000000e-09	1.25000000000000e-09	3.00000000000000e-09
2.21875000000000e-07	7.68750000000000e-08	1.50000000000000e-09	1.25000000000000e-09	1.25000000000000e-09	3.00000000000000e-09
2.20625000000000e-07	7.81250000000000e-08	1.50000000000000e-09	1.25000000000000e-09	1.25000000000000e-09	3.00000000000000e-09
2.20625000000000e-07	7.93750000000000e-08	1.50000000000000e-09	1.25000000000000e-09	1.25000000000000e-09	3.00000000000000e-09
2.21875000000000e-07	7.81250000000000e-08	1.50000000000000e-09	1.25000000000000e-09	1.25000000000000e-09	3.00000000000000e-09
2.21875000000000e-07	7.93750000000000e-08	1.50000000000000e-09	1.25000000000000e-09	1.25000000000000e-09	3.00000000000000e-09
2.27500000000000e-07	7.75000000000000e-08	1.50000000000000e-09	5.00000000000000e-09	5.00000000000000e-09	3.00000000000000e-09
2.32500000000000e-07	7.75000000000000e-08	1.50000000000000e-09	5.00000000000000e-09	5.00000000000000e-09	3.00000000000000e-09
2.37500000000000e-07	7.75000000000000e-08	1.50000000000000e-09	5.00000000000000e-09	5.00000000000000e-09	3.00000000000000e-09
2.42500000000000e-07	7.75000000000000e-08	1.50000000000000e-09	5.00000000000000e-09	5.00000000000000e-09	3.00000000000000e-09
2.47500000000000e-07	7.75000000000000e-08	1.50000000000000e-09	5.00000000000000e-09	5.00000000000000e-09	3.00000000000000e-09
2.52500000000000e-07	7.75000000000000e-08	1.50000000000000e-09	5.00000000000000e-09	5.00000000000000e-09	3.00000000000000e-09
2.57500000000000e-07	7.75000000000000e-08	1.50000000000000e-09	5.00000000000000e-09	5.00000000000000e-09	3.00000000000000e-09
2.62500000000000e-07	7.75000000000000e-08	1.50000000000000e-09	5.00000000000000e-09	5.00000000000000e-09	3.00000000000000e-09
2.67500000000000e-07	7.75000000000000e-08	1.50000000000000e-09	5.00000000000000e-09	5.00000000000000e-09	3.00000000000000e-09
2.72500000000000e-07	7.75000000000000e-08	1.50000000000000e-09	5.00000000000000e-09	5.00000000000000e-09	3.00000000000000e-09
2.77500000000000e-07	7.75000000000000e-08	1.50000000000000e-09	5.00000000000000e-09	5.00000000000000e-09	3.00000000000000e-09
2.82500000000000e-07	7.75000000000000e-08	1.50000000000000e-09	5.00000000000000e-09	5.00000000000000e-09	3.00000000000000e-09
2.87500000000000e-07	7.75000000000000e-08	1.50000000000000e-09	5.00000000000000e-09	5.00000000000000e-09	3.00000000000000e-09
2.92500000000000e-07	7.75000000000000e-08	1.50000000000000e-09	5.00000000000000e-09	5.00000000000000e-09	3.00000000000000e-09
2.97500000000000e-07	7.75000000000000e-08	1.50000000000000e-09	5.00000000000000e-09	5.00000000000000e-09	3.00000000000000e-09
3.00625000000000e-07	7.56250000000000e-08	1.50000000000000e-09	1.25000000000000e-09	1.25000000000000e-09	3.00000000000000e-09
3.00625000000000e-07	7.68750000000000e-08	1.50000000000000e-09	1.25000000000000e-09	1.25000000000000e-09	3.00000000000000e-09
3.01875000000000e-07	7.56250000000000e-08	1.50000000000000e-09	1.25000000000000e-09	1.25000000000000e-09	3.00000000000000e-09
3.01875000000000e-07	7.68750000000000e-08	1.50000000000000e-09	1.25000000000000e-09	1.25000000000000e-09	3.00000000000000e-09
3.00625000000000e-07	7.81250000000000e-08	1.50000000000000e-09	1.25000000000000e-09	1.25000000000000e-09	3.00000000000000e-09
3.00625000000000e-07	7.93750000000000e-08	1.50000000000000e-09	1.25000000000000e-09	1.25000000000000e-09	3.00000000000000e-09
3.01875000000000e-07	7.81250000000000e-08	1.50000000000000e-09	1.25000000000000e-09	1.25000000000000e-09	3.00000000000000e-09
3.01875000000000e-07	7.93750000000000e-08	1.50000000000000e-09	1.25000000000000e-09	1.25000000000000e-09	3.00000000000000e-09
3.03125000000000e-07	7.56250000000000e-08	1.50000000000000e-09	1.25000000000000e-09	1.25000000000000e-09	3.00000000000000e-09
3.03125000000000e-07	7.68750000000000e-08	1.50000000000000e-09	1.25000000000000e-09	1.25000000000000e-09	3.00000000000000e-09
3.04375000000000e-07	7.56250000000000e-08	1.50000000000000e-09	1.25000000000000e-09	1.25000000000000e-09	3.00000000000000e-09
3.04375000000000e-07	7.68750000000000e-08	1.50000000000000e-09	1.25000000000000e-09	1.25000000000000e-09	3.00000000000000e-09
3.03125000000000e-07	7.81250000000000e-08	1.50000000000000e-09	1.25000000000000e-09	1.25000000000000e-09	3.00000000000000e-09
3.03125000000000e-07	7.93750000000000e-08	1.50000000000000e-09	1.25000000000000e-09	1.25000000000000e-09	3.00000000000000e-09
3.04375000000000e-07	7.81250000000000e-08	1.50000000000000e-09	1.25000000000000e-09	1.25000000000000e-09	3.00000000000000e-09
3.04375000000000e-07	7.93750000000000e-08	1.50000000000000e-09	1.25000000000000e-09	1.25000000000000e-09	3.00000000000000e-09
3.05625000000000e-07	7.56250000000000e-08	1.50000000000000e-09	1.25000000000000e-09	1.25000000000000e-09	3.00000000000000e-09
3.05625000000000e-07	7.68750000000000e-08	1.50000000000000e-09	1.25000000000000e-09	1.25000000000000e-09	3.00000000000000e-09
3.06875000000000e-07	7.56250000000000e-08	1.50000000000000e-09	1.25000000000000e-09	1.25000000000000e-09	3.00000000000000e-09
3.06875000000000e-07	7.68750000000000e-08	1.50000000000000e-09	1.25000000000000e-09	1.25000000000000e-09	3.00000000000000e-09
3.05625000000000e-07	7.81250000000000e-08	1.50000000000000e-09	1.25000000000000e-09	1.25000000000000e-09	3.00000000000000e-09
3.05625000000000e-07	7.93750000000000e-08	1.50000000000000e-09	1.25000000000000e-09	1.25000000000000e-09	3.00000000000000e-09
3.06875000000000e-07	7.81250000000000e-08	1.50000000000000e-09	1.25000000000000e-09	1.25000000000000e-09	3.00000000000000e-09
3.06875000000000e-07	7.93750000000000e-08	1.50000000000000e-09	1.25000000000000e-09	1.25000000000000e-09	3.00000000000000e-09
3.08125000000000e-07	7.56250000000000e-08	1.50000000000000e-09	1.25000000000000e-09	1.25000000000000e-09	3.00000000000000e-09
3.08125000000000e-07	7.68750000000000e-08	1.50000000000000e-09	1.25000000000000e-09	1.25000000000000e-09	3.00000000000000e-09
3.09375000000000e-07	7.56250000000000e-08	1.50000000000000e-09	1.25000000000000e-09	1.25000000000000e-09	3.00000000000000e-09
3.09375000000000e-07	7.68750000000000e-08	1.50000000000000e-09	1.25000000000000e-09	1.25000000000000e-09	3.00000000000000e-09
3.08125000000000e-07	7.81250000000000e-08	1.50000000000000e-09	1.25000000000000e-09	1.25000000000000e-09	3.00000000000000e-09
3.08125000000000e-07	7.93750000000000e-08	1.50000000000000e-09	1.25000000000000e-09	1.25000000000000e-09	3.00000000000000e-09
3.09375000000000e-07	7.81250000000000e-08	1.50000000000000e-09	1.25000000000000e-09	1.25000000000000e-09	3.00000000000000e-09
3.09375000000000e-07	7.93750000000000e-08	1.50000000000000e-09	1.25000000000000e-09	1.25000000000000e-09	3.00000000000000e-09
3.13750000000000e-07	7.62500000000000e-08	1.50000000000000e-09	2.50000000000000e-09	2.50000000000000e-09	3.00000000000000e-09
3.13750000000000e-07	7.87500000000000e-08	1.50000000000000e-09	2.50000000000000e-09	2.50000000000000e-09	3.00000000000000e-09
3.10625000000000e-07	7.56250000000000e-08	1.50000000000000e-09	1.25000000000000e-09	1.25000000000000e-09	3.00000000000000e-09
3.10625000000000e-07	7.68750000000000e-08	1.50000000000000e-09	1.25000000000000e-09	1.25000000000000e-09	3.00000000000000e-09
3.11875000000000e-07	7.56250000000000e-08	1.50000000000000e-09	1.25000000000000e-09	1.25000000000000e-09	3.00000000000000e-09
3.11875000000000e-07	7.68750000000000e-08	1.50000000000000e-09	1.25000000000000e-09	1.25000000000000e-09	3.00000000000000e-09
3.10625000000000e-07	7.81250000000000e-08	1.50000000000000e-09	1.25000000000000e-09	1.25000000000000e-09	3.00000000000000e-09
3.10625000000000e-07	7.93750000000000e-08	1.50000000000000e-09	1.25000000000000e-09	1.25000000000000e-09	3.00000000000000e-09
3.11875000000000e-07	7.81250000000000e-08	1.50000000000000e-09	1.25000000000000e-09	1.25000000000000e-09	3.00000000000000e-09
3.11875000000000e-07	7.93750000000000e-08	1.50000000000000e-09	1.25000000000000e-09	1.25000000000000e-09	3.00000000000000e-09
3.17500000000000e-07	7.75000000000000e-08	1.50000000000000e-09	5.00000000000000e-09	5.00000000000000e-09	3.00000000000000e-09
3.22500000000000e-07	7.75000000000000e-08	1.50000000000000e-09	5.00000000000000e-09	5.00000000000000e-09	3.00000000000000e-09
3.27500000000000e-07	7.75000000000000e-08	1.50000000000000e-09	5.00000000000000e-09	5.00000000000000e-09	3.00000000000000e-09
3.32500000000000e-07	7.75000000000000e-08	1.50000000000000e-09	5.00000000000000e-09	5.00000000000000e-09	3.00000000000000e-09
3.37500000000000e-07	7.75000000000000e-08	1.50000000000000e-09	5.00000000000000e-09	5.00000000000000e-09	3.00000000000000e-09
3.42500000000000e-07	7.75000000000000e-08	1.50000000000000e-09	5.00000000000000e-09	5.00000000000000e-09	3.00000000000000e-09
3.47500000000000e-07	7.75000000000000e-08	1.50000000000000e-09	5.00000000000000e-09	5.00000000000000e-09	3.00000000000000e-09
3.52500000000000e-07	7.75000000000000e-08	1.50000000000000e-09	5.00000000000000e-09	5.00000000000000e-09	3.00000000000000e-09
3.57500000000000e-07	7.75000000000000e-08	1.50000000000000e-09	5.00000000000000e-09	5.00000000000000e-09	3.00000000000000e-09
3.62500000000000e-07	7.75000000000000e-08	1.50000000000000e-09	5.00000000000000e-09	5.00000000000000e-09	3.00000000000000e-09
3.67500000000000e-07	7.75000000000000e-08	1.50000000000000e-09	5.00000000000000e-09	5.00000000000000e-09	3.00000000000000e-09
3.72500000000000e-07	7.75000000000000e-08	1.50000000000000e-09	5.00000000000000e-09	5.00000000000000e-09	3.00000000000000e-09
3.77500000000000e-07	7.75000000000000e-08	1.50000000000000e-09	5.00000000000000e-09	5.00000000000000e-09	3.00000000000000e-09
3.82500000000000e-07	7.75000000000000e-08	1.50000000000000e-09	5.00000000000000e-09	5.00000000000000e-09	3.00000000000000e-09
3.87500000000000e-07	7.75000000000000e-08	1.50000000000000e-09	5.00000000000000e-09	5.00000000000000e-09	3.00000000000000e-09
3.91250000000000e-07	7.62500000000000e-08	1.50000000000000e-09	2.50000000000000e-09	2.50000000000000e-09	3.00000000000000e-09
3.91250000000000e-07	7.87500000000000e-08	1.50000000000000e-09	2.50000000000000e-09	2.50000000000000e-09	3.00000000000000e-09
3.93750000000000e-07	7.87500000000000e-08	1.50000000000000e-09	2.50000000000000e-09	2.50000000000000e-09	3.00000000000000e-09
3.93125000000000e-07	7.56250000000000e-08	1.50000000000000e-09	1.25000000000000e-09	1.25000000000000e-09	3.00000000000000e-09
3.93125000000000e-07	7.68750000000000e-08	1.50000000000000e-09	1.25000000000000e-09	1.25000000000000e-09	3.00000000000000e-09
3.94375000000000e-07	7.56250000000000e-08	1.50000000000000e-09	1.25000000000000e-09	1.25000000000000e-09	3.00000000000000e-09
3.94375000000000e-07	7.68750000000000e-08	1.50000000000000e-09	1.25000000000000e-09	1.25000000000000e-09	3.00000000000000e-09
3.95625000000000e-07	7.56250000000000e-08	1.50000000000000e-09	1.25000000000000e-09	1.25000000000000e-09	3.00000000000000e-09
3.95625000000000e-07	7.68750000000000e-08	1.50000000000000e-09	1.25000000000000e-09	1.25000000000000e-09	3.00000000000000e-09
3.96875000000000e-07	7.56250000000000e-08	1.50000000000000e-09	1.25000000000000e-09	1.25000000000000e-09	3.00000000000000e-09
3.96875000000000e-07	7.68750000000000e-08	1.50000000000000e-09	1.25000000000000e-09	1.25000000000000e-09	3.00000000000000e-09
3.95625000000000e-07	7.81250000000000e-08	1.50000000000000e-09	1.25000000000000e-09	1.25000000000000e-09	3.00000000000000e-09
3.95625000000000e-07	7.93750000000000e-08	1.50000000000000e-09	1.25000000000000e-09	1.25000000000000e-09	3.00000000000000e-09
3.96875000000000e-07	7.81250000000000e-08	1.50000000000000e-09	1.25000000000000e-09	1.25000000000000e-09	3.00000000000000e-09
3.96875000000000e-07	7.93750000000000e-08	1.50000000000000e-09	1.25000000000000e-09	1.25000000000000e-09	3.00000000000000e-09
3.98125000000000e-07	7.56250000000000e-08	1.50000000000000e-09	1.25000000000000e-09	1.25000000000000e-09	3.00000000000000e-09
3.98125000000000e-07	7.68750000000000e-08	1.50000000000000e-09	1.25000000000000e-09	1.25000000000000e-09	3.00000000000000e-09
3.99375000000000e-07	7.56250000000000e-08	1.50000000000000e-09	1.25000000000000e-09	1.25000000000000e-09	3.00000000000000e-09
3.99375000000000e-07	7.68750000000000e-08	1.50000000000000e-09	1.25000000000000e-09	1.25000000000000e-09	3.00000000000000e-09
3.98125000000000e-07	7.81250000000000e-08	1.50000000000000e-09	1.25000000000000e-09	1.25000000000000e-09	3.00000000000000e-09
3.98125000000000e-07	7.93750000000000e-08	1.50000000000000e-09	1.25000000000000e-09	1.25000000000000e-09	3.00000000000000e-09
3.99375000000000e-07	7.81250000000000e-08	1.50000000000000e-09	1.25000000000000e-09	1.25000000000000e-09	3.00000000000000e-09
3.99375000000000e-07	7.93750000000000e-08	1.50000000000000e-09	1.25000000000000e-09	1.25000000000000e-09	3.00000000000000e-09
4.00625000000000e-07	7.56250000000000e-08	1.50000000000000e-09	1.25000000000000e-09	1.25000000000000e-09	3.00000000000000e-09
4.00625000000000e-07	7.68750000000000e-08	1.50000000000000e-09	1.25000000000000e-09	1.25000000000000e-09	3.00000000000000e-09
4.01875000000000e-07	7.56250000000000e-08	1.50000000000000e-09	1.25000000000000e-09	1.25000000000000e-09	3.00000000000000e-09
4.01875000000000e-07	7.68750000000000e-08	1.50000000000000e-09	1.25000000000000e-09	1.25000000000000e-09	3.00000000000000e-09
4.00625000000000e-07	7.81250000000000e-08	1.50000000000000e-09	1.25000000000000e-09	1.25000000000000e-09	3.00000000000000e-09
4.00625000000000e-07	7.93750000000000e-08	1.50000000000000e-09	1.25000000000000e-09	1.25000000000000e-09	3.00000000000000e-09
4.01875000000000e-07	7.81250000000000e-08	1.50000000000000e-09	1.25000000000000e-09	1.25000000000000e-09	3.00000000000000e-09
4.01875000000000e-07	7.93750000000000e-08	1.50000000000000e-09	1.25000000000000e-09	1.25000000000000e-09	3.00000000000000e-09
4.03125000000000e-07	7.56250000000000e-08	1.50000000000000e-09	1.25000000000000e-09	1.25000000000000e-09	3.00000000000000e-09
4.03125000000000e-07	7.68750000000000e-08	1.50000000000000e-09	1.25000000000000e-09	1.25000000000000e-09	3.00000000000000e-09
4.04375000000000e-07	7.56250000000000e-08	1.50000000000000e-09	1.25000000000000e-09	1.25000000000000e-09	3.00000000000000e-09
4.04375000000000e-07	7.68750000000000e-08	1.50000000000000e-09	1.25000000000000e-09	1.25000000000000e-09	3.00000000000000e-09
4.03125000000000e-07	7.81250000000000e-08	1.50000000000000e-09	1.25000000000000e-09	1.25000000000000e-09	3.00000000000000e-09
4.03125000000000e-07	7.93750000000000e-08	1.50000000000000e-09	1.25000000000000e-09	1.25000000000000e-09	3.00000000000000e-09
4.04375000000000e-07	7.81250000000000e-08	1.50000000000000e-09	1.25000000000000e-09	1.25000000000000e-09	3.00000000000000e-09
4.04375000000000e-07	7.93750000000000e-08	1.50000000000000e-09	1.25000000000000e-09	1.25000000000000e-09	3.00000000000000e-09
4.05625000000000e-07	7.56250000000000e-08	1.50000000000000e-09	1.25000000000000e-09	1.25000000000000e-09	3.00000000000000e-09
4.05625000000000e-07	7.68750000000000e-08	1.50000000000000e-09	1.25000000000000e-09	1.25000000000000e-09	3.00000000000000e-09
4.06875000000000e-07	7.56250000000000e-08	1.50000000000000e-09	1.25000000000000e-09	1.25000000000000e-09	3.00000000000000e-09
4.06875000000000e-07	7.68750000000000e-08	1.50000000000000e-09	1.25000000000000e-09	1.25000000000000e-09	3.00000000000000e-09
4.05625000000000e-07	7.81250000000000e-08	1.50000000000000e-09	1.25000000000000e-09	1.25000000000000e-09	3.00000000000000e-09
4.05625000000000e-07	7.93750000000000e-08	1.50000000000000e-09	1.25000000000000e-09	1.25000000000000e-09	3.00000000000000e-09
4.06875000000000e-07	7.81250000000000e-08	1.50000000000000e-09	1.25000000000000e-09	1.25000000000000e-09	3.00000000000000e-09
4.06875000000000e-07	7.93750000000000e-08	1.50000000000000e-09	1.25000000000000e-09	1.25000000000000e-09	3.00000000000000e-09
4.08125000000000e-07	7.56250000000000e-08	1.50000000000000e-09	1.25000000000000e-09	1.25000000000000e-09	3.00000000000000e-09
4.08125000000000e-07	7.68750000000000e-08	1.50000000000000e-09	1.25000000000000e-09	1.25000000000000e-09	3.00000000000000e-09
4.09375000000000e-07	7.56250000000000e-08	1.50000000000000e-09	1.25000000000000e-09	1.25000000000000e-09	3.00000000000000e-09
4.09375000000000e-07	7.68750000000000e-08	1.50000000000000e-09	1.25000000000000e-09	1.25000000000000e-09	3.00000000000000e-09
4.08125000000000e-07	7.81250000000000e-08	1.50000000000000e-09	1.25000000000000e-09	1.25000000000000e-09	3.00000000000000e-09
4.08125000000000e-07	7.93750000000000e-08	1.50000000000000e-09	1.25000000000000e-09	1.25000000000000e-09	3.00000000000000e-09
4.09375000000000e-07	7.81250000000000e-08	1.50000000000000e-09	1.25000000000000e-09	1.25000000000000e-09	3.00000000000000e-09
4.09375000000000e-07	7.93750000000000e-08	1.50000000000000e-09	1.25000000000000e-09	1.25000000000000e-09	3.00000000000000e-09
4.10625000000000e-07	7.56250000000000e-08	1.50000000000000e-09	1.25000000000000e-09	1.25000000000000e-09	3.00000000000000e-09
4.10625000000000e-07	7.68750000000000e-08	1.50000000000000e-09	1.25000000000000e-09	1.25000000000000e-09	3.00000000000000e-09
4.11875000000000e-07	7.56250000000000e-08	1.50000000000000e-09	1.25000000000000e-09	1.25000000000000e-09	3.00000000000000e-09
4.11875000000000e-07	7.68750000000000e-08	1.50000000000000e-09	1.25000000000000e-09	1.25000000000000e-09	3.00000000000000e-09
4.10625000000000e-07	7.81250000000000e-08	1.50000000000000e-09	1.25000000000000e-09	1.25000000000000e-09	3.00000000000000e-09
4.10625000000000e-07	7.93750000000000e-08	1.50000000000000e-09	1.25000000000000e-09	1.25000000000000e-09	3.00000000000000e-09
4.11875000000000e-07	7.81250000000000e-08	1.50000000000000e-09	1.25000000000000e-09	1.25000000000000e-09	3.00000000000000e-09
4.11875000000000e-07	7.93750000000000e-08	1.50000000000000e-09	1.25000000000000e-09	1.25000000000000e-09	3.00000000000000e-09
4.13125000000000e-07	7.56250000000000e-08	1.50000000000000e-09	1.25000000000000e-09	1.25000000000000e-09	3.00000000000000e-09
4.13125000000000e-07	7.68750000000000e-08	1.50000000000000e-09	1.25000000000000e-09	1.25000000000000e-09	3.00000000000000e-09
4.14375000000000e-07	7.56250000000000e-08	1.50000000000000e-09	1.25000000000000e-09	1.25000000000000e-09	3.00000000000000e-09
4.14375000000000e-07	7.68750000000000e-08	1.50000000000000e-09	1.25000000000000e-09	1.25000000000000e-09	3.00000000000000e-09
4.13125000000000e-07	7.81250000000000e-08	1.50000000000000e-09	1.25000000000000e-09	1.25000000000000e-09	3.00000000000000e-09
4.13125000000000e-07	7.93750000000000e-08	1.50000000000000e-09	1.25000000000000e-09	1.25000000000000e-09	3.00000000000000e-09
4.14375000000000e-07	7.81250000000000e-08	1.50000000000000e-09	1.25000000000000e-09	1.25000000000000e-09	3.00000000000000e-09
4.14375000000000e-07	7.93750000000000e-08	1.50000000000000e-09	1.25000000000000e-09	1.25000000000000e-09	3.00000000000000e-09
4.16250000000000e-07	7.87500000000000e-08	1.50000000000000e-09	2.50000000000000e-09	2.50000000000000e-09	3.00000000000000e-09
4.18750000000000e-07	7.62500000000000e-08	1.50000000000000e-09	2.50000000000000e-09	2.50000000000000e-09	3.00000000000000e-09
4.18750000000000e-07	7.87500000000000e-08	1.50000000000000e-09	2.50000000000000e-09	2.50000000000000e-09	3.00000000000000e-09
4.15625000000000e-07	7.56250000000000e-08	1.50000000000000e-09	1.25000000000000e-09	1.25000000000000e-09	3.00000000000000e-09
4.15625000000000e-07	7.68750000000000e-08	1.50000000000000e-09	1.25000000000000e-09	1.25000000000000e-09	3.00000000000000e-09
4.16875000000000e-07	7.56250000000000e-08	1.50000000000000e-09	1.25000000000000e-09	1.25000000000000e-09	3.00000000000000e-09
4.16875000000000e-07	7.68750000000000e-08	1.50000000000000e-09	1.25000000000000e-09	1.25000000000000e-09	3.00000000000000e-09
4.22500000000000e-07	7.75000000000000e-08	1.50000000000000e-09	5.00000000000000e-09	5.00000000000000e-09	3.00000000000000e-09
4.27500000000000e-07	7.75000000000000e-08	1.50000000000000e-09	5.00000000000000e-09	5.00000000000000e-09	3.00000000000000e-09
4.32500000000000e-07	7.75000000000000e-08	1.50000000000000e-09	5.00000000000000e-09	5.00000000000000e-09	3.00000000000000e-09
4.37500000000000e-07	7.75000000000000e-08	1.50000000000000e-09	5.00000000000000e-09	5.00000000000000e-09	3.00000000000000e-09
4.42500000000000e-07	7.75000000000000e-08	1.50000000000000e-09	5.00000000000000e-09	5.00000000000000e-09	3.00000000000000e-09
4.47500000000000e-07	7.75000000000000e-08	1.50000000000000e-09	5.00000000000000e-09	5.00000000000000e-09	3.00000000000000e-09
4.52500000000000e-07	7.75000000000000e-08	1.50000000000000e-09	5.00000000000000e-09	5.00000000000000e-09	3.00000000000000e-09
4.57500000000000e-07	7.75000000000000e-08	1.50000000000000e-09	5.00000000000000e-09	5.00000000000000e-09	3.00000000000000e-09
4.62500000000000e-07	7.75000000000000e-08	1.50000000000000e-09	5.00000000000000e-09	5.00000000000000e-09	3.00000000000000e-09
4.67500000000000e-07	7.75000000000000e-08	1.50000000000000e-09	5.00000000000000e-09	5.00000000000000e-09	3.00000000000000e-09
4.72500000000000e-07	7.75000000000000e-08	1.50000000000000e-09	5.00000000000000e-09	5.00000000000000e-09	3.00000000000000e-09
4.77500000000000e-07	7.75000000000000e-08	1.50000000000000e-09	5.00000000000000e-09	5.00000000000000e-09	3.00000000000000e-09
4.82500000000000e-07	7.75000000000000e-08	1.50000000000000e-09	5.00000000000000e-09	5.00000000000000e-09	3.00000000000000e-09
4.87500000000000e-07	7.75000000000000e-08	1.50000000000000e-09	5.00000000000000e-09	5.00000000000000e-09	3.00000000000000e-09
4.92500000000000e-07	7.75000000000000e-08	1.50000000000000e-09	5.00000000000000e-09	5.00000000000000e-09	3.00000000000000e-09
4.97500000000000e-07	7.75000000000000e-08	1.50000000000000e-09	5.00000000000000e-09	5.00000000000000e-09	3.00000000000000e-09
2.50000000000000e-09	8.25000000000000e-08	1.50000000000000e-09	5.00000000000000e-09	5.00000000000000e-09	3.00000000000000e-09
7.50000000000000e-09	8.25000000000000e-08	1.50000000000000e-09	5.00000000000000e-09	5.00000000000000e-09	3.00000000000000e-09
1.25000000000000e-08	8.25000000000000e-08	1.50000000000000e-09	5.00000000000000e-09	5.00000000000000e-09	3.00000000000000e-09
1.75000000000000e-08	8.25000000000000e-08	1.50000000000000e-09	5.00000000000000e-09	5.00000000000000e-09	3.00000000000000e-09
2.25000000000000e-08	8.25000000000000e-08	1.50000000000000e-09	5.00000000000000e-09	5.00000000000000e-09	3.00000000000000e-09
2.75000000000000e-08	8.25000000000000e-08	1.50000000000000e-09	5.00000000000000e-09	5.00000000000000e-09	3.00000000000000e-09
3.25000000000000e-08	8.25000000000000e-08	1.50000000000000e-09	5.00000000000000e-09	5.00000000000000e-09	3.00000000000000e-09
3.75000000000000e-08	8.25000000000000e-08	1.50000000000000e-09	5.00000000000000e-09	5.00000000000000e-09	3.00000000000000e-09
4.25000000000000e-08	8.25000000000000e-08	1.50000000000000e-09	5.00000000000000e-09	5.00000000000000e-09	3.00000000000000e-09
4.75000000000000e-08	8.25000000000000e-08	1.50000000000000e-09	5.00000000000000e-09	5.00000000000000e-09	3.00000000000000e-09
5.25000000000000e-08	8.25000000000000e-08	1.50000000000000e-09	5.00000000000000e-09	5.00000000000000e-09	3.00000000000000e-09
5.75000000000000e-08	8.25000000000000e-08	1.50000000000000e-09	5.00000000000000e-09	5.00000000000000e-09	3.00000000000000e-09
6.25000000000000e-08	8.25000000000000e-08	1.50000000000000e-09	5.00000000000000e-09	5.00000000000000e-09	3.00000000000000e-09
6.75000000000000e-08	8.25000000000000e-08	1.50000000000000e-09	5.00000000000000e-09	5.00000000000000e-09	3.00000000000000e-09
7.25000000000000e-08	8.25000000000000e-08	1.50000000000000e-09	5.00000000000000e-09	5.00000000000000e-09	3.00000000000000e-09
7.75000000000000e-08	8.25000000000000e-08	1.50000000000000e-09	5.00000000000000e-09	5.00000000000000e-09	3.00000000000000e-09
8.25000000000000e-08	8.25000000000000e-08	1.50000000000000e-09	5.00000000000000e-09	5.00000000000000e-09	3.00000000000000e-09
8.75000000000000e-08	8.25000000000000e-08	1.50000000000000e-09	5.00000000000000e-09	5.00000000000000e-09	3.00000000000000e-09
9.25000000000000e-08	8.25000000000000e-08	1.50000000000000e-09	5.00000000000000e-09	5.00000000000000e-09	3.00000000000000e-09
9.75000000000000e-08	8.25000000000000e-08	1.50000000000000e-09	5.00000000000000e-09	5.00000000000000e-09	3.00000000000000e-09
1.02500000000000e-07	8.25000000000000e-08	1.50000000000000e-09	5.00000000000000e-09	5.00000000000000e-09	3.00000000000000e-09
1.07500000000000e-07	8.25000000000000e-08	1.50000000000000e-09	5.00000000000000e-09	5.00000000000000e-09	3.00000000000000e-09
1.10625000000000e-07	8.06250000000000e-08	1.50000000000000e-09	1.25000000000000e-09	1.25000000000000e-09	3.00000000000000e-09
1.10625000000000e-07	8.18750000000000e-08	1.50000000000000e-09	1.25000000000000e-09	1.25000000000000e-09	3.00000000000000e-09
1.11875000000000e-07	8.06250000000000e-08	1.50000000000000e-09	1.25000000000000e-09	1.25000000000000e-09	3.00000000000000e-09
1.11875000000000e-07	8.18750000000000e-08	1.50000000000000e-09	1.25000000000000e-09	1.25000000000000e-09	3.00000000000000e-09
1.10625000000000e-07	8.31250000000000e-08	1.50000000000000e-09	1.25000000000000e-09	1.25000000000000e-09	3.00000000000000e-09
1.10625000000000e-07	8.43750000000000e-08	1.50000000000000e-09	1.25000000000000e-09	1.25000000000000e-09	3.00000000000000e-09
1.11875000000000e-07	8.31250000000000e-08	1.50000000000000e-09	1.25000000000000e-09	1.25000000000000e-09	3.00000000000000e-09
1.11875000000000e-07	8.43750000000000e-08	1.50000000000000e-09	1.25000000000000e-09	1.25000000000000e-09	3.00000000000000e-09
1.13125000000000e-07	8.06250000000000e-08	1.50000000000000e-09	1.25000000000000e-09	1.25000000000000e-09	3.00000000000000e-09
1.13125000000000e-07	8.18750000000000e-08	1.50000000000000e-09	1.25000000000000e-09	1.25000000000000e-09	3.00000000000000e-09
1.14375000000000e-07	8.06250000000000e-08	1.50000000000000e-09	1.25000000000000e-09	1.25000000000000e-09	3.00000000000000e-09
1.14375000000000e-07	8.18750000000000e-08	1.50000000000000e-09	1.25000000000000e-09	1.25000000000000e-09	3.00000000000000e-09
1.13125000000000e-07	8.31250000000000e-08	1.50000000000000e-09	1.25000000000000e-09	1.25000000000000e-09	3.00000000000000e-09
1.13125000000000e-07	8.43750000000000e-08	1.50000000000000e-09	1.25000000000000e-09	1.25000000000000e-09	3.00000000000000e-09
1.14375000000000e-07	8.31250000000000e-08	1.50000000000000e-09	1.25000000000000e-09	1.25000000000000e-09	3.00000000000000e-09
1.14375000000000e-07	8.43750000000000e-08	1.50000000000000e-09	1.25000000000000e-09	1.25000000000000e-09	3.00000000000000e-09
1.15625000000000e-07	8.06250000000000e-08	1.50000000000000e-09	1.25000000000000e-09	1.25000000000000e-09	3.00000000000000e-09
1.15625000000000e-07	8.18750000000000e-08	1.50000000000000e-09	1.25000000000000e-09	1.25000000000000e-09	3.00000000000000e-09
1.16875000000000e-07	8.06250000000000e-08	1.50000000000000e-09	1.25000000000000e-09	1.25000000000000e-09	3.00000000000000e-09
1.16875000000000e-07	8.18750000000000e-08	1.50000000000000e-09	1.25000000000000e-09	1.25000000000000e-09	3.00000000000000e-09
1.15625000000000e-07	8.31250000000000e-08	1.50000000000000e-09	1.25000000000000e-09	1.25000000000000e-09	3.00000000000000e-09
1.15625000000000e-07	8.43750000000000e-08	1.50000000000000e-09	1.25000000000000e-09	1.25000000000000e-09	3.00000000000000e-09
1.16875000000000e-07	8.31250000000000e-08	1.50000000000000e-09	1.25000000000000e-09	1.25000000000000e-09	3.00000000000000e-09
1.16875000000000e-07	8.43750000000000e-08	1.50000000000000e-09	1.25000000000000e-09	1.25000000000000e-09	3.00000000000000e-09
1.18125000000000e-07	8.06250000000000e-08	1.50000000000000e-09	1.25000000000000e-09	1.25000000000000e-09	3.00000000000000e-09
1.18125000000000e-07	8.18750000000000e-08	1.50000000000000e-09	1.25000000000000e-09	1.25000000000000e-09	3.00000000000000e-09
1.19375000000000e-07	8.06250000000000e-08	1.50000000000000e-09	1.25000000000000e-09	1.25000000000000e-09	3.00000000000000e-09
1.19375000000000e-07	8.18750000000000e-08	1.50000000000000e-09	1.25000000000000e-09	1.25000000000000e-09	3.00000000000000e-09
1.18125000000000e-07	8.31250000000000e-08	1.50000000000000e-09	1.25000000000000e-09	1.25000000000000e-09	3.00000000000000e-09
1.18125000000000e-07	8.43750000000000e-08	1.50000000000000e-09	1.25000000000000e-09	1.25000000000000e-09	3.00000000000000e-09
1.19375000000000e-07	8.31250000000000e-08	1.50000000000000e-09	1.25000000000000e-09	1.25000000000000e-09	3.00000000000000e-09
1.19375000000000e-07	8.43750000000000e-08	1.50000000000000e-09	1.25000000000000e-09	1.25000000000000e-09	3.00000000000000e-09
1.23750000000000e-07	8.12500000000000e-08	1.50000000000000e-09	2.50000000000000e-09	2.50000000000000e-09	3.00000000000000e-09
1.23750000000000e-07	8.37500000000000e-08	1.50000000000000e-09	2.50000000000000e-09	2.50000000000000e-09	3.00000000000000e-09
1.20625000000000e-07	8.06250000000000e-08	1.50000000000000e-09	1.25000000000000e-09	1.25000000000000e-09	3.00000000000000e-09
1.20625000000000e-07	8.18750000000000e-08	1.50000000000000e-09	1.25000000000000e-09	1.25000000000000e-09	3.00000000000000e-09
1.21875000000000e-07	8.06250000000000e-08	1.50000000000000e-09	1.25000000000000e-09	1.25000000000000e-09	3.00000000000000e-09
1.21875000000000e-07	8.18750000000000e-08	1.50000000000000e-09	1.25000000000000e-09	1.25000000000000e-09	3.00000000000000e-09
1.20625000000000e-07	8.31250000000000e-08	1.50000000000000e-09	1.25000000000000e-09	1.25000000000000e-09	3.00000000000000e-09
1.20625000000000e-07	8.43750000000000e-08	1.50000000000000e-09	1.25000000000000e-09	1.25000000000000e-09	3.00000000000000e-09
1.21875000000000e-07	8.31250000000000e-08	1.50000000000000e-09	1.25000000000000e-09	1.25000000000000e-09	3.00000000000000e-09
1.21875000000000e-07	8.43750000000000e-08	1.50000000000000e-09	1.25000000000000e-09	1.25000000000000e-09	3.00000000000000e-09
1.27500000000000e-07	8.25000000000000e-08	1.50000000000000e-09	5.00000000000000e-09	5.00000000000000e-09	3.00000000000000e-09
1.32500000000000e-07	8.25000000000000e-08	1.50000000000000e-09	5.00000000000000e-09	5.00000000000000e-09	3.00000000000000e-09
1.37500000000000e-07	8.25000000000000e-08	1.50000000000000e-09	5.00000000000000e-09	5.00000000000000e-09	3.00000000000000e-09
1.42500000000000e-07	8.25000000000000e-08	1.50000000000000e-09	5.00000000000000e-09	5.00000000000000e-09	3.00000000000000e-09
1.47500000000000e-07	8.25000000000000e-08	1.50000000000000e-09	5.00000000000000e-09	5.00000000000000e-09	3.00000000000000e-09
1.52500000000000e-07	8.25000000000000e-08	1.50000000000000e-09	5.00000000000000e-09	5.00000000000000e-09	3.00000000000000e-09
1.57500000000000e-07	8.25000000000000e-08	1.50000000000000e-09	5.00000000000000e-09	5.00000000000000e-09	3.00000000000000e-09
1.62500000000000e-07	8.25000000000000e-08	1.50000000000000e-09	5.00000000000000e-09	5.00000000000000e-09	3.00000000000000e-09
1.67500000000000e-07	8.25000000000000e-08	1.50000000000000e-09	5.00000000000000e-09	5.00000000000000e-09	3.00000000000000e-09
1.72500000000000e-07	8.25000000000000e-08	1.50000000000000e-09	5.00000000000000e-09	5.00000000000000e-09	3.00000000000000e-09
1.77500000000000e-07	8.25000000000000e-08	1.50000000000000e-09	5.00000000000000e-09	5.00000000000000e-09	3.00000000000000e-09
1.82500000000000e-07	8.25000000000000e-08	1.50000000000000e-09	5.00000000000000e-09	5.00000000000000e-09	3.00000000000000e-09
1.87500000000000e-07	8.25000000000000e-08	1.50000000000000e-09	5.00000000000000e-09	5.00000000000000e-09	3.00000000000000e-09
1.92500000000000e-07	8.25000000000000e-08	1.50000000000000e-09	5.00000000000000e-09	5.00000000000000e-09	3.00000000000000e-09
1.97500000000000e-07	8.25000000000000e-08	1.50000000000000e-09	5.00000000000000e-09	5.00000000000000e-09	3.00000000000000e-09
2.02500000000000e-07	8.25000000000000e-08	1.50000000000000e-09	5.00000000000000e-09	5.00000000000000e-09	3.00000000000000e-09
2.07500000000000e-07	8.25000000000000e-08	1.50000000000000e-09	5.00000000000000e-09	5.00000000000000e-09	3.00000000000000e-09
2.11250000000000e-07	8.12500000000000e-08	1.50000000000000e-09	2.50000000000000e-09	2.50000000000000e-09	3.00000000000000e-09
2.10625000000000e-07	8.31250000000000e-08	1.50000000000000e-09	1.25000000000000e-09	1.25000000000000e-09	3.00000000000000e-09
2.10625000000000e-07	8.43750000000000e-08	1.50000000000000e-09	1.25000000000000e-09	1.25000000000000e-09	3.00000000000000e-09
2.11875000000000e-07	8.31250000000000e-08	1.50000000000000e-09	1.25000000000000e-09	1.25000000000000e-09	3.00000000000000e-09
2.11875000000000e-07	8.43750000000000e-08	1.50000000000000e-09	1.25000000000000e-09	1.25000000000000e-09	3.00000000000000e-09
2.13125000000000e-07	8.06250000000000e-08	1.50000000000000e-09	1.25000000000000e-09	1.25000000000000e-09	3.00000000000000e-09
2.13125000000000e-07	8.18750000000000e-08	1.50000000000000e-09	1.25000000000000e-09	1.25000000000000e-09	3.00000000000000e-09
2.14375000000000e-07	8.06250000000000e-08	1.50000000000000e-09	1.25000000000000e-09	1.25000000000000e-09	3.00000000000000e-09
2.14375000000000e-07	8.18750000000000e-08	1.50000000000000e-09	1.25000000000000e-09	1.25000000000000e-09	3.00000000000000e-09
2.13125000000000e-07	8.31250000000000e-08	1.50000000000000e-09	1.25000000000000e-09	1.25000000000000e-09	3.00000000000000e-09
2.13125000000000e-07	8.43750000000000e-08	1.50000000000000e-09	1.25000000000000e-09	1.25000000000000e-09	3.00000000000000e-09
2.14375000000000e-07	8.31250000000000e-08	1.50000000000000e-09	1.25000000000000e-09	1.25000000000000e-09	3.00000000000000e-09
2.14375000000000e-07	8.43750000000000e-08	1.50000000000000e-09	1.25000000000000e-09	1.25000000000000e-09	3.00000000000000e-09
2.15625000000000e-07	8.06250000000000e-08	1.50000000000000e-09	1.25000000000000e-09	1.25000000000000e-09	3.00000000000000e-09
2.15625000000000e-07	8.18750000000000e-08	1.50000000000000e-09	1.25000000000000e-09	1.25000000000000e-09	3.00000000000000e-09
2.16875000000000e-07	8.06250000000000e-08	1.50000000000000e-09	1.25000000000000e-09	1.25000000000000e-09	3.00000000000000e-09
2.16875000000000e-07	8.18750000000000e-08	1.50000000000000e-09	1.25000000000000e-09	1.25000000000000e-09	3.00000000000000e-09
2.15625000000000e-07	8.31250000000000e-08	1.50000000000000e-09	1.25000000000000e-09	1.25000000000000e-09	3.00000000000000e-09
2.15625000000000e-07	8.43750000000000e-08	1.50000000000000e-09	1.25000000000000e-09	1.25000000000000e-09	3.00000000000000e-09
2.16875000000000e-07	8.31250000000000e-08	1.50000000000000e-09	1.25000000000000e-09	1.25000000000000e-09	3.00000000000000e-09
2.16875000000000e-07	8.43750000000000e-08	1.50000000000000e-09	1.25000000000000e-09	1.25000000000000e-09	3.00000000000000e-09
2.18125000000000e-07	8.06250000000000e-08	1.50000000000000e-09	1.25000000000000e-09	1.25000000000000e-09	3.00000000000000e-09
2.18125000000000e-07	8.18750000000000e-08	1.50000000000000e-09	1.25000000000000e-09	1.25000000000000e-09	3.00000000000000e-09
2.19375000000000e-07	8.06250000000000e-08	1.50000000000000e-09	1.25000000000000e-09	1.25000000000000e-09	3.00000000000000e-09
2.19375000000000e-07	8.18750000000000e-08	1.50000000000000e-09	1.25000000000000e-09	1.25000000000000e-09	3.00000000000000e-09
2.18125000000000e-07	8.31250000000000e-08	1.50000000000000e-09	1.25000000000000e-09	1.25000000000000e-09	3.00000000000000e-09
2.18125000000000e-07	8.43750000000000e-08	1.50000000000000e-09	1.25000000000000e-09	1.25000000000000e-09	3.00000000000000e-09
2.19375000000000e-07	8.31250000000000e-08	1.50000000000000e-09	1.25000000000000e-09	1.25000000000000e-09	3.00000000000000e-09
2.19375000000000e-07	8.43750000000000e-08	1.50000000000000e-09	1.25000000000000e-09	1.25000000000000e-09	3.00000000000000e-09
2.23750000000000e-07	8.12500000000000e-08	1.50000000000000e-09	2.50000000000000e-09	2.50000000000000e-09	3.00000000000000e-09
2.23750000000000e-07	8.37500000000000e-08	1.50000000000000e-09	2.50000000000000e-09	2.50000000000000e-09	3.00000000000000e-09
2.20625000000000e-07	8.06250000000000e-08	1.50000000000000e-09	1.25000000000000e-09	1.25000000000000e-09	3.00000000000000e-09
2.20625000000000e-07	8.18750000000000e-08	1.50000000000000e-09	1.25000000000000e-09	1.25000000000000e-09	3.00000000000000e-09
2.21875000000000e-07	8.06250000000000e-08	1.50000000000000e-09	1.25000000000000e-09	1.25000000000000e-09	3.00000000000000e-09
2.21875000000000e-07	8.18750000000000e-08	1.50000000000000e-09	1.25000000000000e-09	1.25000000000000e-09	3.00000000000000e-09
2.20625000000000e-07	8.31250000000000e-08	1.50000000000000e-09	1.25000000000000e-09	1.25000000000000e-09	3.00000000000000e-09
2.20625000000000e-07	8.43750000000000e-08	1.50000000000000e-09	1.25000000000000e-09	1.25000000000000e-09	3.00000000000000e-09
2.21875000000000e-07	8.31250000000000e-08	1.50000000000000e-09	1.25000000000000e-09	1.25000000000000e-09	3.00000000000000e-09
2.21875000000000e-07	8.43750000000000e-08	1.50000000000000e-09	1.25000000000000e-09	1.25000000000000e-09	3.00000000000000e-09
2.27500000000000e-07	8.25000000000000e-08	1.50000000000000e-09	5.00000000000000e-09	5.00000000000000e-09	3.00000000000000e-09
2.32500000000000e-07	8.25000000000000e-08	1.50000000000000e-09	5.00000000000000e-09	5.00000000000000e-09	3.00000000000000e-09
2.37500000000000e-07	8.25000000000000e-08	1.50000000000000e-09	5.00000000000000e-09	5.00000000000000e-09	3.00000000000000e-09
2.42500000000000e-07	8.25000000000000e-08	1.50000000000000e-09	5.00000000000000e-09	5.00000000000000e-09	3.00000000000000e-09
2.47500000000000e-07	8.25000000000000e-08	1.50000000000000e-09	5.00000000000000e-09	5.00000000000000e-09	3.00000000000000e-09
2.52500000000000e-07	8.25000000000000e-08	1.50000000000000e-09	5.00000000000000e-09	5.00000000000000e-09	3.00000000000000e-09
2.57500000000000e-07	8.25000000000000e-08	1.50000000000000e-09	5.00000000000000e-09	5.00000000000000e-09	3.00000000000000e-09
2.62500000000000e-07	8.25000000000000e-08	1.50000000000000e-09	5.00000000000000e-09	5.00000000000000e-09	3.00000000000000e-09
2.67500000000000e-07	8.25000000000000e-08	1.50000000000000e-09	5.00000000000000e-09	5.00000000000000e-09	3.00000000000000e-09
2.72500000000000e-07	8.25000000000000e-08	1.50000000000000e-09	5.00000000000000e-09	5.00000000000000e-09	3.00000000000000e-09
2.77500000000000e-07	8.25000000000000e-08	1.50000000000000e-09	5.00000000000000e-09	5.00000000000000e-09	3.00000000000000e-09
2.82500000000000e-07	8.25000000000000e-08	1.50000000000000e-09	5.00000000000000e-09	5.00000000000000e-09	3.00000000000000e-09
2.87500000000000e-07	8.25000000000000e-08	1.50000000000000e-09	5.00000000000000e-09	5.00000000000000e-09	3.00000000000000e-09
2.92500000000000e-07	8.25000000000000e-08	1.50000000000000e-09	5.00000000000000e-09	5.00000000000000e-09	3.00000000000000e-09
2.97500000000000e-07	8.25000000000000e-08	1.50000000000000e-09	5.00000000000000e-09	5.00000000000000e-09	3.00000000000000e-09
3.00625000000000e-07	8.06250000000000e-08	1.50000000000000e-09	1.25000000000000e-09	1.25000000000000e-09	3.00000000000000e-09
3.00625000000000e-07	8.18750000000000e-08	1.50000000000000e-09	1.25000000000000e-09	1.25000000000000e-09	3.00000000000000e-09
3.01875000000000e-07	8.06250000000000e-08	1.50000000000000e-09	1.25000000000000e-09	1.25000000000000e-09	3.00000000000000e-09
3.01875000000000e-07	8.18750000000000e-08	1.50000000000000e-09	1.25000000000000e-09	1.25000000000000e-09	3.00000000000000e-09
3.00625000000000e-07	8.31250000000000e-08	1.50000000000000e-09	1.25000000000000e-09	1.25000000000000e-09	3.00000000000000e-09
3.00625000000000e-07	8.43750000000000e-08	1.50000000000000e-09	1.25000000000000e-09	1.25000000000000e-09	3.00000000000000e-09
3.01875000000000e-07	8.31250000000000e-08	1.50000000000000e-09	1.25000000000000e-09	1.25000000000000e-09	3.00000000000000e-09
3.01875000000000e-07	8.43750000000000e-08	1.50000000000000e-09	1.25000000000000e-09	1.25000000000000e-09	3.00000000000000e-09
3.03125000000000e-07	8.06250000000000e-08	1.50000000000000e-09	1.25000000000000e-09	1.25000000000000e-09	3.00000000000000e-09
3.03125000000000e-07	8.18750000000000e-08	1.50000000000000e-09	1.25000000000000e-09	1.25000000000000e-09	3.00000000000000e-09
3.04375000000000e-07	8.06250000000000e-08	1.50000000000000e-09	1.25000000000000e-09	1.25000000000000e-09	3.00000000000000e-09
3.04375000000000e-07	8.18750000000000e-08	1.50000000000000e-09	1.25000000000000e-09	1.25000000000000e-09	3.00000000000000e-09
3.03125000000000e-07	8.31250000000000e-08	1.50000000000000e-09	1.25000000000000e-09	1.25000000000000e-09	3.00000000000000e-09
3.03125000000000e-07	8.43750000000000e-08	1.50000000000000e-09	1.25000000000000e-09	1.25000000000000e-09	3.00000000000000e-09
3.04375000000000e-07	8.31250000000000e-08	1.50000000000000e-09	1.25000000000000e-09	1.25000000000000e-09	3.00000000000000e-09
3.04375000000000e-07	8.43750000000000e-08	1.50000000000000e-09	1.25000000000000e-09	1.25000000000000e-09	3.00000000000000e-09
3.05625000000000e-07	8.06250000000000e-08	1.50000000000000e-09	1.25000000000000e-09	1.25000000000000e-09	3.00000000000000e-09
3.05625000000000e-07	8.18750000000000e-08	1.50000000000000e-09	1.25000000000000e-09	1.25000000000000e-09	3.00000000000000e-09
3.06875000000000e-07	8.06250000000000e-08	1.50000000000000e-09	1.25000000000000e-09	1.25000000000000e-09	3.00000000000000e-09
3.06875000000000e-07	8.18750000000000e-08	1.50000000000000e-09	1.25000000000000e-09	1.25000000000000e-09	3.00000000000000e-09
3.05625000000000e-07	8.31250000000000e-08	1.50000000000000e-09	1.25000000000000e-09	1.25000000000000e-09	3.00000000000000e-09
3.05625000000000e-07	8.43750000000000e-08	1.50000000000000e-09	1.25000000000000e-09	1.25000000000000e-09	3.00000000000000e-09
3.06875000000000e-07	8.31250000000000e-08	1.50000000000000e-09	1.25000000000000e-09	1.25000000000000e-09	3.00000000000000e-09
3.06875000000000e-07	8.43750000000000e-08	1.50000000000000e-09	1.25000000000000e-09	1.25000000000000e-09	3.00000000000000e-09
3.08125000000000e-07	8.06250000000000e-08	1.50000000000000e-09	1.25000000000000e-09	1.25000000000000e-09	3.00000000000000e-09
3.08125000000000e-07	8.18750000000000e-08	1.50000000000000e-09	1.25000000000000e-09	1.25000000000000e-09	3.00000000000000e-09
3.09375000000000e-07	8.06250000000000e-08	1.50000000000000e-09	1.25000000000000e-09	1.25000000000000e-09	3.00000000000000e-09
3.09375000000000e-07	8.18750000000000e-08	1.50000000000000e-09	1.25000000000000e-09	1.25000000000000e-09	3.00000000000000e-09
3.08125000000000e-07	8.31250000000000e-08	1.50000000000000e-09	1.25000000000000e-09	1.25000000000000e-09	3.00000000000000e-09
3.08125000000000e-07	8.43750000000000e-08	1.50000000000000e-09	1.25000000000000e-09	1.25000000000000e-09	3.00000000000000e-09
3.09375000000000e-07	8.31250000000000e-08	1.50000000000000e-09	1.25000000000000e-09	1.25000000000000e-09	3.00000000000000e-09
3.09375000000000e-07	8.43750000000000e-08	1.50000000000000e-09	1.25000000000000e-09	1.25000000000000e-09	3.00000000000000e-09
3.12500000000000e-07	8.25000000000000e-08	1.50000000000000e-09	5.00000000000000e-09	5.00000000000000e-09	3.00000000000000e-09
3.17500000000000e-07	8.25000000000000e-08	1.50000000000000e-09	5.00000000000000e-09	5.00000000000000e-09	3.00000000000000e-09
3.22500000000000e-07	8.25000000000000e-08	1.50000000000000e-09	5.00000000000000e-09	5.00000000000000e-09	3.00000000000000e-09
3.27500000000000e-07	8.25000000000000e-08	1.50000000000000e-09	5.00000000000000e-09	5.00000000000000e-09	3.00000000000000e-09
3.32500000000000e-07	8.25000000000000e-08	1.50000000000000e-09	5.00000000000000e-09	5.00000000000000e-09	3.00000000000000e-09
3.37500000000000e-07	8.25000000000000e-08	1.50000000000000e-09	5.00000000000000e-09	5.00000000000000e-09	3.00000000000000e-09
3.42500000000000e-07	8.25000000000000e-08	1.50000000000000e-09	5.00000000000000e-09	5.00000000000000e-09	3.00000000000000e-09
3.47500000000000e-07	8.25000000000000e-08	1.50000000000000e-09	5.00000000000000e-09	5.00000000000000e-09	3.00000000000000e-09
3.52500000000000e-07	8.25000000000000e-08	1.50000000000000e-09	5.00000000000000e-09	5.00000000000000e-09	3.00000000000000e-09
3.57500000000000e-07	8.25000000000000e-08	1.50000000000000e-09	5.00000000000000e-09	5.00000000000000e-09	3.00000000000000e-09
3.62500000000000e-07	8.25000000000000e-08	1.50000000000000e-09	5.00000000000000e-09	5.00000000000000e-09	3.00000000000000e-09
3.67500000000000e-07	8.25000000000000e-08	1.50000000000000e-09	5.00000000000000e-09	5.00000000000000e-09	3.00000000000000e-09
3.72500000000000e-07	8.25000000000000e-08	1.50000000000000e-09	5.00000000000000e-09	5.00000000000000e-09	3.00000000000000e-09
3.77500000000000e-07	8.25000000000000e-08	1.50000000000000e-09	5.00000000000000e-09	5.00000000000000e-09	3.00000000000000e-09
3.82500000000000e-07	8.25000000000000e-08	1.50000000000000e-09	5.00000000000000e-09	5.00000000000000e-09	3.00000000000000e-09
3.87500000000000e-07	8.25000000000000e-08	1.50000000000000e-09	5.00000000000000e-09	5.00000000000000e-09	3.00000000000000e-09
3.92500000000000e-07	8.25000000000000e-08	1.50000000000000e-09	5.00000000000000e-09	5.00000000000000e-09	3.00000000000000e-09
3.96250000000000e-07	8.12500000000000e-08	1.50000000000000e-09	2.50000000000000e-09	2.50000000000000e-09	3.00000000000000e-09
3.96250000000000e-07	8.37500000000000e-08	1.50000000000000e-09	2.50000000000000e-09	2.50000000000000e-09	3.00000000000000e-09
3.98750000000000e-07	8.37500000000000e-08	1.50000000000000e-09	2.50000000000000e-09	2.50000000000000e-09	3.00000000000000e-09
3.98125000000000e-07	8.06250000000000e-08	1.50000000000000e-09	1.25000000000000e-09	1.25000000000000e-09	3.00000000000000e-09
3.98125000000000e-07	8.18750000000000e-08	1.50000000000000e-09	1.25000000000000e-09	1.25000000000000e-09	3.00000000000000e-09
3.99375000000000e-07	8.06250000000000e-08	1.50000000000000e-09	1.25000000000000e-09	1.25000000000000e-09	3.00000000000000e-09
3.99375000000000e-07	8.18750000000000e-08	1.50000000000000e-09	1.25000000000000e-09	1.25000000000000e-09	3.00000000000000e-09
4.00625000000000e-07	8.06250000000000e-08	1.50000000000000e-09	1.25000000000000e-09	1.25000000000000e-09	3.00000000000000e-09
4.00625000000000e-07	8.18750000000000e-08	1.50000000000000e-09	1.25000000000000e-09	1.25000000000000e-09	3.00000000000000e-09
4.01875000000000e-07	8.06250000000000e-08	1.50000000000000e-09	1.25000000000000e-09	1.25000000000000e-09	3.00000000000000e-09
4.01875000000000e-07	8.18750000000000e-08	1.50000000000000e-09	1.25000000000000e-09	1.25000000000000e-09	3.00000000000000e-09
4.00625000000000e-07	8.31250000000000e-08	1.50000000000000e-09	1.25000000000000e-09	1.25000000000000e-09	3.00000000000000e-09
4.00625000000000e-07	8.43750000000000e-08	1.50000000000000e-09	1.25000000000000e-09	1.25000000000000e-09	3.00000000000000e-09
4.01875000000000e-07	8.31250000000000e-08	1.50000000000000e-09	1.25000000000000e-09	1.25000000000000e-09	3.00000000000000e-09
4.01875000000000e-07	8.43750000000000e-08	1.50000000000000e-09	1.25000000000000e-09	1.25000000000000e-09	3.00000000000000e-09
4.03125000000000e-07	8.06250000000000e-08	1.50000000000000e-09	1.25000000000000e-09	1.25000000000000e-09	3.00000000000000e-09
4.03125000000000e-07	8.18750000000000e-08	1.50000000000000e-09	1.25000000000000e-09	1.25000000000000e-09	3.00000000000000e-09
4.04375000000000e-07	8.06250000000000e-08	1.50000000000000e-09	1.25000000000000e-09	1.25000000000000e-09	3.00000000000000e-09
4.04375000000000e-07	8.18750000000000e-08	1.50000000000000e-09	1.25000000000000e-09	1.25000000000000e-09	3.00000000000000e-09
4.03125000000000e-07	8.31250000000000e-08	1.50000000000000e-09	1.25000000000000e-09	1.25000000000000e-09	3.00000000000000e-09
4.03125000000000e-07	8.43750000000000e-08	1.50000000000000e-09	1.25000000000000e-09	1.25000000000000e-09	3.00000000000000e-09
4.04375000000000e-07	8.31250000000000e-08	1.50000000000000e-09	1.25000000000000e-09	1.25000000000000e-09	3.00000000000000e-09
4.04375000000000e-07	8.43750000000000e-08	1.50000000000000e-09	1.25000000000000e-09	1.25000000000000e-09	3.00000000000000e-09
4.05625000000000e-07	8.06250000000000e-08	1.50000000000000e-09	1.25000000000000e-09	1.25000000000000e-09	3.00000000000000e-09
4.05625000000000e-07	8.18750000000000e-08	1.50000000000000e-09	1.25000000000000e-09	1.25000000000000e-09	3.00000000000000e-09
4.06875000000000e-07	8.06250000000000e-08	1.50000000000000e-09	1.25000000000000e-09	1.25000000000000e-09	3.00000000000000e-09
4.06875000000000e-07	8.18750000000000e-08	1.50000000000000e-09	1.25000000000000e-09	1.25000000000000e-09	3.00000000000000e-09
4.05625000000000e-07	8.31250000000000e-08	1.50000000000000e-09	1.25000000000000e-09	1.25000000000000e-09	3.00000000000000e-09
4.05625000000000e-07	8.43750000000000e-08	1.50000000000000e-09	1.25000000000000e-09	1.25000000000000e-09	3.00000000000000e-09
4.06875000000000e-07	8.31250000000000e-08	1.50000000000000e-09	1.25000000000000e-09	1.25000000000000e-09	3.00000000000000e-09
4.06875000000000e-07	8.43750000000000e-08	1.50000000000000e-09	1.25000000000000e-09	1.25000000000000e-09	3.00000000000000e-09
4.08125000000000e-07	8.06250000000000e-08	1.50000000000000e-09	1.25000000000000e-09	1.25000000000000e-09	3.00000000000000e-09
4.08125000000000e-07	8.18750000000000e-08	1.50000000000000e-09	1.25000000000000e-09	1.25000000000000e-09	3.00000000000000e-09
4.09375000000000e-07	8.06250000000000e-08	1.50000000000000e-09	1.25000000000000e-09	1.25000000000000e-09	3.00000000000000e-09
4.09375000000000e-07	8.18750000000000e-08	1.50000000000000e-09	1.25000000000000e-09	1.25000000000000e-09	3.00000000000000e-09
4.08125000000000e-07	8.31250000000000e-08	1.50000000000000e-09	1.25000000000000e-09	1.25000000000000e-09	3.00000000000000e-09
4.08125000000000e-07	8.43750000000000e-08	1.50000000000000e-09	1.25000000000000e-09	1.25000000000000e-09	3.00000000000000e-09
4.09375000000000e-07	8.31250000000000e-08	1.50000000000000e-09	1.25000000000000e-09	1.25000000000000e-09	3.00000000000000e-09
4.09375000000000e-07	8.43750000000000e-08	1.50000000000000e-09	1.25000000000000e-09	1.25000000000000e-09	3.00000000000000e-09
4.13750000000000e-07	8.12500000000000e-08	1.50000000000000e-09	2.50000000000000e-09	2.50000000000000e-09	3.00000000000000e-09
4.13750000000000e-07	8.37500000000000e-08	1.50000000000000e-09	2.50000000000000e-09	2.50000000000000e-09	3.00000000000000e-09
4.10625000000000e-07	8.06250000000000e-08	1.50000000000000e-09	1.25000000000000e-09	1.25000000000000e-09	3.00000000000000e-09
4.10625000000000e-07	8.18750000000000e-08	1.50000000000000e-09	1.25000000000000e-09	1.25000000000000e-09	3.00000000000000e-09
4.11875000000000e-07	8.06250000000000e-08	1.50000000000000e-09	1.25000000000000e-09	1.25000000000000e-09	3.00000000000000e-09
4.11875000000000e-07	8.18750000000000e-08	1.50000000000000e-09	1.25000000000000e-09	1.25000000000000e-09	3.00000000000000e-09
4.10625000000000e-07	8.31250000000000e-08	1.50000000000000e-09	1.25000000000000e-09	1.25000000000000e-09	3.00000000000000e-09
4.10625000000000e-07	8.43750000000000e-08	1.50000000000000e-09	1.25000000000000e-09	1.25000000000000e-09	3.00000000000000e-09
4.11875000000000e-07	8.31250000000000e-08	1.50000000000000e-09	1.25000000000000e-09	1.25000000000000e-09	3.00000000000000e-09
4.11875000000000e-07	8.43750000000000e-08	1.50000000000000e-09	1.25000000000000e-09	1.25000000000000e-09	3.00000000000000e-09
4.17500000000000e-07	8.25000000000000e-08	1.50000000000000e-09	5.00000000000000e-09	5.00000000000000e-09	3.00000000000000e-09
4.22500000000000e-07	8.25000000000000e-08	1.50000000000000e-09	5.00000000000000e-09	5.00000000000000e-09	3.00000000000000e-09
4.27500000000000e-07	8.25000000000000e-08	1.50000000000000e-09	5.00000000000000e-09	5.00000000000000e-09	3.00000000000000e-09
4.32500000000000e-07	8.25000000000000e-08	1.50000000000000e-09	5.00000000000000e-09	5.00000000000000e-09	3.00000000000000e-09
4.37500000000000e-07	8.25000000000000e-08	1.50000000000000e-09	5.00000000000000e-09	5.00000000000000e-09	3.00000000000000e-09
4.42500000000000e-07	8.25000000000000e-08	1.50000000000000e-09	5.00000000000000e-09	5.00000000000000e-09	3.00000000000000e-09
4.47500000000000e-07	8.25000000000000e-08	1.50000000000000e-09	5.00000000000000e-09	5.00000000000000e-09	3.00000000000000e-09
4.52500000000000e-07	8.25000000000000e-08	1.50000000000000e-09	5.00000000000000e-09	5.00000000000000e-09	3.00000000000000e-09
4.57500000000000e-07	8.25000000000000e-08	1.50000000000000e-09	5.00000000000000e-09	5.00000000000000e-09	3.00000000000000e-09
4.62500000000000e-07	8.25000000000000e-08	1.50000000000000e-09	5.00000000000000e-09	5.00000000000000e-09	3.00000000000000e-09
4.67500000000000e-07	8.25000000000000e-08	1.50000000000000e-09	5.00000000000000e-09	5.00000000000000e-09	3.00000000000000e-09
4.72500000000000e-07	8.25000000000000e-08	1.50000000000000e-09	5.00000000000000e-09	5.00000000000000e-09	3.00000000000000e-09
4.77500000000000e-07	8.25000000000000e-08	1.50000000000000e-09	5.00000000000000e-09	5.00000000000000e-09	3.00000000000000e-09
4.82500000000000e-07	8.25000000000000e-08	1.50000000000000e-09	5.00000000000000e-09	5.00000000000000e-09	3.00000000000000e-09
4.87500000000000e-07	8.25000000000000e-08	1.50000000000000e-09	5.00000000000000e-09	5.00000000000000e-09	3.00000000000000e-09
4.92500000000000e-07	8.25000000000000e-08	1.50000000000000e-09	5.00000000000000e-09	5.00000000000000e-09	3.00000000000000e-09
4.97500000000000e-07	8.25000000000000e-08	1.50000000000000e-09	5.00000000000000e-09	5.00000000000000e-09	3.00000000000000e-09
2.50000000000000e-09	8.75000000000000e-08	1.50000000000000e-09	5.00000000000000e-09	5.00000000000000e-09	3.00000000000000e-09
7.50000000000000e-09	8.75000000000000e-08	1.50000000000000e-09	5.00000000000000e-09	5.00000000000000e-09	3.00000000000000e-09
1.25000000000000e-08	8.75000000000000e-08	1.50000000000000e-09	5.00000000000000e-09	5.00000000000000e-09	3.00000000000000e-09
1.75000000000000e-08	8.75000000000000e-08	1.50000000000000e-09	5.00000000000000e-09	5.00000000000000e-09	3.00000000000000e-09
2.25000000000000e-08	8.75000000000000e-08	1.50000000000000e-09	5.00000000000000e-09	5.00000000000000e-09	3.00000000000000e-09
2.75000000000000e-08	8.75000000000000e-08	1.50000000000000e-09	5.00000000000000e-09	5.00000000000000e-09	3.00000000000000e-09
3.25000000000000e-08	8.75000000000000e-08	1.50000000000000e-09	5.00000000000000e-09	5.00000000000000e-09	3.00000000000000e-09
3.75000000000000e-08	8.75000000000000e-08	1.50000000000000e-09	5.00000000000000e-09	5.00000000000000e-09	3.00000000000000e-09
4.25000000000000e-08	8.75000000000000e-08	1.50000000000000e-09	5.00000000000000e-09	5.00000000000000e-09	3.00000000000000e-09
4.75000000000000e-08	8.75000000000000e-08	1.50000000000000e-09	5.00000000000000e-09	5.00000000000000e-09	3.00000000000000e-09
5.25000000000000e-08	8.75000000000000e-08	1.50000000000000e-09	5.00000000000000e-09	5.00000000000000e-09	3.00000000000000e-09
5.75000000000000e-08	8.75000000000000e-08	1.50000000000000e-09	5.00000000000000e-09	5.00000000000000e-09	3.00000000000000e-09
6.25000000000000e-08	8.75000000000000e-08	1.50000000000000e-09	5.00000000000000e-09	5.00000000000000e-09	3.00000000000000e-09
6.75000000000000e-08	8.75000000000000e-08	1.50000000000000e-09	5.00000000000000e-09	5.00000000000000e-09	3.00000000000000e-09
7.25000000000000e-08	8.75000000000000e-08	1.50000000000000e-09	5.00000000000000e-09	5.00000000000000e-09	3.00000000000000e-09
7.75000000000000e-08	8.75000000000000e-08	1.50000000000000e-09	5.00000000000000e-09	5.00000000000000e-09	3.00000000000000e-09
8.25000000000000e-08	8.75000000000000e-08	1.50000000000000e-09	5.00000000000000e-09	5.00000000000000e-09	3.00000000000000e-09
8.75000000000000e-08	8.75000000000000e-08	1.50000000000000e-09	5.00000000000000e-09	5.00000000000000e-09	3.00000000000000e-09
9.25000000000000e-08	8.75000000000000e-08	1.50000000000000e-09	5.00000000000000e-09	5.00000000000000e-09	3.00000000000000e-09
9.75000000000000e-08	8.75000000000000e-08	1.50000000000000e-09	5.00000000000000e-09	5.00000000000000e-09	3.00000000000000e-09
1.02500000000000e-07	8.75000000000000e-08	1.50000000000000e-09	5.00000000000000e-09	5.00000000000000e-09	3.00000000000000e-09
1.07500000000000e-07	8.75000000000000e-08	1.50000000000000e-09	5.00000000000000e-09	5.00000000000000e-09	3.00000000000000e-09
1.10625000000000e-07	8.56250000000000e-08	1.50000000000000e-09	1.25000000000000e-09	1.25000000000000e-09	3.00000000000000e-09
1.10625000000000e-07	8.68750000000000e-08	1.50000000000000e-09	1.25000000000000e-09	1.25000000000000e-09	3.00000000000000e-09
1.11875000000000e-07	8.56250000000000e-08	1.50000000000000e-09	1.25000000000000e-09	1.25000000000000e-09	3.00000000000000e-09
1.11875000000000e-07	8.68750000000000e-08	1.50000000000000e-09	1.25000000000000e-09	1.25000000000000e-09	3.00000000000000e-09
1.10625000000000e-07	8.81250000000000e-08	1.50000000000000e-09	1.25000000000000e-09	1.25000000000000e-09	3.00000000000000e-09
1.10625000000000e-07	8.93750000000000e-08	1.50000000000000e-09	1.25000000000000e-09	1.25000000000000e-09	3.00000000000000e-09
1.11875000000000e-07	8.81250000000000e-08	1.50000000000000e-09	1.25000000000000e-09	1.25000000000000e-09	3.00000000000000e-09
1.11875000000000e-07	8.93750000000000e-08	1.50000000000000e-09	1.25000000000000e-09	1.25000000000000e-09	3.00000000000000e-09
1.13125000000000e-07	8.56250000000000e-08	1.50000000000000e-09	1.25000000000000e-09	1.25000000000000e-09	3.00000000000000e-09
1.13125000000000e-07	8.68750000000000e-08	1.50000000000000e-09	1.25000000000000e-09	1.25000000000000e-09	3.00000000000000e-09
1.14375000000000e-07	8.56250000000000e-08	1.50000000000000e-09	1.25000000000000e-09	1.25000000000000e-09	3.00000000000000e-09
1.14375000000000e-07	8.68750000000000e-08	1.50000000000000e-09	1.25000000000000e-09	1.25000000000000e-09	3.00000000000000e-09
1.13125000000000e-07	8.81250000000000e-08	1.50000000000000e-09	1.25000000000000e-09	1.25000000000000e-09	3.00000000000000e-09
1.13125000000000e-07	8.93750000000000e-08	1.50000000000000e-09	1.25000000000000e-09	1.25000000000000e-09	3.00000000000000e-09
1.14375000000000e-07	8.81250000000000e-08	1.50000000000000e-09	1.25000000000000e-09	1.25000000000000e-09	3.00000000000000e-09
1.14375000000000e-07	8.93750000000000e-08	1.50000000000000e-09	1.25000000000000e-09	1.25000000000000e-09	3.00000000000000e-09
1.15625000000000e-07	8.56250000000000e-08	1.50000000000000e-09	1.25000000000000e-09	1.25000000000000e-09	3.00000000000000e-09
1.15625000000000e-07	8.68750000000000e-08	1.50000000000000e-09	1.25000000000000e-09	1.25000000000000e-09	3.00000000000000e-09
1.16875000000000e-07	8.56250000000000e-08	1.50000000000000e-09	1.25000000000000e-09	1.25000000000000e-09	3.00000000000000e-09
1.16875000000000e-07	8.68750000000000e-08	1.50000000000000e-09	1.25000000000000e-09	1.25000000000000e-09	3.00000000000000e-09
1.15625000000000e-07	8.81250000000000e-08	1.50000000000000e-09	1.25000000000000e-09	1.25000000000000e-09	3.00000000000000e-09
1.15625000000000e-07	8.93750000000000e-08	1.50000000000000e-09	1.25000000000000e-09	1.25000000000000e-09	3.00000000000000e-09
1.16875000000000e-07	8.81250000000000e-08	1.50000000000000e-09	1.25000000000000e-09	1.25000000000000e-09	3.00000000000000e-09
1.16875000000000e-07	8.93750000000000e-08	1.50000000000000e-09	1.25000000000000e-09	1.25000000000000e-09	3.00000000000000e-09
1.18125000000000e-07	8.56250000000000e-08	1.50000000000000e-09	1.25000000000000e-09	1.25000000000000e-09	3.00000000000000e-09
1.18125000000000e-07	8.68750000000000e-08	1.50000000000000e-09	1.25000000000000e-09	1.25000000000000e-09	3.00000000000000e-09
1.19375000000000e-07	8.56250000000000e-08	1.50000000000000e-09	1.25000000000000e-09	1.25000000000000e-09	3.00000000000000e-09
1.19375000000000e-07	8.68750000000000e-08	1.50000000000000e-09	1.25000000000000e-09	1.25000000000000e-09	3.00000000000000e-09
1.18125000000000e-07	8.81250000000000e-08	1.50000000000000e-09	1.25000000000000e-09	1.25000000000000e-09	3.00000000000000e-09
1.18125000000000e-07	8.93750000000000e-08	1.50000000000000e-09	1.25000000000000e-09	1.25000000000000e-09	3.00000000000000e-09
1.19375000000000e-07	8.81250000000000e-08	1.50000000000000e-09	1.25000000000000e-09	1.25000000000000e-09	3.00000000000000e-09
1.19375000000000e-07	8.93750000000000e-08	1.50000000000000e-09	1.25000000000000e-09	1.25000000000000e-09	3.00000000000000e-09
1.23750000000000e-07	8.62500000000000e-08	1.50000000000000e-09	2.50000000000000e-09	2.50000000000000e-09	3.00000000000000e-09
1.23750000000000e-07	8.87500000000000e-08	1.50000000000000e-09	2.50000000000000e-09	2.50000000000000e-09	3.00000000000000e-09
1.20625000000000e-07	8.56250000000000e-08	1.50000000000000e-09	1.25000000000000e-09	1.25000000000000e-09	3.00000000000000e-09
1.20625000000000e-07	8.68750000000000e-08	1.50000000000000e-09	1.25000000000000e-09	1.25000000000000e-09	3.00000000000000e-09
1.21875000000000e-07	8.56250000000000e-08	1.50000000000000e-09	1.25000000000000e-09	1.25000000000000e-09	3.00000000000000e-09
1.21875000000000e-07	8.68750000000000e-08	1.50000000000000e-09	1.25000000000000e-09	1.25000000000000e-09	3.00000000000000e-09
1.20625000000000e-07	8.81250000000000e-08	1.50000000000000e-09	1.25000000000000e-09	1.25000000000000e-09	3.00000000000000e-09
1.20625000000000e-07	8.93750000000000e-08	1.50000000000000e-09	1.25000000000000e-09	1.25000000000000e-09	3.00000000000000e-09
1.21875000000000e-07	8.81250000000000e-08	1.50000000000000e-09	1.25000000000000e-09	1.25000000000000e-09	3.00000000000000e-09
1.21875000000000e-07	8.93750000000000e-08	1.50000000000000e-09	1.25000000000000e-09	1.25000000000000e-09	3.00000000000000e-09
1.27500000000000e-07	8.75000000000000e-08	1.50000000000000e-09	5.00000000000000e-09	5.00000000000000e-09	3.00000000000000e-09
1.32500000000000e-07	8.75000000000000e-08	1.50000000000000e-09	5.00000000000000e-09	5.00000000000000e-09	3.00000000000000e-09
1.37500000000000e-07	8.75000000000000e-08	1.50000000000000e-09	5.00000000000000e-09	5.00000000000000e-09	3.00000000000000e-09
1.42500000000000e-07	8.75000000000000e-08	1.50000000000000e-09	5.00000000000000e-09	5.00000000000000e-09	3.00000000000000e-09
1.47500000000000e-07	8.75000000000000e-08	1.50000000000000e-09	5.00000000000000e-09	5.00000000000000e-09	3.00000000000000e-09
1.52500000000000e-07	8.75000000000000e-08	1.50000000000000e-09	5.00000000000000e-09	5.00000000000000e-09	3.00000000000000e-09
1.57500000000000e-07	8.75000000000000e-08	1.50000000000000e-09	5.00000000000000e-09	5.00000000000000e-09	3.00000000000000e-09
1.62500000000000e-07	8.75000000000000e-08	1.50000000000000e-09	5.00000000000000e-09	5.00000000000000e-09	3.00000000000000e-09
1.67500000000000e-07	8.75000000000000e-08	1.50000000000000e-09	5.00000000000000e-09	5.00000000000000e-09	3.00000000000000e-09
1.72500000000000e-07	8.75000000000000e-08	1.50000000000000e-09	5.00000000000000e-09	5.00000000000000e-09	3.00000000000000e-09
1.77500000000000e-07	8.75000000000000e-08	1.50000000000000e-09	5.00000000000000e-09	5.00000000000000e-09	3.00000000000000e-09
1.82500000000000e-07	8.75000000000000e-08	1.50000000000000e-09	5.00000000000000e-09	5.00000000000000e-09	3.00000000000000e-09
1.87500000000000e-07	8.75000000000000e-08	1.50000000000000e-09	5.00000000000000e-09	5.00000000000000e-09	3.00000000000000e-09
1.92500000000000e-07	8.75000000000000e-08	1.50000000000000e-09	5.00000000000000e-09	5.00000000000000e-09	3.00000000000000e-09
1.97500000000000e-07	8.75000000000000e-08	1.50000000000000e-09	5.00000000000000e-09	5.00000000000000e-09	3.00000000000000e-09
2.02500000000000e-07	8.75000000000000e-08	1.50000000000000e-09	5.00000000000000e-09	5.00000000000000e-09	3.00000000000000e-09
2.07500000000000e-07	8.75000000000000e-08	1.50000000000000e-09	5.00000000000000e-09	5.00000000000000e-09	3.00000000000000e-09
2.10625000000000e-07	8.56250000000000e-08	1.50000000000000e-09	1.25000000000000e-09	1.25000000000000e-09	3.00000000000000e-09
2.10625000000000e-07	8.68750000000000e-08	1.50000000000000e-09	1.25000000000000e-09	1.25000000000000e-09	3.00000000000000e-09
2.11875000000000e-07	8.56250000000000e-08	1.50000000000000e-09	1.25000000000000e-09	1.25000000000000e-09	3.00000000000000e-09
2.11875000000000e-07	8.68750000000000e-08	1.50000000000000e-09	1.25000000000000e-09	1.25000000000000e-09	3.00000000000000e-09
2.10625000000000e-07	8.81250000000000e-08	1.50000000000000e-09	1.25000000000000e-09	1.25000000000000e-09	3.00000000000000e-09
2.10625000000000e-07	8.93750000000000e-08	1.50000000000000e-09	1.25000000000000e-09	1.25000000000000e-09	3.00000000000000e-09
2.11875000000000e-07	8.81250000000000e-08	1.50000000000000e-09	1.25000000000000e-09	1.25000000000000e-09	3.00000000000000e-09
2.11875000000000e-07	8.93750000000000e-08	1.50000000000000e-09	1.25000000000000e-09	1.25000000000000e-09	3.00000000000000e-09
2.13125000000000e-07	8.56250000000000e-08	1.50000000000000e-09	1.25000000000000e-09	1.25000000000000e-09	3.00000000000000e-09
2.13125000000000e-07	8.68750000000000e-08	1.50000000000000e-09	1.25000000000000e-09	1.25000000000000e-09	3.00000000000000e-09
2.14375000000000e-07	8.56250000000000e-08	1.50000000000000e-09	1.25000000000000e-09	1.25000000000000e-09	3.00000000000000e-09
2.14375000000000e-07	8.68750000000000e-08	1.50000000000000e-09	1.25000000000000e-09	1.25000000000000e-09	3.00000000000000e-09
2.13125000000000e-07	8.81250000000000e-08	1.50000000000000e-09	1.25000000000000e-09	1.25000000000000e-09	3.00000000000000e-09
2.13125000000000e-07	8.93750000000000e-08	1.50000000000000e-09	1.25000000000000e-09	1.25000000000000e-09	3.00000000000000e-09
2.14375000000000e-07	8.81250000000000e-08	1.50000000000000e-09	1.25000000000000e-09	1.25000000000000e-09	3.00000000000000e-09
2.14375000000000e-07	8.93750000000000e-08	1.50000000000000e-09	1.25000000000000e-09	1.25000000000000e-09	3.00000000000000e-09
2.15625000000000e-07	8.56250000000000e-08	1.50000000000000e-09	1.25000000000000e-09	1.25000000000000e-09	3.00000000000000e-09
2.15625000000000e-07	8.68750000000000e-08	1.50000000000000e-09	1.25000000000000e-09	1.25000000000000e-09	3.00000000000000e-09
2.16875000000000e-07	8.56250000000000e-08	1.50000000000000e-09	1.25000000000000e-09	1.25000000000000e-09	3.00000000000000e-09
2.16875000000000e-07	8.68750000000000e-08	1.50000000000000e-09	1.25000000000000e-09	1.25000000000000e-09	3.00000000000000e-09
2.15625000000000e-07	8.81250000000000e-08	1.50000000000000e-09	1.25000000000000e-09	1.25000000000000e-09	3.00000000000000e-09
2.15625000000000e-07	8.93750000000000e-08	1.50000000000000e-09	1.25000000000000e-09	1.25000000000000e-09	3.00000000000000e-09
2.16875000000000e-07	8.81250000000000e-08	1.50000000000000e-09	1.25000000000000e-09	1.25000000000000e-09	3.00000000000000e-09
2.16875000000000e-07	8.93750000000000e-08	1.50000000000000e-09	1.25000000000000e-09	1.25000000000000e-09	3.00000000000000e-09
2.18125000000000e-07	8.56250000000000e-08	1.50000000000000e-09	1.25000000000000e-09	1.25000000000000e-09	3.00000000000000e-09
2.18125000000000e-07	8.68750000000000e-08	1.50000000000000e-09	1.25000000000000e-09	1.25000000000000e-09	3.00000000000000e-09
2.19375000000000e-07	8.56250000000000e-08	1.50000000000000e-09	1.25000000000000e-09	1.25000000000000e-09	3.00000000000000e-09
2.19375000000000e-07	8.68750000000000e-08	1.50000000000000e-09	1.25000000000000e-09	1.25000000000000e-09	3.00000000000000e-09
2.18125000000000e-07	8.81250000000000e-08	1.50000000000000e-09	1.25000000000000e-09	1.25000000000000e-09	3.00000000000000e-09
2.18125000000000e-07	8.93750000000000e-08	1.50000000000000e-09	1.25000000000000e-09	1.25000000000000e-09	3.00000000000000e-09
2.19375000000000e-07	8.81250000000000e-08	1.50000000000000e-09	1.25000000000000e-09	1.25000000000000e-09	3.00000000000000e-09
2.19375000000000e-07	8.93750000000000e-08	1.50000000000000e-09	1.25000000000000e-09	1.25000000000000e-09	3.00000000000000e-09
2.23750000000000e-07	8.62500000000000e-08	1.50000000000000e-09	2.50000000000000e-09	2.50000000000000e-09	3.00000000000000e-09
2.23750000000000e-07	8.87500000000000e-08	1.50000000000000e-09	2.50000000000000e-09	2.50000000000000e-09	3.00000000000000e-09
2.20625000000000e-07	8.56250000000000e-08	1.50000000000000e-09	1.25000000000000e-09	1.25000000000000e-09	3.00000000000000e-09
2.20625000000000e-07	8.68750000000000e-08	1.50000000000000e-09	1.25000000000000e-09	1.25000000000000e-09	3.00000000000000e-09
2.21875000000000e-07	8.56250000000000e-08	1.50000000000000e-09	1.25000000000000e-09	1.25000000000000e-09	3.00000000000000e-09
2.21875000000000e-07	8.68750000000000e-08	1.50000000000000e-09	1.25000000000000e-09	1.25000000000000e-09	3.00000000000000e-09
2.20625000000000e-07	8.81250000000000e-08	1.50000000000000e-09	1.25000000000000e-09	1.25000000000000e-09	3.00000000000000e-09
2.20625000000000e-07	8.93750000000000e-08	1.50000000000000e-09	1.25000000000000e-09	1.25000000000000e-09	3.00000000000000e-09
2.21875000000000e-07	8.81250000000000e-08	1.50000000000000e-09	1.25000000000000e-09	1.25000000000000e-09	3.00000000000000e-09
2.21875000000000e-07	8.93750000000000e-08	1.50000000000000e-09	1.25000000000000e-09	1.25000000000000e-09	3.00000000000000e-09
2.27500000000000e-07	8.75000000000000e-08	1.50000000000000e-09	5.00000000000000e-09	5.00000000000000e-09	3.00000000000000e-09
2.32500000000000e-07	8.75000000000000e-08	1.50000000000000e-09	5.00000000000000e-09	5.00000000000000e-09	3.00000000000000e-09
2.37500000000000e-07	8.75000000000000e-08	1.50000000000000e-09	5.00000000000000e-09	5.00000000000000e-09	3.00000000000000e-09
2.42500000000000e-07	8.75000000000000e-08	1.50000000000000e-09	5.00000000000000e-09	5.00000000000000e-09	3.00000000000000e-09
2.47500000000000e-07	8.75000000000000e-08	1.50000000000000e-09	5.00000000000000e-09	5.00000000000000e-09	3.00000000000000e-09
2.52500000000000e-07	8.75000000000000e-08	1.50000000000000e-09	5.00000000000000e-09	5.00000000000000e-09	3.00000000000000e-09
2.57500000000000e-07	8.75000000000000e-08	1.50000000000000e-09	5.00000000000000e-09	5.00000000000000e-09	3.00000000000000e-09
2.62500000000000e-07	8.75000000000000e-08	1.50000000000000e-09	5.00000000000000e-09	5.00000000000000e-09	3.00000000000000e-09
2.67500000000000e-07	8.75000000000000e-08	1.50000000000000e-09	5.00000000000000e-09	5.00000000000000e-09	3.00000000000000e-09
2.72500000000000e-07	8.75000000000000e-08	1.50000000000000e-09	5.00000000000000e-09	5.00000000000000e-09	3.00000000000000e-09
2.77500000000000e-07	8.75000000000000e-08	1.50000000000000e-09	5.00000000000000e-09	5.00000000000000e-09	3.00000000000000e-09
2.82500000000000e-07	8.75000000000000e-08	1.50000000000000e-09	5.00000000000000e-09	5.00000000000000e-09	3.00000000000000e-09
2.87500000000000e-07	8.75000000000000e-08	1.50000000000000e-09	5.00000000000000e-09	5.00000000000000e-09	3.00000000000000e-09
2.92500000000000e-07	8.75000000000000e-08	1.50000000000000e-09	5.00000000000000e-09	5.00000000000000e-09	3.00000000000000e-09
2.97500000000000e-07	8.75000000000000e-08	1.50000000000000e-09	5.00000000000000e-09	5.00000000000000e-09	3.00000000000000e-09
3.00625000000000e-07	8.56250000000000e-08	1.50000000000000e-09	1.25000000000000e-09	1.25000000000000e-09	3.00000000000000e-09
3.00625000000000e-07	8.68750000000000e-08	1.50000000000000e-09	1.25000000000000e-09	1.25000000000000e-09	3.00000000000000e-09
3.01875000000000e-07	8.56250000000000e-08	1.50000000000000e-09	1.25000000000000e-09	1.25000000000000e-09	3.00000000000000e-09
3.01875000000000e-07	8.68750000000000e-08	1.50000000000000e-09	1.25000000000000e-09	1.25000000000000e-09	3.00000000000000e-09
3.00625000000000e-07	8.81250000000000e-08	1.50000000000000e-09	1.25000000000000e-09	1.25000000000000e-09	3.00000000000000e-09
3.00625000000000e-07	8.93750000000000e-08	1.50000000000000e-09	1.25000000000000e-09	1.25000000000000e-09	3.00000000000000e-09
3.01875000000000e-07	8.81250000000000e-08	1.50000000000000e-09	1.25000000000000e-09	1.25000000000000e-09	3.00000000000000e-09
3.01875000000000e-07	8.93750000000000e-08	1.50000000000000e-09	1.25000000000000e-09	1.25000000000000e-09	3.00000000000000e-09
3.03125000000000e-07	8.56250000000000e-08	1.50000000000000e-09	1.25000000000000e-09	1.25000000000000e-09	3.00000000000000e-09
3.03125000000000e-07	8.68750000000000e-08	1.50000000000000e-09	1.25000000000000e-09	1.25000000000000e-09	3.00000000000000e-09
3.04375000000000e-07	8.56250000000000e-08	1.50000000000000e-09	1.25000000000000e-09	1.25000000000000e-09	3.00000000000000e-09
3.04375000000000e-07	8.68750000000000e-08	1.50000000000000e-09	1.25000000000000e-09	1.25000000000000e-09	3.00000000000000e-09
3.03125000000000e-07	8.81250000000000e-08	1.50000000000000e-09	1.25000000000000e-09	1.25000000000000e-09	3.00000000000000e-09
3.03125000000000e-07	8.93750000000000e-08	1.50000000000000e-09	1.25000000000000e-09	1.25000000000000e-09	3.00000000000000e-09
3.04375000000000e-07	8.81250000000000e-08	1.50000000000000e-09	1.25000000000000e-09	1.25000000000000e-09	3.00000000000000e-09
3.04375000000000e-07	8.93750000000000e-08	1.50000000000000e-09	1.25000000000000e-09	1.25000000000000e-09	3.00000000000000e-09
3.05625000000000e-07	8.56250000000000e-08	1.50000000000000e-09	1.25000000000000e-09	1.25000000000000e-09	3.00000000000000e-09
3.05625000000000e-07	8.68750000000000e-08	1.50000000000000e-09	1.25000000000000e-09	1.25000000000000e-09	3.00000000000000e-09
3.06875000000000e-07	8.56250000000000e-08	1.50000000000000e-09	1.25000000000000e-09	1.25000000000000e-09	3.00000000000000e-09
3.06875000000000e-07	8.68750000000000e-08	1.50000000000000e-09	1.25000000000000e-09	1.25000000000000e-09	3.00000000000000e-09
3.05625000000000e-07	8.81250000000000e-08	1.50000000000000e-09	1.25000000000000e-09	1.25000000000000e-09	3.00000000000000e-09
3.05625000000000e-07	8.93750000000000e-08	1.50000000000000e-09	1.25000000000000e-09	1.25000000000000e-09	3.00000000000000e-09
3.06875000000000e-07	8.81250000000000e-08	1.50000000000000e-09	1.25000000000000e-09	1.25000000000000e-09	3.00000000000000e-09
3.06875000000000e-07	8.93750000000000e-08	1.50000000000000e-09	1.25000000000000e-09	1.25000000000000e-09	3.00000000000000e-09
3.08125000000000e-07	8.56250000000000e-08	1.50000000000000e-09	1.25000000000000e-09	1.25000000000000e-09	3.00000000000000e-09
3.08125000000000e-07	8.68750000000000e-08	1.50000000000000e-09	1.25000000000000e-09	1.25000000000000e-09	3.00000000000000e-09
3.09375000000000e-07	8.56250000000000e-08	1.50000000000000e-09	1.25000000000000e-09	1.25000000000000e-09	3.00000000000000e-09
3.09375000000000e-07	8.68750000000000e-08	1.50000000000000e-09	1.25000000000000e-09	1.25000000000000e-09	3.00000000000000e-09
3.08125000000000e-07	8.81250000000000e-08	1.50000000000000e-09	1.25000000000000e-09	1.25000000000000e-09	3.00000000000000e-09
3.08125000000000e-07	8.93750000000000e-08	1.50000000000000e-09	1.25000000000000e-09	1.25000000000000e-09	3.00000000000000e-09
3.09375000000000e-07	8.81250000000000e-08	1.50000000000000e-09	1.25000000000000e-09	1.25000000000000e-09	3.00000000000000e-09
3.09375000000000e-07	8.93750000000000e-08	1.50000000000000e-09	1.25000000000000e-09	1.25000000000000e-09	3.00000000000000e-09
3.12500000000000e-07	8.75000000000000e-08	1.50000000000000e-09	5.00000000000000e-09	5.00000000000000e-09	3.00000000000000e-09
3.17500000000000e-07	8.75000000000000e-08	1.50000000000000e-09	5.00000000000000e-09	5.00000000000000e-09	3.00000000000000e-09
3.22500000000000e-07	8.75000000000000e-08	1.50000000000000e-09	5.00000000000000e-09	5.00000000000000e-09	3.00000000000000e-09
3.27500000000000e-07	8.75000000000000e-08	1.50000000000000e-09	5.00000000000000e-09	5.00000000000000e-09	3.00000000000000e-09
3.32500000000000e-07	8.75000000000000e-08	1.50000000000000e-09	5.00000000000000e-09	5.00000000000000e-09	3.00000000000000e-09
3.37500000000000e-07	8.75000000000000e-08	1.50000000000000e-09	5.00000000000000e-09	5.00000000000000e-09	3.00000000000000e-09
3.42500000000000e-07	8.75000000000000e-08	1.50000000000000e-09	5.00000000000000e-09	5.00000000000000e-09	3.00000000000000e-09
3.47500000000000e-07	8.75000000000000e-08	1.50000000000000e-09	5.00000000000000e-09	5.00000000000000e-09	3.00000000000000e-09
3.52500000000000e-07	8.75000000000000e-08	1.50000000000000e-09	5.00000000000000e-09	5.00000000000000e-09	3.00000000000000e-09
3.57500000000000e-07	8.75000000000000e-08	1.50000000000000e-09	5.00000000000000e-09	5.00000000000000e-09	3.00000000000000e-09
3.62500000000000e-07	8.75000000000000e-08	1.50000000000000e-09	5.00000000000000e-09	5.00000000000000e-09	3.00000000000000e-09
3.67500000000000e-07	8.75000000000000e-08	1.50000000000000e-09	5.00000000000000e-09	5.00000000000000e-09	3.00000000000000e-09
3.72500000000000e-07	8.75000000000000e-08	1.50000000000000e-09	5.00000000000000e-09	5.00000000000000e-09	3.00000000000000e-09
3.77500000000000e-07	8.75000000000000e-08	1.50000000000000e-09	5.00000000000000e-09	5.00000000000000e-09	3.00000000000000e-09
3.82500000000000e-07	8.75000000000000e-08	1.50000000000000e-09	5.00000000000000e-09	5.00000000000000e-09	3.00000000000000e-09
3.87500000000000e-07	8.75000000000000e-08	1.50000000000000e-09	5.00000000000000e-09	5.00000000000000e-09	3.00000000000000e-09
3.92500000000000e-07	8.75000000000000e-08	1.50000000000000e-09	5.00000000000000e-09	5.00000000000000e-09	3.00000000000000e-09
3.97500000000000e-07	8.75000000000000e-08	1.50000000000000e-09	5.00000000000000e-09	5.00000000000000e-09	3.00000000000000e-09
4.00625000000000e-07	8.56250000000000e-08	1.50000000000000e-09	1.25000000000000e-09	1.25000000000000e-09	3.00000000000000e-09
4.00625000000000e-07	8.68750000000000e-08	1.50000000000000e-09	1.25000000000000e-09	1.25000000000000e-09	3.00000000000000e-09
4.01875000000000e-07	8.56250000000000e-08	1.50000000000000e-09	1.25000000000000e-09	1.25000000000000e-09	3.00000000000000e-09
4.01875000000000e-07	8.68750000000000e-08	1.50000000000000e-09	1.25000000000000e-09	1.25000000000000e-09	3.00000000000000e-09
4.00625000000000e-07	8.81250000000000e-08	1.50000000000000e-09	1.25000000000000e-09	1.25000000000000e-09	3.00000000000000e-09
4.00625000000000e-07	8.93750000000000e-08	1.50000000000000e-09	1.25000000000000e-09	1.25000000000000e-09	3.00000000000000e-09
4.01875000000000e-07	8.81250000000000e-08	1.50000000000000e-09	1.25000000000000e-09	1.25000000000000e-09	3.00000000000000e-09
4.01875000000000e-07	8.93750000000000e-08	1.50000000000000e-09	1.25000000000000e-09	1.25000000000000e-09	3.00000000000000e-09
4.03125000000000e-07	8.56250000000000e-08	1.50000000000000e-09	1.25000000000000e-09	1.25000000000000e-09	3.00000000000000e-09
4.03125000000000e-07	8.68750000000000e-08	1.50000000000000e-09	1.25000000000000e-09	1.25000000000000e-09	3.00000000000000e-09
4.04375000000000e-07	8.56250000000000e-08	1.50000000000000e-09	1.25000000000000e-09	1.25000000000000e-09	3.00000000000000e-09
4.04375000000000e-07	8.68750000000000e-08	1.50000000000000e-09	1.25000000000000e-09	1.25000000000000e-09	3.00000000000000e-09
4.03125000000000e-07	8.81250000000000e-08	1.50000000000000e-09	1.25000000000000e-09	1.25000000000000e-09	3.00000000000000e-09
4.03125000000000e-07	8.93750000000000e-08	1.50000000000000e-09	1.25000000000000e-09	1.25000000000000e-09	3.00000000000000e-09
4.04375000000000e-07	8.81250000000000e-08	1.50000000000000e-09	1.25000000000000e-09	1.25000000000000e-09	3.00000000000000e-09
4.04375000000000e-07	8.93750000000000e-08	1.50000000000000e-09	1.25000000000000e-09	1.25000000000000e-09	3.00000000000000e-09
4.05625000000000e-07	8.56250000000000e-08	1.50000000000000e-09	1.25000000000000e-09	1.25000000000000e-09	3.00000000000000e-09
4.05625000000000e-07	8.68750000000000e-08	1.50000000000000e-09	1.25000000000000e-09	1.25000000000000e-09	3.00000000000000e-09
4.06875000000000e-07	8.56250000000000e-08	1.50000000000000e-09	1.25000000000000e-09	1.25000000000000e-09	3.00000000000000e-09
4.06875000000000e-07	8.68750000000000e-08	1.50000000000000e-09	1.25000000000000e-09	1.25000000000000e-09	3.00000000000000e-09
4.05625000000000e-07	8.81250000000000e-08	1.50000000000000e-09	1.25000000000000e-09	1.25000000000000e-09	3.00000000000000e-09
4.05625000000000e-07	8.93750000000000e-08	1.50000000000000e-09	1.25000000000000e-09	1.25000000000000e-09	3.00000000000000e-09
4.06875000000000e-07	8.81250000000000e-08	1.50000000000000e-09	1.25000000000000e-09	1.25000000000000e-09	3.00000000000000e-09
4.06875000000000e-07	8.93750000000000e-08	1.50000000000000e-09	1.25000000000000e-09	1.25000000000000e-09	3.00000000000000e-09
4.08125000000000e-07	8.56250000000000e-08	1.50000000000000e-09	1.25000000000000e-09	1.25000000000000e-09	3.00000000000000e-09
4.08125000000000e-07	8.68750000000000e-08	1.50000000000000e-09	1.25000000000000e-09	1.25000000000000e-09	3.00000000000000e-09
4.09375000000000e-07	8.56250000000000e-08	1.50000000000000e-09	1.25000000000000e-09	1.25000000000000e-09	3.00000000000000e-09
4.09375000000000e-07	8.68750000000000e-08	1.50000000000000e-09	1.25000000000000e-09	1.25000000000000e-09	3.00000000000000e-09
4.08125000000000e-07	8.81250000000000e-08	1.50000000000000e-09	1.25000000000000e-09	1.25000000000000e-09	3.00000000000000e-09
4.08125000000000e-07	8.93750000000000e-08	1.50000000000000e-09	1.25000000000000e-09	1.25000000000000e-09	3.00000000000000e-09
4.09375000000000e-07	8.81250000000000e-08	1.50000000000000e-09	1.25000000000000e-09	1.25000000000000e-09	3.00000000000000e-09
4.09375000000000e-07	8.93750000000000e-08	1.50000000000000e-09	1.25000000000000e-09	1.25000000000000e-09	3.00000000000000e-09
4.12500000000000e-07	8.75000000000000e-08	1.50000000000000e-09	5.00000000000000e-09	5.00000000000000e-09	3.00000000000000e-09
4.17500000000000e-07	8.75000000000000e-08	1.50000000000000e-09	5.00000000000000e-09	5.00000000000000e-09	3.00000000000000e-09
4.22500000000000e-07	8.75000000000000e-08	1.50000000000000e-09	5.00000000000000e-09	5.00000000000000e-09	3.00000000000000e-09
4.27500000000000e-07	8.75000000000000e-08	1.50000000000000e-09	5.00000000000000e-09	5.00000000000000e-09	3.00000000000000e-09
4.32500000000000e-07	8.75000000000000e-08	1.50000000000000e-09	5.00000000000000e-09	5.00000000000000e-09	3.00000000000000e-09
4.37500000000000e-07	8.75000000000000e-08	1.50000000000000e-09	5.00000000000000e-09	5.00000000000000e-09	3.00000000000000e-09
4.42500000000000e-07	8.75000000000000e-08	1.50000000000000e-09	5.00000000000000e-09	5.00000000000000e-09	3.00000000000000e-09
4.47500000000000e-07	8.75000000000000e-08	1.50000000000000e-09	5.00000000000000e-09	5.00000000000000e-09	3.00000000000000e-09
4.52500000000000e-07	8.75000000000000e-08	1.50000000000000e-09	5.00000000000000e-09	5.00000000000000e-09	3.00000000000000e-09
4.57500000000000e-07	8.75000000000000e-08	1.50000000000000e-09	5.00000000000000e-09	5.00000000000000e-09	3.00000000000000e-09
4.62500000000000e-07	8.75000000000000e-08	1.50000000000000e-09	5.00000000000000e-09	5.00000000000000e-09	3.00000000000000e-09
4.67500000000000e-07	8.75000000000000e-08	1.50000000000000e-09	5.00000000000000e-09	5.00000000000000e-09	3.00000000000000e-09
4.72500000000000e-07	8.75000000000000e-08	1.50000000000000e-09	5.00000000000000e-09	5.00000000000000e-09	3.00000000000000e-09
4.77500000000000e-07	8.75000000000000e-08	1.50000000000000e-09	5.00000000000000e-09	5.00000000000000e-09	3.00000000000000e-09
4.82500000000000e-07	8.75000000000000e-08	1.50000000000000e-09	5.00000000000000e-09	5.00000000000000e-09	3.00000000000000e-09
4.87500000000000e-07	8.75000000000000e-08	1.50000000000000e-09	5.00000000000000e-09	5.00000000000000e-09	3.00000000000000e-09
4.92500000000000e-07	8.75000000000000e-08	1.50000000000000e-09	5.00000000000000e-09	5.00000000000000e-09	3.00000000000000e-09
4.97500000000000e-07	8.75000000000000e-08	1.50000000000000e-09	5.00000000000000e-09	5.00000000000000e-09	3.00000000000000e-09
2.50000000000000e-09	9.25000000000000e-08	1.50000000000000e-09	5.00000000000000e-09	5.00000000000000e-09	3.00000000000000e-09
7.50000000000000e-09	9.25000000000000e-08	1.50000000000000e-09	5.00000000000000e-09	5.00000000000000e-09	3.00000000000000e-09
1.25000000000000e-08	9.25000000000000e-08	1.50000000000000e-09	5.00000000000000e-09	5.00000000000000e-09	3.00000000000000e-09
1.75000000000000e-08	9.25000000000000e-08	1.50000000000000e-09	5.00000000000000e-09	5.00000000000000e-09	3.00000000000000e-09
2.25000000000000e-08	9.25000000000000e-08	1.50000000000000e-09	5.00000000000000e-09	5.00000000000000e-09	3.00000000000000e-09
2.75000000000000e-08	9.25000000000000e-08	1.50000000000000e-09	5.00000000000000e-09	5.00000000000000e-09	3.00000000000000e-09
3.25000000000000e-08	9.25000000000000e-08	1.50000000000000e-09	5.00000000000000e-09	5.00000000000000e-09	3.00000000000000e-09
3.75000000000000e-08	9.25000000000000e-08	1.50000000000000e-09	5.00000000000000e-09	5.00000000000000e-09	3.00000000000000e-09
4.25000000000000e-08	9.25000000000000e-08	1.50000000000000e-09	5.00000000000000e-09	5.00000000000000e-09	3.00000000000000e-09
4.75000000000000e-08	9.25000000000000e-08	1.50000000000000e-09	5.00000000000000e-09	5.00000000000000e-09	3.00000000000000e-09
5.25000000000000e-08	9.25000000000000e-08	1.50000000000000e-09	5.00000000000000e-09	5.00000000000000e-09	3.00000000000000e-09
5.75000000000000e-08	9.25000000000000e-08	1.50000000000000e-09	5.00000000000000e-09	5.00000000000000e-09	3.00000000000000e-09
6.25000000000000e-08	9.25000000000000e-08	1.50000000000000e-09	5.00000000000000e-09	5.00000000000000e-09	3.00000000000000e-09
6.75000000000000e-08	9.25000000000000e-08	1.50000000000000e-09	5.00000000000000e-09	5.00000000000000e-09	3.00000000000000e-09
7.25000000000000e-08	9.25000000000000e-08	1.50000000000000e-09	5.00000000000000e-09	5.00000000000000e-09	3.00000000000000e-09
7.75000000000000e-08	9.25000000000000e-08	1.50000000000000e-09	5.00000000000000e-09	5.00000000000000e-09	3.00000000000000e-09
8.25000000000000e-08	9.25000000000000e-08	1.50000000000000e-09	5.00000000000000e-09	5.00000000000000e-09	3.00000000000000e-09
8.75000000000000e-08	9.25000000000000e-08	1.50000000000000e-09	5.00000000000000e-09	5.00000000000000e-09	3.00000000000000e-09
9.25000000000000e-08	9.25000000000000e-08	1.50000000000000e-09	5.00000000000000e-09	5.00000000000000e-09	3.00000000000000e-09
9.75000000000000e-08	9.25000000000000e-08	1.50000000000000e-09	5.00000000000000e-09	5.00000000000000e-09	3.00000000000000e-09
1.02500000000000e-07	9.25000000000000e-08	1.50000000000000e-09	5.00000000000000e-09	5.00000000000000e-09	3.00000000000000e-09
1.07500000000000e-07	9.25000000000000e-08	1.50000000000000e-09	5.00000000000000e-09	5.00000000000000e-09	3.00000000000000e-09
1.10625000000000e-07	9.06250000000000e-08	1.50000000000000e-09	1.25000000000000e-09	1.25000000000000e-09	3.00000000000000e-09
1.10625000000000e-07	9.18750000000000e-08	1.50000000000000e-09	1.25000000000000e-09	1.25000000000000e-09	3.00000000000000e-09
1.11875000000000e-07	9.06250000000000e-08	1.50000000000000e-09	1.25000000000000e-09	1.25000000000000e-09	3.00000000000000e-09
1.11875000000000e-07	9.18750000000000e-08	1.50000000000000e-09	1.25000000000000e-09	1.25000000000000e-09	3.00000000000000e-09
1.10625000000000e-07	9.31250000000000e-08	1.50000000000000e-09	1.25000000000000e-09	1.25000000000000e-09	3.00000000000000e-09
1.10625000000000e-07	9.43750000000000e-08	1.50000000000000e-09	1.25000000000000e-09	1.25000000000000e-09	3.00000000000000e-09
1.11875000000000e-07	9.31250000000000e-08	1.50000000000000e-09	1.25000000000000e-09	1.25000000000000e-09	3.00000000000000e-09
1.11875000000000e-07	9.43750000000000e-08	1.50000000000000e-09	1.25000000000000e-09	1.25000000000000e-09	3.00000000000000e-09
1.13125000000000e-07	9.06250000000000e-08	1.50000000000000e-09	1.25000000000000e-09	1.25000000000000e-09	3.00000000000000e-09
1.13125000000000e-07	9.18750000000000e-08	1.50000000000000e-09	1.25000000000000e-09	1.25000000000000e-09	3.00000000000000e-09
1.14375000000000e-07	9.06250000000000e-08	1.50000000000000e-09	1.25000000000000e-09	1.25000000000000e-09	3.00000000000000e-09
1.14375000000000e-07	9.18750000000000e-08	1.50000000000000e-09	1.25000000000000e-09	1.25000000000000e-09	3.00000000000000e-09
1.13125000000000e-07	9.31250000000000e-08	1.50000000000000e-09	1.25000000000000e-09	1.25000000000000e-09	3.00000000000000e-09
1.13125000000000e-07	9.43750000000000e-08	1.50000000000000e-09	1.25000000000000e-09	1.25000000000000e-09	3.00000000000000e-09
1.14375000000000e-07	9.31250000000000e-08	1.50000000000000e-09	1.25000000000000e-09	1.25000000000000e-09	3.00000000000000e-09
1.14375000000000e-07	9.43750000000000e-08	1.50000000000000e-09	1.25000000000000e-09	1.25000000000000e-09	3.00000000000000e-09
1.15625000000000e-07	9.06250000000000e-08	1.50000000000000e-09	1.25000000000000e-09	1.25000000000000e-09	3.00000000000000e-09
1.15625000000000e-07	9.18750000000000e-08	1.50000000000000e-09	1.25000000000000e-09	1.25000000000000e-09	3.00000000000000e-09
1.16875000000000e-07	9.06250000000000e-08	1.50000000000000e-09	1.25000000000000e-09	1.25000000000000e-09	3.00000000000000e-09
1.16875000000000e-07	9.18750000000000e-08	1.50000000000000e-09	1.25000000000000e-09	1.25000000000000e-09	3.00000000000000e-09
1.15625000000000e-07	9.31250000000000e-08	1.50000000000000e-09	1.25000000000000e-09	1.25000000000000e-09	3.00000000000000e-09
1.15625000000000e-07	9.43750000000000e-08	1.50000000000000e-09	1.25000000000000e-09	1.25000000000000e-09	3.00000000000000e-09
1.16875000000000e-07	9.31250000000000e-08	1.50000000000000e-09	1.25000000000000e-09	1.25000000000000e-09	3.00000000000000e-09
1.16875000000000e-07	9.43750000000000e-08	1.50000000000000e-09	1.25000000000000e-09	1.25000000000000e-09	3.00000000000000e-09
1.18125000000000e-07	9.06250000000000e-08	1.50000000000000e-09	1.25000000000000e-09	1.25000000000000e-09	3.00000000000000e-09
1.18125000000000e-07	9.18750000000000e-08	1.50000000000000e-09	1.25000000000000e-09	1.25000000000000e-09	3.00000000000000e-09
1.19375000000000e-07	9.06250000000000e-08	1.50000000000000e-09	1.25000000000000e-09	1.25000000000000e-09	3.00000000000000e-09
1.19375000000000e-07	9.18750000000000e-08	1.50000000000000e-09	1.25000000000000e-09	1.25000000000000e-09	3.00000000000000e-09
1.18125000000000e-07	9.31250000000000e-08	1.50000000000000e-09	1.25000000000000e-09	1.25000000000000e-09	3.00000000000000e-09
1.18125000000000e-07	9.43750000000000e-08	1.50000000000000e-09	1.25000000000000e-09	1.25000000000000e-09	3.00000000000000e-09
1.19375000000000e-07	9.31250000000000e-08	1.50000000000000e-09	1.25000000000000e-09	1.25000000000000e-09	3.00000000000000e-09
1.19375000000000e-07	9.43750000000000e-08	1.50000000000000e-09	1.25000000000000e-09	1.25000000000000e-09	3.00000000000000e-09
1.23750000000000e-07	9.12500000000000e-08	1.50000000000000e-09	2.50000000000000e-09	2.50000000000000e-09	3.00000000000000e-09
1.23750000000000e-07	9.37500000000000e-08	1.50000000000000e-09	2.50000000000000e-09	2.50000000000000e-09	3.00000000000000e-09
1.20625000000000e-07	9.06250000000000e-08	1.50000000000000e-09	1.25000000000000e-09	1.25000000000000e-09	3.00000000000000e-09
1.20625000000000e-07	9.18750000000000e-08	1.50000000000000e-09	1.25000000000000e-09	1.25000000000000e-09	3.00000000000000e-09
1.21875000000000e-07	9.06250000000000e-08	1.50000000000000e-09	1.25000000000000e-09	1.25000000000000e-09	3.00000000000000e-09
1.21875000000000e-07	9.18750000000000e-08	1.50000000000000e-09	1.25000000000000e-09	1.25000000000000e-09	3.00000000000000e-09
1.20625000000000e-07	9.31250000000000e-08	1.50000000000000e-09	1.25000000000000e-09	1.25000000000000e-09	3.00000000000000e-09
1.20625000000000e-07	9.43750000000000e-08	1.50000000000000e-09	1.25000000000000e-09	1.25000000000000e-09	3.00000000000000e-09
1.21875000000000e-07	9.31250000000000e-08	1.50000000000000e-09	1.25000000000000e-09	1.25000000000000e-09	3.00000000000000e-09
1.21875000000000e-07	9.43750000000000e-08	1.50000000000000e-09	1.25000000000000e-09	1.25000000000000e-09	3.00000000000000e-09
1.27500000000000e-07	9.25000000000000e-08	1.50000000000000e-09	5.00000000000000e-09	5.00000000000000e-09	3.00000000000000e-09
1.32500000000000e-07	9.25000000000000e-08	1.50000000000000e-09	5.00000000000000e-09	5.00000000000000e-09	3.00000000000000e-09
1.37500000000000e-07	9.25000000000000e-08	1.50000000000000e-09	5.00000000000000e-09	5.00000000000000e-09	3.00000000000000e-09
1.42500000000000e-07	9.25000000000000e-08	1.50000000000000e-09	5.00000000000000e-09	5.00000000000000e-09	3.00000000000000e-09
1.47500000000000e-07	9.25000000000000e-08	1.50000000000000e-09	5.00000000000000e-09	5.00000000000000e-09	3.00000000000000e-09
1.52500000000000e-07	9.25000000000000e-08	1.50000000000000e-09	5.00000000000000e-09	5.00000000000000e-09	3.00000000000000e-09
1.57500000000000e-07	9.25000000000000e-08	1.50000000000000e-09	5.00000000000000e-09	5.00000000000000e-09	3.00000000000000e-09
1.62500000000000e-07	9.25000000000000e-08	1.50000000000000e-09	5.00000000000000e-09	5.00000000000000e-09	3.00000000000000e-09
1.67500000000000e-07	9.25000000000000e-08	1.50000000000000e-09	5.00000000000000e-09	5.00000000000000e-09	3.00000000000000e-09
1.72500000000000e-07	9.25000000000000e-08	1.50000000000000e-09	5.00000000000000e-09	5.00000000000000e-09	3.00000000000000e-09
1.77500000000000e-07	9.25000000000000e-08	1.50000000000000e-09	5.00000000000000e-09	5.00000000000000e-09	3.00000000000000e-09
1.82500000000000e-07	9.25000000000000e-08	1.50000000000000e-09	5.00000000000000e-09	5.00000000000000e-09	3.00000000000000e-09
1.87500000000000e-07	9.25000000000000e-08	1.50000000000000e-09	5.00000000000000e-09	5.00000000000000e-09	3.00000000000000e-09
1.92500000000000e-07	9.25000000000000e-08	1.50000000000000e-09	5.00000000000000e-09	5.00000000000000e-09	3.00000000000000e-09
1.97500000000000e-07	9.25000000000000e-08	1.50000000000000e-09	5.00000000000000e-09	5.00000000000000e-09	3.00000000000000e-09
2.02500000000000e-07	9.25000000000000e-08	1.50000000000000e-09	5.00000000000000e-09	5.00000000000000e-09	3.00000000000000e-09
2.07500000000000e-07	9.25000000000000e-08	1.50000000000000e-09	5.00000000000000e-09	5.00000000000000e-09	3.00000000000000e-09
2.10625000000000e-07	9.06250000000000e-08	1.50000000000000e-09	1.25000000000000e-09	1.25000000000000e-09	3.00000000000000e-09
2.10625000000000e-07	9.18750000000000e-08	1.50000000000000e-09	1.25000000000000e-09	1.25000000000000e-09	3.00000000000000e-09
2.11875000000000e-07	9.06250000000000e-08	1.50000000000000e-09	1.25000000000000e-09	1.25000000000000e-09	3.00000000000000e-09
2.11875000000000e-07	9.18750000000000e-08	1.50000000000000e-09	1.25000000000000e-09	1.25000000000000e-09	3.00000000000000e-09
2.10625000000000e-07	9.31250000000000e-08	1.50000000000000e-09	1.25000000000000e-09	1.25000000000000e-09	3.00000000000000e-09
2.10625000000000e-07	9.43750000000000e-08	1.50000000000000e-09	1.25000000000000e-09	1.25000000000000e-09	3.00000000000000e-09
2.11875000000000e-07	9.31250000000000e-08	1.50000000000000e-09	1.25000000000000e-09	1.25000000000000e-09	3.00000000000000e-09
2.11875000000000e-07	9.43750000000000e-08	1.50000000000000e-09	1.25000000000000e-09	1.25000000000000e-09	3.00000000000000e-09
2.13125000000000e-07	9.06250000000000e-08	1.50000000000000e-09	1.25000000000000e-09	1.25000000000000e-09	3.00000000000000e-09
2.13125000000000e-07	9.18750000000000e-08	1.50000000000000e-09	1.25000000000000e-09	1.25000000000000e-09	3.00000000000000e-09
2.14375000000000e-07	9.06250000000000e-08	1.50000000000000e-09	1.25000000000000e-09	1.25000000000000e-09	3.00000000000000e-09
2.14375000000000e-07	9.18750000000000e-08	1.50000000000000e-09	1.25000000000000e-09	1.25000000000000e-09	3.00000000000000e-09
2.13125000000000e-07	9.31250000000000e-08	1.50000000000000e-09	1.25000000000000e-09	1.25000000000000e-09	3.00000000000000e-09
2.13125000000000e-07	9.43750000000000e-08	1.50000000000000e-09	1.25000000000000e-09	1.25000000000000e-09	3.00000000000000e-09
2.14375000000000e-07	9.31250000000000e-08	1.50000000000000e-09	1.25000000000000e-09	1.25000000000000e-09	3.00000000000000e-09
2.14375000000000e-07	9.43750000000000e-08	1.50000000000000e-09	1.25000000000000e-09	1.25000000000000e-09	3.00000000000000e-09
2.15625000000000e-07	9.06250000000000e-08	1.50000000000000e-09	1.25000000000000e-09	1.25000000000000e-09	3.00000000000000e-09
2.15625000000000e-07	9.18750000000000e-08	1.50000000000000e-09	1.25000000000000e-09	1.25000000000000e-09	3.00000000000000e-09
2.16875000000000e-07	9.06250000000000e-08	1.50000000000000e-09	1.25000000000000e-09	1.25000000000000e-09	3.00000000000000e-09
2.16875000000000e-07	9.18750000000000e-08	1.50000000000000e-09	1.25000000000000e-09	1.25000000000000e-09	3.00000000000000e-09
2.15625000000000e-07	9.31250000000000e-08	1.50000000000000e-09	1.25000000000000e-09	1.25000000000000e-09	3.00000000000000e-09
2.15625000000000e-07	9.43750000000000e-08	1.50000000000000e-09	1.25000000000000e-09	1.25000000000000e-09	3.00000000000000e-09
2.16875000000000e-07	9.31250000000000e-08	1.50000000000000e-09	1.25000000000000e-09	1.25000000000000e-09	3.00000000000000e-09
2.16875000000000e-07	9.43750000000000e-08	1.50000000000000e-09	1.25000000000000e-09	1.25000000000000e-09	3.00000000000000e-09
2.18125000000000e-07	9.06250000000000e-08	1.50000000000000e-09	1.25000000000000e-09	1.25000000000000e-09	3.00000000000000e-09
2.18125000000000e-07	9.18750000000000e-08	1.50000000000000e-09	1.25000000000000e-09	1.25000000000000e-09	3.00000000000000e-09
2.19375000000000e-07	9.06250000000000e-08	1.50000000000000e-09	1.25000000000000e-09	1.25000000000000e-09	3.00000000000000e-09
2.19375000000000e-07	9.18750000000000e-08	1.50000000000000e-09	1.25000000000000e-09	1.25000000000000e-09	3.00000000000000e-09
2.18125000000000e-07	9.31250000000000e-08	1.50000000000000e-09	1.25000000000000e-09	1.25000000000000e-09	3.00000000000000e-09
2.18125000000000e-07	9.43750000000000e-08	1.50000000000000e-09	1.25000000000000e-09	1.25000000000000e-09	3.00000000000000e-09
2.19375000000000e-07	9.31250000000000e-08	1.50000000000000e-09	1.25000000000000e-09	1.25000000000000e-09	3.00000000000000e-09
2.19375000000000e-07	9.43750000000000e-08	1.50000000000000e-09	1.25000000000000e-09	1.25000000000000e-09	3.00000000000000e-09
2.23750000000000e-07	9.12500000000000e-08	1.50000000000000e-09	2.50000000000000e-09	2.50000000000000e-09	3.00000000000000e-09
2.23750000000000e-07	9.37500000000000e-08	1.50000000000000e-09	2.50000000000000e-09	2.50000000000000e-09	3.00000000000000e-09
2.20625000000000e-07	9.06250000000000e-08	1.50000000000000e-09	1.25000000000000e-09	1.25000000000000e-09	3.00000000000000e-09
2.20625000000000e-07	9.18750000000000e-08	1.50000000000000e-09	1.25000000000000e-09	1.25000000000000e-09	3.00000000000000e-09
2.21875000000000e-07	9.06250000000000e-08	1.50000000000000e-09	1.25000000000000e-09	1.25000000000000e-09	3.00000000000000e-09
2.21875000000000e-07	9.18750000000000e-08	1.50000000000000e-09	1.25000000000000e-09	1.25000000000000e-09	3.00000000000000e-09
2.20625000000000e-07	9.31250000000000e-08	1.50000000000000e-09	1.25000000000000e-09	1.25000000000000e-09	3.00000000000000e-09
2.20625000000000e-07	9.43750000000000e-08	1.50000000000000e-09	1.25000000000000e-09	1.25000000000000e-09	3.00000000000000e-09
2.21875000000000e-07	9.31250000000000e-08	1.50000000000000e-09	1.25000000000000e-09	1.25000000000000e-09	3.00000000000000e-09
2.21875000000000e-07	9.43750000000000e-08	1.50000000000000e-09	1.25000000000000e-09	1.25000000000000e-09	3.00000000000000e-09
2.27500000000000e-07	9.25000000000000e-08	1.50000000000000e-09	5.00000000000000e-09	5.00000000000000e-09	3.00000000000000e-09
2.32500000000000e-07	9.25000000000000e-08	1.50000000000000e-09	5.00000000000000e-09	5.00000000000000e-09	3.00000000000000e-09
2.37500000000000e-07	9.25000000000000e-08	1.50000000000000e-09	5.00000000000000e-09	5.00000000000000e-09	3.00000000000000e-09
2.42500000000000e-07	9.25000000000000e-08	1.50000000000000e-09	5.00000000000000e-09	5.00000000000000e-09	3.00000000000000e-09
2.47500000000000e-07	9.25000000000000e-08	1.50000000000000e-09	5.00000000000000e-09	5.00000000000000e-09	3.00000000000000e-09
2.52500000000000e-07	9.25000000000000e-08	1.50000000000000e-09	5.00000000000000e-09	5.00000000000000e-09	3.00000000000000e-09
2.57500000000000e-07	9.25000000000000e-08	1.50000000000000e-09	5.00000000000000e-09	5.00000000000000e-09	3.00000000000000e-09
2.62500000000000e-07	9.25000000000000e-08	1.50000000000000e-09	5.00000000000000e-09	5.00000000000000e-09	3.00000000000000e-09
2.67500000000000e-07	9.25000000000000e-08	1.50000000000000e-09	5.00000000000000e-09	5.00000000000000e-09	3.00000000000000e-09
2.72500000000000e-07	9.25000000000000e-08	1.50000000000000e-09	5.00000000000000e-09	5.00000000000000e-09	3.00000000000000e-09
2.77500000000000e-07	9.25000000000000e-08	1.50000000000000e-09	5.00000000000000e-09	5.00000000000000e-09	3.00000000000000e-09
2.82500000000000e-07	9.25000000000000e-08	1.50000000000000e-09	5.00000000000000e-09	5.00000000000000e-09	3.00000000000000e-09
2.87500000000000e-07	9.25000000000000e-08	1.50000000000000e-09	5.00000000000000e-09	5.00000000000000e-09	3.00000000000000e-09
2.92500000000000e-07	9.25000000000000e-08	1.50000000000000e-09	5.00000000000000e-09	5.00000000000000e-09	3.00000000000000e-09
2.96250000000000e-07	9.12500000000000e-08	1.50000000000000e-09	2.50000000000000e-09	2.50000000000000e-09	3.00000000000000e-09
2.96250000000000e-07	9.37500000000000e-08	1.50000000000000e-09	2.50000000000000e-09	2.50000000000000e-09	3.00000000000000e-09
2.98125000000000e-07	9.06250000000000e-08	1.50000000000000e-09	1.25000000000000e-09	1.25000000000000e-09	3.00000000000000e-09
2.98125000000000e-07	9.18750000000000e-08	1.50000000000000e-09	1.25000000000000e-09	1.25000000000000e-09	3.00000000000000e-09
2.99375000000000e-07	9.06250000000000e-08	1.50000000000000e-09	1.25000000000000e-09	1.25000000000000e-09	3.00000000000000e-09
2.99375000000000e-07	9.18750000000000e-08	1.50000000000000e-09	1.25000000000000e-09	1.25000000000000e-09	3.00000000000000e-09
2.98125000000000e-07	9.31250000000000e-08	1.50000000000000e-09	1.25000000000000e-09	1.25000000000000e-09	3.00000000000000e-09
2.98125000000000e-07	9.43750000000000e-08	1.50000000000000e-09	1.25000000000000e-09	1.25000000000000e-09	3.00000000000000e-09
2.99375000000000e-07	9.31250000000000e-08	1.50000000000000e-09	1.25000000000000e-09	1.25000000000000e-09	3.00000000000000e-09
2.99375000000000e-07	9.43750000000000e-08	1.50000000000000e-09	1.25000000000000e-09	1.25000000000000e-09	3.00000000000000e-09
3.00625000000000e-07	9.06250000000000e-08	1.50000000000000e-09	1.25000000000000e-09	1.25000000000000e-09	3.00000000000000e-09
3.00625000000000e-07	9.18750000000000e-08	1.50000000000000e-09	1.25000000000000e-09	1.25000000000000e-09	3.00000000000000e-09
3.01875000000000e-07	9.06250000000000e-08	1.50000000000000e-09	1.25000000000000e-09	1.25000000000000e-09	3.00000000000000e-09
3.01875000000000e-07	9.18750000000000e-08	1.50000000000000e-09	1.25000000000000e-09	1.25000000000000e-09	3.00000000000000e-09
3.00625000000000e-07	9.31250000000000e-08	1.50000000000000e-09	1.25000000000000e-09	1.25000000000000e-09	3.00000000000000e-09
3.00625000000000e-07	9.43750000000000e-08	1.50000000000000e-09	1.25000000000000e-09	1.25000000000000e-09	3.00000000000000e-09
3.01875000000000e-07	9.31250000000000e-08	1.50000000000000e-09	1.25000000000000e-09	1.25000000000000e-09	3.00000000000000e-09
3.01875000000000e-07	9.43750000000000e-08	1.50000000000000e-09	1.25000000000000e-09	1.25000000000000e-09	3.00000000000000e-09
3.03125000000000e-07	9.06250000000000e-08	1.50000000000000e-09	1.25000000000000e-09	1.25000000000000e-09	3.00000000000000e-09
3.03125000000000e-07	9.18750000000000e-08	1.50000000000000e-09	1.25000000000000e-09	1.25000000000000e-09	3.00000000000000e-09
3.04375000000000e-07	9.06250000000000e-08	1.50000000000000e-09	1.25000000000000e-09	1.25000000000000e-09	3.00000000000000e-09
3.04375000000000e-07	9.18750000000000e-08	1.50000000000000e-09	1.25000000000000e-09	1.25000000000000e-09	3.00000000000000e-09
3.03125000000000e-07	9.31250000000000e-08	1.50000000000000e-09	1.25000000000000e-09	1.25000000000000e-09	3.00000000000000e-09
3.03125000000000e-07	9.43750000000000e-08	1.50000000000000e-09	1.25000000000000e-09	1.25000000000000e-09	3.00000000000000e-09
3.04375000000000e-07	9.31250000000000e-08	1.50000000000000e-09	1.25000000000000e-09	1.25000000000000e-09	3.00000000000000e-09
3.04375000000000e-07	9.43750000000000e-08	1.50000000000000e-09	1.25000000000000e-09	1.25000000000000e-09	3.00000000000000e-09
3.05625000000000e-07	9.06250000000000e-08	1.50000000000000e-09	1.25000000000000e-09	1.25000000000000e-09	3.00000000000000e-09
3.05625000000000e-07	9.18750000000000e-08	1.50000000000000e-09	1.25000000000000e-09	1.25000000000000e-09	3.00000000000000e-09
3.06875000000000e-07	9.06250000000000e-08	1.50000000000000e-09	1.25000000000000e-09	1.25000000000000e-09	3.00000000000000e-09
3.06875000000000e-07	9.18750000000000e-08	1.50000000000000e-09	1.25000000000000e-09	1.25000000000000e-09	3.00000000000000e-09
3.05625000000000e-07	9.31250000000000e-08	1.50000000000000e-09	1.25000000000000e-09	1.25000000000000e-09	3.00000000000000e-09
3.05625000000000e-07	9.43750000000000e-08	1.50000000000000e-09	1.25000000000000e-09	1.25000000000000e-09	3.00000000000000e-09
3.06875000000000e-07	9.31250000000000e-08	1.50000000000000e-09	1.25000000000000e-09	1.25000000000000e-09	3.00000000000000e-09
3.06875000000000e-07	9.43750000000000e-08	1.50000000000000e-09	1.25000000000000e-09	1.25000000000000e-09	3.00000000000000e-09
3.08125000000000e-07	9.06250000000000e-08	1.50000000000000e-09	1.25000000000000e-09	1.25000000000000e-09	3.00000000000000e-09
3.08125000000000e-07	9.18750000000000e-08	1.50000000000000e-09	1.25000000000000e-09	1.25000000000000e-09	3.00000000000000e-09
3.09375000000000e-07	9.06250000000000e-08	1.50000000000000e-09	1.25000000000000e-09	1.25000000000000e-09	3.00000000000000e-09
3.09375000000000e-07	9.18750000000000e-08	1.50000000000000e-09	1.25000000000000e-09	1.25000000000000e-09	3.00000000000000e-09
3.08125000000000e-07	9.31250000000000e-08	1.50000000000000e-09	1.25000000000000e-09	1.25000000000000e-09	3.00000000000000e-09
3.08125000000000e-07	9.43750000000000e-08	1.50000000000000e-09	1.25000000000000e-09	1.25000000000000e-09	3.00000000000000e-09
3.09375000000000e-07	9.31250000000000e-08	1.50000000000000e-09	1.25000000000000e-09	1.25000000000000e-09	3.00000000000000e-09
3.09375000000000e-07	9.43750000000000e-08	1.50000000000000e-09	1.25000000000000e-09	1.25000000000000e-09	3.00000000000000e-09
3.12500000000000e-07	9.25000000000000e-08	1.50000000000000e-09	5.00000000000000e-09	5.00000000000000e-09	3.00000000000000e-09
3.17500000000000e-07	9.25000000000000e-08	1.50000000000000e-09	5.00000000000000e-09	5.00000000000000e-09	3.00000000000000e-09
3.22500000000000e-07	9.25000000000000e-08	1.50000000000000e-09	5.00000000000000e-09	5.00000000000000e-09	3.00000000000000e-09
3.27500000000000e-07	9.25000000000000e-08	1.50000000000000e-09	5.00000000000000e-09	5.00000000000000e-09	3.00000000000000e-09
3.32500000000000e-07	9.25000000000000e-08	1.50000000000000e-09	5.00000000000000e-09	5.00000000000000e-09	3.00000000000000e-09
3.37500000000000e-07	9.25000000000000e-08	1.50000000000000e-09	5.00000000000000e-09	5.00000000000000e-09	3.00000000000000e-09
3.42500000000000e-07	9.25000000000000e-08	1.50000000000000e-09	5.00000000000000e-09	5.00000000000000e-09	3.00000000000000e-09
3.47500000000000e-07	9.25000000000000e-08	1.50000000000000e-09	5.00000000000000e-09	5.00000000000000e-09	3.00000000000000e-09
3.52500000000000e-07	9.25000000000000e-08	1.50000000000000e-09	5.00000000000000e-09	5.00000000000000e-09	3.00000000000000e-09
3.57500000000000e-07	9.25000000000000e-08	1.50000000000000e-09	5.00000000000000e-09	5.00000000000000e-09	3.00000000000000e-09
3.62500000000000e-07	9.25000000000000e-08	1.50000000000000e-09	5.00000000000000e-09	5.00000000000000e-09	3.00000000000000e-09
3.67500000000000e-07	9.25000000000000e-08	1.50000000000000e-09	5.00000000000000e-09	5.00000000000000e-09	3.00000000000000e-09
3.72500000000000e-07	9.25000000000000e-08	1.50000000000000e-09	5.00000000000000e-09	5.00000000000000e-09	3.00000000000000e-09
3.77500000000000e-07	9.25000000000000e-08	1.50000000000000e-09	5.00000000000000e-09	5.00000000000000e-09	3.00000000000000e-09
3.82500000000000e-07	9.25000000000000e-08	1.50000000000000e-09	5.00000000000000e-09	5.00000000000000e-09	3.00000000000000e-09
3.87500000000000e-07	9.25000000000000e-08	1.50000000000000e-09	5.00000000000000e-09	5.00000000000000e-09	3.00000000000000e-09
3.92500000000000e-07	9.25000000000000e-08	1.50000000000000e-09	5.00000000000000e-09	5.00000000000000e-09	3.00000000000000e-09
3.97500000000000e-07	9.25000000000000e-08	1.50000000000000e-09	5.00000000000000e-09	5.00000000000000e-09	3.00000000000000e-09
4.00625000000000e-07	9.06250000000000e-08	1.50000000000000e-09	1.25000000000000e-09	1.25000000000000e-09	3.00000000000000e-09
4.00625000000000e-07	9.18750000000000e-08	1.50000000000000e-09	1.25000000000000e-09	1.25000000000000e-09	3.00000000000000e-09
4.01875000000000e-07	9.06250000000000e-08	1.50000000000000e-09	1.25000000000000e-09	1.25000000000000e-09	3.00000000000000e-09
4.01875000000000e-07	9.18750000000000e-08	1.50000000000000e-09	1.25000000000000e-09	1.25000000000000e-09	3.00000000000000e-09
4.00625000000000e-07	9.31250000000000e-08	1.50000000000000e-09	1.25000000000000e-09	1.25000000000000e-09	3.00000000000000e-09
4.00625000000000e-07	9.43750000000000e-08	1.50000000000000e-09	1.25000000000000e-09	1.25000000000000e-09	3.00000000000000e-09
4.01875000000000e-07	9.31250000000000e-08	1.50000000000000e-09	1.25000000000000e-09	1.25000000000000e-09	3.00000000000000e-09
4.01875000000000e-07	9.43750000000000e-08	1.50000000000000e-09	1.25000000000000e-09	1.25000000000000e-09	3.00000000000000e-09
4.03125000000000e-07	9.06250000000000e-08	1.50000000000000e-09	1.25000000000000e-09	1.25000000000000e-09	3.00000000000000e-09
4.03125000000000e-07	9.18750000000000e-08	1.50000000000000e-09	1.25000000000000e-09	1.25000000000000e-09	3.00000000000000e-09
4.04375000000000e-07	9.06250000000000e-08	1.50000000000000e-09	1.25000000000000e-09	1.25000000000000e-09	3.00000000000000e-09
4.04375000000000e-07	9.18750000000000e-08	1.50000000000000e-09	1.25000000000000e-09	1.25000000000000e-09	3.00000000000000e-09
4.03125000000000e-07	9.31250000000000e-08	1.50000000000000e-09	1.25000000000000e-09	1.25000000000000e-09	3.00000000000000e-09
4.03125000000000e-07	9.43750000000000e-08	1.50000000000000e-09	1.25000000000000e-09	1.25000000000000e-09	3.00000000000000e-09
4.04375000000000e-07	9.31250000000000e-08	1.50000000000000e-09	1.25000000000000e-09	1.25000000000000e-09	3.00000000000000e-09
4.04375000000000e-07	9.43750000000000e-08	1.50000000000000e-09	1.25000000000000e-09	1.25000000000000e-09	3.00000000000000e-09
4.05625000000000e-07	9.06250000000000e-08	1.50000000000000e-09	1.25000000000000e-09	1.25000000000000e-09	3.00000000000000e-09
4.05625000000000e-07	9.18750000000000e-08	1.50000000000000e-09	1.25000000000000e-09	1.25000000000000e-09	3.00000000000000e-09
4.06875000000000e-07	9.06250000000000e-08	1.50000000000000e-09	1.25000000000000e-09	1.25000000000000e-09	3.00000000000000e-09
4.06875000000000e-07	9.18750000000000e-08	1.50000000000000e-09	1.25000000000000e-09	1.25000000000000e-09	3.00000000000000e-09
4.05625000000000e-07	9.31250000000000e-08	1.50000000000000e-09	1.25000000000000e-09	1.25000000000000e-09	3.00000000000000e-09
4.05625000000000e-07	9.43750000000000e-08	1.50000000000000e-09	1.25000000000000e-09	1.25000000000000e-09	3.00000000000000e-09
4.06875000000000e-07	9.31250000000000e-08	1.50000000000000e-09	1.25000000000000e-09	1.25000000000000e-09	3.00000000000000e-09
4.06875000000000e-07	9.43750000000000e-08	1.50000000000000e-09	1.25000000000000e-09	1.25000000000000e-09	3.00000000000000e-09
4.08125000000000e-07	9.06250000000000e-08	1.50000000000000e-09	1.25000000000000e-09	1.25000000000000e-09	3.00000000000000e-09
4.08125000000000e-07	9.18750000000000e-08	1.50000000000000e-09	1.25000000000000e-09	1.25000000000000e-09	3.00000000000000e-09
4.09375000000000e-07	9.06250000000000e-08	1.50000000000000e-09	1.25000000000000e-09	1.25000000000000e-09	3.00000000000000e-09
4.09375000000000e-07	9.18750000000000e-08	1.50000000000000e-09	1.25000000000000e-09	1.25000000000000e-09	3.00000000000000e-09
4.08125000000000e-07	9.31250000000000e-08	1.50000000000000e-09	1.25000000000000e-09	1.25000000000000e-09	3.00000000000000e-09
4.08125000000000e-07	9.43750000000000e-08	1.50000000000000e-09	1.25000000000000e-09	1.25000000000000e-09	3.00000000000000e-09
4.09375000000000e-07	9.31250000000000e-08	1.50000000000000e-09	1.25000000000000e-09	1.25000000000000e-09	3.00000000000000e-09
4.09375000000000e-07	9.43750000000000e-08	1.50000000000000e-09	1.25000000000000e-09	1.25000000000000e-09	3.00000000000000e-09
4.12500000000000e-07	9.25000000000000e-08	1.50000000000000e-09	5.00000000000000e-09	5.00000000000000e-09	3.00000000000000e-09
4.17500000000000e-07	9.25000000000000e-08	1.50000000000000e-09	5.00000000000000e-09	5.00000000000000e-09	3.00000000000000e-09
4.22500000000000e-07	9.25000000000000e-08	1.50000000000000e-09	5.00000000000000e-09	5.00000000000000e-09	3.00000000000000e-09
4.27500000000000e-07	9.25000000000000e-08	1.50000000000000e-09	5.00000000000000e-09	5.00000000000000e-09	3.00000000000000e-09
4.32500000000000e-07	9.25000000000000e-08	1.50000000000000e-09	5.00000000000000e-09	5.00000000000000e-09	3.00000000000000e-09
4.37500000000000e-07	9.25000000000000e-08	1.50000000000000e-09	5.00000000000000e-09	5.00000000000000e-09	3.00000000000000e-09
4.42500000000000e-07	9.25000000000000e-08	1.50000000000000e-09	5.00000000000000e-09	5.00000000000000e-09	3.00000000000000e-09
4.47500000000000e-07	9.25000000000000e-08	1.50000000000000e-09	5.00000000000000e-09	5.00000000000000e-09	3.00000000000000e-09
4.52500000000000e-07	9.25000000000000e-08	1.50000000000000e-09	5.00000000000000e-09	5.00000000000000e-09	3.00000000000000e-09
4.57500000000000e-07	9.25000000000000e-08	1.50000000000000e-09	5.00000000000000e-09	5.00000000000000e-09	3.00000000000000e-09
4.62500000000000e-07	9.25000000000000e-08	1.50000000000000e-09	5.00000000000000e-09	5.00000000000000e-09	3.00000000000000e-09
4.67500000000000e-07	9.25000000000000e-08	1.50000000000000e-09	5.00000000000000e-09	5.00000000000000e-09	3.00000000000000e-09
4.72500000000000e-07	9.25000000000000e-08	1.50000000000000e-09	5.00000000000000e-09	5.00000000000000e-09	3.00000000000000e-09
4.77500000000000e-07	9.25000000000000e-08	1.50000000000000e-09	5.00000000000000e-09	5.00000000000000e-09	3.00000000000000e-09
4.82500000000000e-07	9.25000000000000e-08	1.50000000000000e-09	5.00000000000000e-09	5.00000000000000e-09	3.00000000000000e-09
4.87500000000000e-07	9.25000000000000e-08	1.50000000000000e-09	5.00000000000000e-09	5.00000000000000e-09	3.00000000000000e-09
4.92500000000000e-07	9.25000000000000e-08	1.50000000000000e-09	5.00000000000000e-09	5.00000000000000e-09	3.00000000000000e-09
4.97500000000000e-07	9.25000000000000e-08	1.50000000000000e-09	5.00000000000000e-09	5.00000000000000e-09	3.00000000000000e-09
2.50000000000000e-09	9.75000000000000e-08	1.50000000000000e-09	5.00000000000000e-09	5.00000000000000e-09	3.00000000000000e-09
7.50000000000000e-09	9.75000000000000e-08	1.50000000000000e-09	5.00000000000000e-09	5.00000000000000e-09	3.00000000000000e-09
1.25000000000000e-08	9.75000000000000e-08	1.50000000000000e-09	5.00000000000000e-09	5.00000000000000e-09	3.00000000000000e-09
1.75000000000000e-08	9.75000000000000e-08	1.50000000000000e-09	5.00000000000000e-09	5.00000000000000e-09	3.00000000000000e-09
2.25000000000000e-08	9.75000000000000e-08	1.50000000000000e-09	5.00000000000000e-09	5.00000000000000e-09	3.00000000000000e-09
2.75000000000000e-08	9.75000000000000e-08	1.50000000000000e-09	5.00000000000000e-09	5.00000000000000e-09	3.00000000000000e-09
3.25000000000000e-08	9.75000000000000e-08	1.50000000000000e-09	5.00000000000000e-09	5.00000000000000e-09	3.00000000000000e-09
3.75000000000000e-08	9.75000000000000e-08	1.50000000000000e-09	5.00000000000000e-09	5.00000000000000e-09	3.00000000000000e-09
4.25000000000000e-08	9.75000000000000e-08	1.50000000000000e-09	5.00000000000000e-09	5.00000000000000e-09	3.00000000000000e-09
4.75000000000000e-08	9.75000000000000e-08	1.50000000000000e-09	5.00000000000000e-09	5.00000000000000e-09	3.00000000000000e-09
5.25000000000000e-08	9.75000000000000e-08	1.50000000000000e-09	5.00000000000000e-09	5.00000000000000e-09	3.00000000000000e-09
5.75000000000000e-08	9.75000000000000e-08	1.50000000000000e-09	5.00000000000000e-09	5.00000000000000e-09	3.00000000000000e-09
6.25000000000000e-08	9.75000000000000e-08	1.50000000000000e-09	5.00000000000000e-09	5.00000000000000e-09	3.00000000000000e-09
6.75000000000000e-08	9.75000000000000e-08	1.50000000000000e-09	5.00000000000000e-09	5.00000000000000e-09	3.00000000000000e-09
7.25000000000000e-08	9.75000000000000e-08	1.50000000000000e-09	5.00000000000000e-09	5.00000000000000e-09	3.00000000000000e-09
7.75000000000000e-08	9.75000000000000e-08	1.50000000000000e-09	5.00000000000000e-09	5.00000000000000e-09	3.00000000000000e-09
8.25000000000000e-08	9.75000000000000e-08	1.50000000000000e-09	5.00000000000000e-09	5.00000000000000e-09	3.00000000000000e-09
8.75000000000000e-08	9.75000000000000e-08	1.50000000000000e-09	5.00000000000000e-09	5.00000000000000e-09	3.00000000000000e-09
9.25000000000000e-08	9.75000000000000e-08	1.50000000000000e-09	5.00000000000000e-09	5.00000000000000e-09	3.00000000000000e-09
9.75000000000000e-08	9.75000000000000e-08	1.50000000000000e-09	5.00000000000000e-09	5.00000000000000e-09	3.00000000000000e-09
1.02500000000000e-07	9.75000000000000e-08	1.50000000000000e-09	5.00000000000000e-09	5.00000000000000e-09	3.00000000000000e-09
1.07500000000000e-07	9.75000000000000e-08	1.50000000000000e-09	5.00000000000000e-09	5.00000000000000e-09	3.00000000000000e-09
1.11250000000000e-07	9.62500000000000e-08	1.50000000000000e-09	2.50000000000000e-09	2.50000000000000e-09	3.00000000000000e-09
1.11250000000000e-07	9.87500000000000e-08	1.50000000000000e-09	2.50000000000000e-09	2.50000000000000e-09	3.00000000000000e-09
1.13125000000000e-07	9.56250000000000e-08	1.50000000000000e-09	1.25000000000000e-09	1.25000000000000e-09	3.00000000000000e-09
1.13125000000000e-07	9.68750000000000e-08	1.50000000000000e-09	1.25000000000000e-09	1.25000000000000e-09	3.00000000000000e-09
1.14375000000000e-07	9.56250000000000e-08	1.50000000000000e-09	1.25000000000000e-09	1.25000000000000e-09	3.00000000000000e-09
1.14375000000000e-07	9.68750000000000e-08	1.50000000000000e-09	1.25000000000000e-09	1.25000000000000e-09	3.00000000000000e-09
1.13125000000000e-07	9.81250000000000e-08	1.50000000000000e-09	1.25000000000000e-09	1.25000000000000e-09	3.00000000000000e-09
1.13125000000000e-07	9.93750000000000e-08	1.50000000000000e-09	1.25000000000000e-09	1.25000000000000e-09	3.00000000000000e-09
1.14375000000000e-07	9.81250000000000e-08	1.50000000000000e-09	1.25000000000000e-09	1.25000000000000e-09	3.00000000000000e-09
1.14375000000000e-07	9.93750000000000e-08	1.50000000000000e-09	1.25000000000000e-09	1.25000000000000e-09	3.00000000000000e-09
1.15625000000000e-07	9.56250000000000e-08	1.50000000000000e-09	1.25000000000000e-09	1.25000000000000e-09	3.00000000000000e-09
1.15625000000000e-07	9.68750000000000e-08	1.50000000000000e-09	1.25000000000000e-09	1.25000000000000e-09	3.00000000000000e-09
1.16875000000000e-07	9.56250000000000e-08	1.50000000000000e-09	1.25000000000000e-09	1.25000000000000e-09	3.00000000000000e-09
1.16875000000000e-07	9.68750000000000e-08	1.50000000000000e-09	1.25000000000000e-09	1.25000000000000e-09	3.00000000000000e-09
1.15625000000000e-07	9.81250000000000e-08	1.50000000000000e-09	1.25000000000000e-09	1.25000000000000e-09	3.00000000000000e-09
1.15625000000000e-07	9.93750000000000e-08	1.50000000000000e-09	1.25000000000000e-09	1.25000000000000e-09	3.00000000000000e-09
1.16875000000000e-07	9.81250000000000e-08	1.50000000000000e-09	1.25000000000000e-09	1.25000000000000e-09	3.00000000000000e-09
1.16875000000000e-07	9.93750000000000e-08	1.50000000000000e-09	1.25000000000000e-09	1.25000000000000e-09	3.00000000000000e-09
1.18125000000000e-07	9.56250000000000e-08	1.50000000000000e-09	1.25000000000000e-09	1.25000000000000e-09	3.00000000000000e-09
1.18125000000000e-07	9.68750000000000e-08	1.50000000000000e-09	1.25000000000000e-09	1.25000000000000e-09	3.00000000000000e-09
1.19375000000000e-07	9.56250000000000e-08	1.50000000000000e-09	1.25000000000000e-09	1.25000000000000e-09	3.00000000000000e-09
1.19375000000000e-07	9.68750000000000e-08	1.50000000000000e-09	1.25000000000000e-09	1.25000000000000e-09	3.00000000000000e-09
1.18125000000000e-07	9.81250000000000e-08	1.50000000000000e-09	1.25000000000000e-09	1.25000000000000e-09	3.00000000000000e-09
1.18125000000000e-07	9.93750000000000e-08	1.50000000000000e-09	1.25000000000000e-09	1.25000000000000e-09	3.00000000000000e-09
1.19375000000000e-07	9.81250000000000e-08	1.50000000000000e-09	1.25000000000000e-09	1.25000000000000e-09	3.00000000000000e-09
1.19375000000000e-07	9.93750000000000e-08	1.50000000000000e-09	1.25000000000000e-09	1.25000000000000e-09	3.00000000000000e-09
1.23750000000000e-07	9.62500000000000e-08	1.50000000000000e-09	2.50000000000000e-09	2.50000000000000e-09	3.00000000000000e-09
1.23750000000000e-07	9.87500000000000e-08	1.50000000000000e-09	2.50000000000000e-09	2.50000000000000e-09	3.00000000000000e-09
1.20625000000000e-07	9.56250000000000e-08	1.50000000000000e-09	1.25000000000000e-09	1.25000000000000e-09	3.00000000000000e-09
1.20625000000000e-07	9.68750000000000e-08	1.50000000000000e-09	1.25000000000000e-09	1.25000000000000e-09	3.00000000000000e-09
1.21875000000000e-07	9.56250000000000e-08	1.50000000000000e-09	1.25000000000000e-09	1.25000000000000e-09	3.00000000000000e-09
1.21875000000000e-07	9.68750000000000e-08	1.50000000000000e-09	1.25000000000000e-09	1.25000000000000e-09	3.00000000000000e-09
1.20625000000000e-07	9.81250000000000e-08	1.50000000000000e-09	1.25000000000000e-09	1.25000000000000e-09	3.00000000000000e-09
1.20625000000000e-07	9.93750000000000e-08	1.50000000000000e-09	1.25000000000000e-09	1.25000000000000e-09	3.00000000000000e-09
1.21875000000000e-07	9.81250000000000e-08	1.50000000000000e-09	1.25000000000000e-09	1.25000000000000e-09	3.00000000000000e-09
1.21875000000000e-07	9.93750000000000e-08	1.50000000000000e-09	1.25000000000000e-09	1.25000000000000e-09	3.00000000000000e-09
1.27500000000000e-07	9.75000000000000e-08	1.50000000000000e-09	5.00000000000000e-09	5.00000000000000e-09	3.00000000000000e-09
1.32500000000000e-07	9.75000000000000e-08	1.50000000000000e-09	5.00000000000000e-09	5.00000000000000e-09	3.00000000000000e-09
1.37500000000000e-07	9.75000000000000e-08	1.50000000000000e-09	5.00000000000000e-09	5.00000000000000e-09	3.00000000000000e-09
1.42500000000000e-07	9.75000000000000e-08	1.50000000000000e-09	5.00000000000000e-09	5.00000000000000e-09	3.00000000000000e-09
1.47500000000000e-07	9.75000000000000e-08	1.50000000000000e-09	5.00000000000000e-09	5.00000000000000e-09	3.00000000000000e-09
1.52500000000000e-07	9.75000000000000e-08	1.50000000000000e-09	5.00000000000000e-09	5.00000000000000e-09	3.00000000000000e-09
1.57500000000000e-07	9.75000000000000e-08	1.50000000000000e-09	5.00000000000000e-09	5.00000000000000e-09	3.00000000000000e-09
1.62500000000000e-07	9.75000000000000e-08	1.50000000000000e-09	5.00000000000000e-09	5.00000000000000e-09	3.00000000000000e-09
1.67500000000000e-07	9.75000000000000e-08	1.50000000000000e-09	5.00000000000000e-09	5.00000000000000e-09	3.00000000000000e-09
1.72500000000000e-07	9.75000000000000e-08	1.50000000000000e-09	5.00000000000000e-09	5.00000000000000e-09	3.00000000000000e-09
1.77500000000000e-07	9.75000000000000e-08	1.50000000000000e-09	5.00000000000000e-09	5.00000000000000e-09	3.00000000000000e-09
1.82500000000000e-07	9.75000000000000e-08	1.50000000000000e-09	5.00000000000000e-09	5.00000000000000e-09	3.00000000000000e-09
1.87500000000000e-07	9.75000000000000e-08	1.50000000000000e-09	5.00000000000000e-09	5.00000000000000e-09	3.00000000000000e-09
1.92500000000000e-07	9.75000000000000e-08	1.50000000000000e-09	5.00000000000000e-09	5.00000000000000e-09	3.00000000000000e-09
1.97500000000000e-07	9.75000000000000e-08	1.50000000000000e-09	5.00000000000000e-09	5.00000000000000e-09	3.00000000000000e-09
2.02500000000000e-07	9.75000000000000e-08	1.50000000000000e-09	5.00000000000000e-09	5.00000000000000e-09	3.00000000000000e-09
2.07500000000000e-07	9.75000000000000e-08	1.50000000000000e-09	5.00000000000000e-09	5.00000000000000e-09	3.00000000000000e-09
2.10625000000000e-07	9.56250000000000e-08	1.50000000000000e-09	1.25000000000000e-09	1.25000000000000e-09	3.00000000000000e-09
2.10625000000000e-07	9.68750000000000e-08	1.50000000000000e-09	1.25000000000000e-09	1.25000000000000e-09	3.00000000000000e-09
2.11875000000000e-07	9.56250000000000e-08	1.50000000000000e-09	1.25000000000000e-09	1.25000000000000e-09	3.00000000000000e-09
2.11875000000000e-07	9.68750000000000e-08	1.50000000000000e-09	1.25000000000000e-09	1.25000000000000e-09	3.00000000000000e-09
2.10625000000000e-07	9.81250000000000e-08	1.50000000000000e-09	1.25000000000000e-09	1.25000000000000e-09	3.00000000000000e-09
2.10625000000000e-07	9.93750000000000e-08	1.50000000000000e-09	1.25000000000000e-09	1.25000000000000e-09	3.00000000000000e-09
2.11875000000000e-07	9.81250000000000e-08	1.50000000000000e-09	1.25000000000000e-09	1.25000000000000e-09	3.00000000000000e-09
2.11875000000000e-07	9.93750000000000e-08	1.50000000000000e-09	1.25000000000000e-09	1.25000000000000e-09	3.00000000000000e-09
2.13125000000000e-07	9.56250000000000e-08	1.50000000000000e-09	1.25000000000000e-09	1.25000000000000e-09	3.00000000000000e-09
2.13125000000000e-07	9.68750000000000e-08	1.50000000000000e-09	1.25000000000000e-09	1.25000000000000e-09	3.00000000000000e-09
2.14375000000000e-07	9.56250000000000e-08	1.50000000000000e-09	1.25000000000000e-09	1.25000000000000e-09	3.00000000000000e-09
2.14375000000000e-07	9.68750000000000e-08	1.50000000000000e-09	1.25000000000000e-09	1.25000000000000e-09	3.00000000000000e-09
2.13125000000000e-07	9.81250000000000e-08	1.50000000000000e-09	1.25000000000000e-09	1.25000000000000e-09	3.00000000000000e-09
2.13125000000000e-07	9.93750000000000e-08	1.50000000000000e-09	1.25000000000000e-09	1.25000000000000e-09	3.00000000000000e-09
2.14375000000000e-07	9.81250000000000e-08	1.50000000000000e-09	1.25000000000000e-09	1.25000000000000e-09	3.00000000000000e-09
2.14375000000000e-07	9.93750000000000e-08	1.50000000000000e-09	1.25000000000000e-09	1.25000000000000e-09	3.00000000000000e-09
2.15625000000000e-07	9.56250000000000e-08	1.50000000000000e-09	1.25000000000000e-09	1.25000000000000e-09	3.00000000000000e-09
2.15625000000000e-07	9.68750000000000e-08	1.50000000000000e-09	1.25000000000000e-09	1.25000000000000e-09	3.00000000000000e-09
2.16875000000000e-07	9.56250000000000e-08	1.50000000000000e-09	1.25000000000000e-09	1.25000000000000e-09	3.00000000000000e-09
2.16875000000000e-07	9.68750000000000e-08	1.50000000000000e-09	1.25000000000000e-09	1.25000000000000e-09	3.00000000000000e-09
2.15625000000000e-07	9.81250000000000e-08	1.50000000000000e-09	1.25000000000000e-09	1.25000000000000e-09	3.00000000000000e-09
2.15625000000000e-07	9.93750000000000e-08	1.50000000000000e-09	1.25000000000000e-09	1.25000000000000e-09	3.00000000000000e-09
2.16875000000000e-07	9.81250000000000e-08	1.50000000000000e-09	1.25000000000000e-09	1.25000000000000e-09	3.00000000000000e-09
2.16875000000000e-07	9.93750000000000e-08	1.50000000000000e-09	1.25000000000000e-09	1.25000000000000e-09	3.00000000000000e-09
2.18125000000000e-07	9.56250000000000e-08	1.50000000000000e-09	1.25000000000000e-09	1.25000000000000e-09	3.00000000000000e-09
2.18125000000000e-07	9.68750000000000e-08	1.50000000000000e-09	1.25000000000000e-09	1.25000000000000e-09	3.00000000000000e-09
2.19375000000000e-07	9.56250000000000e-08	1.50000000000000e-09	1.25000000000000e-09	1.25000000000000e-09	3.00000000000000e-09
2.19375000000000e-07	9.68750000000000e-08	1.50000000000000e-09	1.25000000000000e-09	1.25000000000000e-09	3.00000000000000e-09
2.18125000000000e-07	9.81250000000000e-08	1.50000000000000e-09	1.25000000000000e-09	1.25000000000000e-09	3.00000000000000e-09
2.18125000000000e-07	9.93750000000000e-08	1.50000000000000e-09	1.25000000000000e-09	1.25000000000000e-09	3.00000000000000e-09
2.19375000000000e-07	9.81250000000000e-08	1.50000000000000e-09	1.25000000000000e-09	1.25000000000000e-09	3.00000000000000e-09
2.19375000000000e-07	9.93750000000000e-08	1.50000000000000e-09	1.25000000000000e-09	1.25000000000000e-09	3.00000000000000e-09
2.23750000000000e-07	9.62500000000000e-08	1.50000000000000e-09	2.50000000000000e-09	2.50000000000000e-09	3.00000000000000e-09
2.23750000000000e-07	9.87500000000000e-08	1.50000000000000e-09	2.50000000000000e-09	2.50000000000000e-09	3.00000000000000e-09
2.20625000000000e-07	9.56250000000000e-08	1.50000000000000e-09	1.25000000000000e-09	1.25000000000000e-09	3.00000000000000e-09
2.20625000000000e-07	9.68750000000000e-08	1.50000000000000e-09	1.25000000000000e-09	1.25000000000000e-09	3.00000000000000e-09
2.21875000000000e-07	9.56250000000000e-08	1.50000000000000e-09	1.25000000000000e-09	1.25000000000000e-09	3.00000000000000e-09
2.21875000000000e-07	9.68750000000000e-08	1.50000000000000e-09	1.25000000000000e-09	1.25000000000000e-09	3.00000000000000e-09
2.20625000000000e-07	9.81250000000000e-08	1.50000000000000e-09	1.25000000000000e-09	1.25000000000000e-09	3.00000000000000e-09
2.20625000000000e-07	9.93750000000000e-08	1.50000000000000e-09	1.25000000000000e-09	1.25000000000000e-09	3.00000000000000e-09
2.21875000000000e-07	9.81250000000000e-08	1.50000000000000e-09	1.25000000000000e-09	1.25000000000000e-09	3.00000000000000e-09
2.21875000000000e-07	9.93750000000000e-08	1.50000000000000e-09	1.25000000000000e-09	1.25000000000000e-09	3.00000000000000e-09
2.27500000000000e-07	9.75000000000000e-08	1.50000000000000e-09	5.00000000000000e-09	5.00000000000000e-09	3.00000000000000e-09
2.32500000000000e-07	9.75000000000000e-08	1.50000000000000e-09	5.00000000000000e-09	5.00000000000000e-09	3.00000000000000e-09
2.37500000000000e-07	9.75000000000000e-08	1.50000000000000e-09	5.00000000000000e-09	5.00000000000000e-09	3.00000000000000e-09
2.42500000000000e-07	9.75000000000000e-08	1.50000000000000e-09	5.00000000000000e-09	5.00000000000000e-09	3.00000000000000e-09
2.47500000000000e-07	9.75000000000000e-08	1.50000000000000e-09	5.00000000000000e-09	5.00000000000000e-09	3.00000000000000e-09
2.52500000000000e-07	9.75000000000000e-08	1.50000000000000e-09	5.00000000000000e-09	5.00000000000000e-09	3.00000000000000e-09
2.57500000000000e-07	9.75000000000000e-08	1.50000000000000e-09	5.00000000000000e-09	5.00000000000000e-09	3.00000000000000e-09
2.62500000000000e-07	9.75000000000000e-08	1.50000000000000e-09	5.00000000000000e-09	5.00000000000000e-09	3.00000000000000e-09
2.67500000000000e-07	9.75000000000000e-08	1.50000000000000e-09	5.00000000000000e-09	5.00000000000000e-09	3.00000000000000e-09
2.72500000000000e-07	9.75000000000000e-08	1.50000000000000e-09	5.00000000000000e-09	5.00000000000000e-09	3.00000000000000e-09
2.77500000000000e-07	9.75000000000000e-08	1.50000000000000e-09	5.00000000000000e-09	5.00000000000000e-09	3.00000000000000e-09
2.82500000000000e-07	9.75000000000000e-08	1.50000000000000e-09	5.00000000000000e-09	5.00000000000000e-09	3.00000000000000e-09
2.87500000000000e-07	9.75000000000000e-08	1.50000000000000e-09	5.00000000000000e-09	5.00000000000000e-09	3.00000000000000e-09
2.92500000000000e-07	9.75000000000000e-08	1.50000000000000e-09	5.00000000000000e-09	5.00000000000000e-09	3.00000000000000e-09
2.96250000000000e-07	9.62500000000000e-08	1.50000000000000e-09	2.50000000000000e-09	2.50000000000000e-09	3.00000000000000e-09
2.96250000000000e-07	9.87500000000000e-08	1.50000000000000e-09	2.50000000000000e-09	2.50000000000000e-09	3.00000000000000e-09
2.98125000000000e-07	9.56250000000000e-08	1.50000000000000e-09	1.25000000000000e-09	1.25000000000000e-09	3.00000000000000e-09
2.98125000000000e-07	9.68750000000000e-08	1.50000000000000e-09	1.25000000000000e-09	1.25000000000000e-09	3.00000000000000e-09
2.99375000000000e-07	9.56250000000000e-08	1.50000000000000e-09	1.25000000000000e-09	1.25000000000000e-09	3.00000000000000e-09
2.99375000000000e-07	9.68750000000000e-08	1.50000000000000e-09	1.25000000000000e-09	1.25000000000000e-09	3.00000000000000e-09
2.98125000000000e-07	9.81250000000000e-08	1.50000000000000e-09	1.25000000000000e-09	1.25000000000000e-09	3.00000000000000e-09
2.98125000000000e-07	9.93750000000000e-08	1.50000000000000e-09	1.25000000000000e-09	1.25000000000000e-09	3.00000000000000e-09
2.99375000000000e-07	9.81250000000000e-08	1.50000000000000e-09	1.25000000000000e-09	1.25000000000000e-09	3.00000000000000e-09
2.99375000000000e-07	9.93750000000000e-08	1.50000000000000e-09	1.25000000000000e-09	1.25000000000000e-09	3.00000000000000e-09
3.00625000000000e-07	9.56250000000000e-08	1.50000000000000e-09	1.25000000000000e-09	1.25000000000000e-09	3.00000000000000e-09
3.00625000000000e-07	9.68750000000000e-08	1.50000000000000e-09	1.25000000000000e-09	1.25000000000000e-09	3.00000000000000e-09
3.01875000000000e-07	9.56250000000000e-08	1.50000000000000e-09	1.25000000000000e-09	1.25000000000000e-09	3.00000000000000e-09
3.01875000000000e-07	9.68750000000000e-08	1.50000000000000e-09	1.25000000000000e-09	1.25000000000000e-09	3.00000000000000e-09
3.00625000000000e-07	9.81250000000000e-08	1.50000000000000e-09	1.25000000000000e-09	1.25000000000000e-09	3.00000000000000e-09
3.00625000000000e-07	9.93750000000000e-08	1.50000000000000e-09	1.25000000000000e-09	1.25000000000000e-09	3.00000000000000e-09
3.01875000000000e-07	9.81250000000000e-08	1.50000000000000e-09	1.25000000000000e-09	1.25000000000000e-09	3.00000000000000e-09
3.01875000000000e-07	9.93750000000000e-08	1.50000000000000e-09	1.25000000000000e-09	1.25000000000000e-09	3.00000000000000e-09
3.03125000000000e-07	9.56250000000000e-08	1.50000000000000e-09	1.25000000000000e-09	1.25000000000000e-09	3.00000000000000e-09
3.03125000000000e-07	9.68750000000000e-08	1.50000000000000e-09	1.25000000000000e-09	1.25000000000000e-09	3.00000000000000e-09
3.04375000000000e-07	9.56250000000000e-08	1.50000000000000e-09	1.25000000000000e-09	1.25000000000000e-09	3.00000000000000e-09
3.04375000000000e-07	9.68750000000000e-08	1.50000000000000e-09	1.25000000000000e-09	1.25000000000000e-09	3.00000000000000e-09
3.03125000000000e-07	9.81250000000000e-08	1.50000000000000e-09	1.25000000000000e-09	1.25000000000000e-09	3.00000000000000e-09
3.03125000000000e-07	9.93750000000000e-08	1.50000000000000e-09	1.25000000000000e-09	1.25000000000000e-09	3.00000000000000e-09
3.04375000000000e-07	9.81250000000000e-08	1.50000000000000e-09	1.25000000000000e-09	1.25000000000000e-09	3.00000000000000e-09
3.04375000000000e-07	9.93750000000000e-08	1.50000000000000e-09	1.25000000000000e-09	1.25000000000000e-09	3.00000000000000e-09
3.05625000000000e-07	9.56250000000000e-08	1.50000000000000e-09	1.25000000000000e-09	1.25000000000000e-09	3.00000000000000e-09
3.05625000000000e-07	9.68750000000000e-08	1.50000000000000e-09	1.25000000000000e-09	1.25000000000000e-09	3.00000000000000e-09
3.06875000000000e-07	9.56250000000000e-08	1.50000000000000e-09	1.25000000000000e-09	1.25000000000000e-09	3.00000000000000e-09
3.06875000000000e-07	9.68750000000000e-08	1.50000000000000e-09	1.25000000000000e-09	1.25000000000000e-09	3.00000000000000e-09
3.05625000000000e-07	9.81250000000000e-08	1.50000000000000e-09	1.25000000000000e-09	1.25000000000000e-09	3.00000000000000e-09
3.05625000000000e-07	9.93750000000000e-08	1.50000000000000e-09	1.25000000000000e-09	1.25000000000000e-09	3.00000000000000e-09
3.06875000000000e-07	9.81250000000000e-08	1.50000000000000e-09	1.25000000000000e-09	1.25000000000000e-09	3.00000000000000e-09
3.06875000000000e-07	9.93750000000000e-08	1.50000000000000e-09	1.25000000000000e-09	1.25000000000000e-09	3.00000000000000e-09
3.08125000000000e-07	9.56250000000000e-08	1.50000000000000e-09	1.25000000000000e-09	1.25000000000000e-09	3.00000000000000e-09
3.08125000000000e-07	9.68750000000000e-08	1.50000000000000e-09	1.25000000000000e-09	1.25000000000000e-09	3.00000000000000e-09
3.09375000000000e-07	9.56250000000000e-08	1.50000000000000e-09	1.25000000000000e-09	1.25000000000000e-09	3.00000000000000e-09
3.09375000000000e-07	9.68750000000000e-08	1.50000000000000e-09	1.25000000000000e-09	1.25000000000000e-09	3.00000000000000e-09
3.08125000000000e-07	9.81250000000000e-08	1.50000000000000e-09	1.25000000000000e-09	1.25000000000000e-09	3.00000000000000e-09
3.08125000000000e-07	9.93750000000000e-08	1.50000000000000e-09	1.25000000000000e-09	1.25000000000000e-09	3.00000000000000e-09
3.09375000000000e-07	9.81250000000000e-08	1.50000000000000e-09	1.25000000000000e-09	1.25000000000000e-09	3.00000000000000e-09
3.09375000000000e-07	9.93750000000000e-08	1.50000000000000e-09	1.25000000000000e-09	1.25000000000000e-09	3.00000000000000e-09
3.12500000000000e-07	9.75000000000000e-08	1.50000000000000e-09	5.00000000000000e-09	5.00000000000000e-09	3.00000000000000e-09
3.17500000000000e-07	9.75000000000000e-08	1.50000000000000e-09	5.00000000000000e-09	5.00000000000000e-09	3.00000000000000e-09
3.22500000000000e-07	9.75000000000000e-08	1.50000000000000e-09	5.00000000000000e-09	5.00000000000000e-09	3.00000000000000e-09
3.27500000000000e-07	9.75000000000000e-08	1.50000000000000e-09	5.00000000000000e-09	5.00000000000000e-09	3.00000000000000e-09
3.32500000000000e-07	9.75000000000000e-08	1.50000000000000e-09	5.00000000000000e-09	5.00000000000000e-09	3.00000000000000e-09
3.37500000000000e-07	9.75000000000000e-08	1.50000000000000e-09	5.00000000000000e-09	5.00000000000000e-09	3.00000000000000e-09
3.42500000000000e-07	9.75000000000000e-08	1.50000000000000e-09	5.00000000000000e-09	5.00000000000000e-09	3.00000000000000e-09
3.47500000000000e-07	9.75000000000000e-08	1.50000000000000e-09	5.00000000000000e-09	5.00000000000000e-09	3.00000000000000e-09
3.52500000000000e-07	9.75000000000000e-08	1.50000000000000e-09	5.00000000000000e-09	5.00000000000000e-09	3.00000000000000e-09
3.57500000000000e-07	9.75000000000000e-08	1.50000000000000e-09	5.00000000000000e-09	5.00000000000000e-09	3.00000000000000e-09
3.62500000000000e-07	9.75000000000000e-08	1.50000000000000e-09	5.00000000000000e-09	5.00000000000000e-09	3.00000000000000e-09
3.67500000000000e-07	9.75000000000000e-08	1.50000000000000e-09	5.00000000000000e-09	5.00000000000000e-09	3.00000000000000e-09
3.72500000000000e-07	9.75000000000000e-08	1.50000000000000e-09	5.00000000000000e-09	5.00000000000000e-09	3.00000000000000e-09
3.77500000000000e-07	9.75000000000000e-08	1.50000000000000e-09	5.00000000000000e-09	5.00000000000000e-09	3.00000000000000e-09
3.82500000000000e-07	9.75000000000000e-08	1.50000000000000e-09	5.00000000000000e-09	5.00000000000000e-09	3.00000000000000e-09
3.87500000000000e-07	9.75000000000000e-08	1.50000000000000e-09	5.00000000000000e-09	5.00000000000000e-09	3.00000000000000e-09
3.92500000000000e-07	9.75000000000000e-08	1.50000000000000e-09	5.00000000000000e-09	5.00000000000000e-09	3.00000000000000e-09
3.97500000000000e-07	9.75000000000000e-08	1.50000000000000e-09	5.00000000000000e-09	5.00000000000000e-09	3.00000000000000e-09
4.00625000000000e-07	9.56250000000000e-08	1.50000000000000e-09	1.25000000000000e-09	1.25000000000000e-09	3.00000000000000e-09
4.00625000000000e-07	9.68750000000000e-08	1.50000000000000e-09	1.25000000000000e-09	1.25000000000000e-09	3.00000000000000e-09
4.01875000000000e-07	9.56250000000000e-08	1.50000000000000e-09	1.25000000000000e-09	1.25000000000000e-09	3.00000000000000e-09
4.01875000000000e-07	9.68750000000000e-08	1.50000000000000e-09	1.25000000000000e-09	1.25000000000000e-09	3.00000000000000e-09
4.00625000000000e-07	9.81250000000000e-08	1.50000000000000e-09	1.25000000000000e-09	1.25000000000000e-09	3.00000000000000e-09
4.00625000000000e-07	9.93750000000000e-08	1.50000000000000e-09	1.25000000000000e-09	1.25000000000000e-09	3.00000000000000e-09
4.01875000000000e-07	9.81250000000000e-08	1.50000000000000e-09	1.25000000000000e-09	1.25000000000000e-09	3.00000000000000e-09
4.01875000000000e-07	9.93750000000000e-08	1.50000000000000e-09	1.25000000000000e-09	1.25000000000000e-09	3.00000000000000e-09
4.03125000000000e-07	9.56250000000000e-08	1.50000000000000e-09	1.25000000000000e-09	1.25000000000000e-09	3.00000000000000e-09
4.03125000000000e-07	9.68750000000000e-08	1.50000000000000e-09	1.25000000000000e-09	1.25000000000000e-09	3.00000000000000e-09
4.04375000000000e-07	9.56250000000000e-08	1.50000000000000e-09	1.25000000000000e-09	1.25000000000000e-09	3.00000000000000e-09
4.04375000000000e-07	9.68750000000000e-08	1.50000000000000e-09	1.25000000000000e-09	1.25000000000000e-09	3.00000000000000e-09
4.03125000000000e-07	9.81250000000000e-08	1.50000000000000e-09	1.25000000000000e-09	1.25000000000000e-09	3.00000000000000e-09
4.03125000000000e-07	9.93750000000000e-08	1.50000000000000e-09	1.25000000000000e-09	1.25000000000000e-09	3.00000000000000e-09
4.04375000000000e-07	9.81250000000000e-08	1.50000000000000e-09	1.25000000000000e-09	1.25000000000000e-09	3.00000000000000e-09
4.04375000000000e-07	9.93750000000000e-08	1.50000000000000e-09	1.25000000000000e-09	1.25000000000000e-09	3.00000000000000e-09
4.05625000000000e-07	9.56250000000000e-08	1.50000000000000e-09	1.25000000000000e-09	1.25000000000000e-09	3.00000000000000e-09
4.05625000000000e-07	9.68750000000000e-08	1.50000000000000e-09	1.25000000000000e-09	1.25000000000000e-09	3.00000000000000e-09
4.06875000000000e-07	9.56250000000000e-08	1.50000000000000e-09	1.25000000000000e-09	1.25000000000000e-09	3.00000000000000e-09
4.06875000000000e-07	9.68750000000000e-08	1.50000000000000e-09	1.25000000000000e-09	1.25000000000000e-09	3.00000000000000e-09
4.05625000000000e-07	9.81250000000000e-08	1.50000000000000e-09	1.25000000000000e-09	1.25000000000000e-09	3.00000000000000e-09
4.05625000000000e-07	9.93750000000000e-08	1.50000000000000e-09	1.25000000000000e-09	1.25000000000000e-09	3.00000000000000e-09
4.06875000000000e-07	9.81250000000000e-08	1.50000000000000e-09	1.25000000000000e-09	1.25000000000000e-09	3.00000000000000e-09
4.06875000000000e-07	9.93750000000000e-08	1.50000000000000e-09	1.25000000000000e-09	1.25000000000000e-09	3.00000000000000e-09
4.08125000000000e-07	9.56250000000000e-08	1.50000000000000e-09	1.25000000000000e-09	1.25000000000000e-09	3.00000000000000e-09
4.08125000000000e-07	9.68750000000000e-08	1.50000000000000e-09	1.25000000000000e-09	1.25000000000000e-09	3.00000000000000e-09
4.09375000000000e-07	9.56250000000000e-08	1.50000000000000e-09	1.25000000000000e-09	1.25000000000000e-09	3.00000000000000e-09
4.09375000000000e-07	9.68750000000000e-08	1.50000000000000e-09	1.25000000000000e-09	1.25000000000000e-09	3.00000000000000e-09
4.08125000000000e-07	9.81250000000000e-08	1.50000000000000e-09	1.25000000000000e-09	1.25000000000000e-09	3.00000000000000e-09
4.08125000000000e-07	9.93750000000000e-08	1.50000000000000e-09	1.25000000000000e-09	1.25000000000000e-09	3.00000000000000e-09
4.09375000000000e-07	9.81250000000000e-08	1.50000000000000e-09	1.25000000000000e-09	1.25000000000000e-09	3.00000000000000e-09
4.09375000000000e-07	9.93750000000000e-08	1.50000000000000e-09	1.25000000000000e-09	1.25000000000000e-09	3.00000000000000e-09
4.12500000000000e-07	9.75000000000000e-08	1.50000000000000e-09	5.00000000000000e-09	5.00000000000000e-09	3.00000000000000e-09
4.17500000000000e-07	9.75000000000000e-08	1.50000000000000e-09	5.00000000000000e-09	5.00000000000000e-09	3.00000000000000e-09
4.22500000000000e-07	9.75000000000000e-08	1.50000000000000e-09	5.00000000000000e-09	5.00000000000000e-09	3.00000000000000e-09
4.27500000000000e-07	9.75000000000000e-08	1.50000000000000e-09	5.00000000000000e-09	5.00000000000000e-09	3.00000000000000e-09
4.32500000000000e-07	9.75000000000000e-08	1.50000000000000e-09	5.00000000000000e-09	5.00000000000000e-09	3.00000000000000e-09
4.37500000000000e-07	9.75000000000000e-08	1.50000000000000e-09	5.00000000000000e-09	5.00000000000000e-09	3.00000000000000e-09
4.42500000000000e-07	9.75000000000000e-08	1.50000000000000e-09	5.00000000000000e-09	5.00000000000000e-09	3.00000000000000e-09
4.47500000000000e-07	9.75000000000000e-08	1.50000000000000e-09	5.00000000000000e-09	5.00000000000000e-09	3.00000000000000e-09
4.52500000000000e-07	9.75000000000000e-08	1.50000000000000e-09	5.00000000000000e-09	5.00000000000000e-09	3.00000000000000e-09
4.57500000000000e-07	9.75000000000000e-08	1.50000000000000e-09	5.00000000000000e-09	5.00000000000000e-09	3.00000000000000e-09
4.62500000000000e-07	9.75000000000000e-08	1.50000000000000e-09	5.00000000000000e-09	5.00000000000000e-09	3.00000000000000e-09
4.67500000000000e-07	9.75000000000000e-08	1.50000000000000e-09	5.00000000000000e-09	5.00000000000000e-09	3.00000000000000e-09
4.72500000000000e-07	9.75000000000000e-08	1.50000000000000e-09	5.00000000000000e-09	5.00000000000000e-09	3.00000000000000e-09
4.77500000000000e-07	9.75000000000000e-08	1.50000000000000e-09	5.00000000000000e-09	5.00000000000000e-09	3.00000000000000e-09
4.82500000000000e-07	9.75000000000000e-08	1.50000000000000e-09	5.00000000000000e-09	5.00000000000000e-09	3.00000000000000e-09
4.87500000000000e-07	9.75000000000000e-08	1.50000000000000e-09	5.00000000000000e-09	5.00000000000000e-09	3.00000000000000e-09
4.92500000000000e-07	9.75000000000000e-08	1.50000000000000e-09	5.00000000000000e-09	5.00000000000000e-09	3.00000000000000e-09
4.97500000000000e-07	9.75000000000000e-08	1.50000000000000e-09	5.00000000000000e-09	5.00000000000000e-09	3.00000000000000e-09
2.50000000000000e-09	1.02500000000000e-07	1.50000000000000e-09	5.00000000000000e-09	5.00000000000000e-09	3.00000000000000e-09
7.50000000000000e-09	1.02500000000000e-07	1.50000000000000e-09	5.00000000000000e-09	5.00000000000000e-09	3.00000000000000e-09
1.25000000000000e-08	1.02500000000000e-07	1.50000000000000e-09	5.00000000000000e-09	5.00000000000000e-09	3.00000000000000e-09
1.75000000000000e-08	1.02500000000000e-07	1.50000000000000e-09	5.00000000000000e-09	5.00000000000000e-09	3.00000000000000e-09
2.25000000000000e-08	1.02500000000000e-07	1.50000000000000e-09	5.00000000000000e-09	5.00000000000000e-09	3.00000000000000e-09
2.75000000000000e-08	1.02500000000000e-07	1.50000000000000e-09	5.00000000000000e-09	5.00000000000000e-09	3.00000000000000e-09
3.25000000000000e-08	1.02500000000000e-07	1.50000000000000e-09	5.00000000000000e-09	5.00000000000000e-09	3.00000000000000e-09
3.75000000000000e-08	1.02500000000000e-07	1.50000000000000e-09	5.00000000000000e-09	5.00000000000000e-09	3.00000000000000e-09
4.25000000000000e-08	1.02500000000000e-07	1.50000000000000e-09	5.00000000000000e-09	5.00000000000000e-09	3.00000000000000e-09
4.75000000000000e-08	1.02500000000000e-07	1.50000000000000e-09	5.00000000000000e-09	5.00000000000000e-09	3.00000000000000e-09
5.25000000000000e-08	1.02500000000000e-07	1.50000000000000e-09	5.00000000000000e-09	5.00000000000000e-09	3.00000000000000e-09
5.75000000000000e-08	1.02500000000000e-07	1.50000000000000e-09	5.00000000000000e-09	5.00000000000000e-09	3.00000000000000e-09
6.25000000000000e-08	1.02500000000000e-07	1.50000000000000e-09	5.00000000000000e-09	5.00000000000000e-09	3.00000000000000e-09
6.75000000000000e-08	1.02500000000000e-07	1.50000000000000e-09	5.00000000000000e-09	5.00000000000000e-09	3.00000000000000e-09
7.25000000000000e-08	1.02500000000000e-07	1.50000000000000e-09	5.00000000000000e-09	5.00000000000000e-09	3.00000000000000e-09
7.75000000000000e-08	1.02500000000000e-07	1.50000000000000e-09	5.00000000000000e-09	5.00000000000000e-09	3.00000000000000e-09
8.25000000000000e-08	1.02500000000000e-07	1.50000000000000e-09	5.00000000000000e-09	5.00000000000000e-09	3.00000000000000e-09
8.75000000000000e-08	1.02500000000000e-07	1.50000000000000e-09	5.00000000000000e-09	5.00000000000000e-09	3.00000000000000e-09
9.25000000000000e-08	1.02500000000000e-07	1.50000000000000e-09	5.00000000000000e-09	5.00000000000000e-09	3.00000000000000e-09
9.75000000000000e-08	1.02500000000000e-07	1.50000000000000e-09	5.00000000000000e-09	5.00000000000000e-09	3.00000000000000e-09
1.02500000000000e-07	1.02500000000000e-07	1.50000000000000e-09	5.00000000000000e-09	5.00000000000000e-09	3.00000000000000e-09
1.07500000000000e-07	1.02500000000000e-07	1.50000000000000e-09	5.00000000000000e-09	5.00000000000000e-09	3.00000000000000e-09
1.11250000000000e-07	1.01250000000000e-07	1.50000000000000e-09	2.50000000000000e-09	2.50000000000000e-09	3.00000000000000e-09
1.11250000000000e-07	1.03750000000000e-07	1.50000000000000e-09	2.50000000000000e-09	2.50000000000000e-09	3.00000000000000e-09
1.13125000000000e-07	1.00625000000000e-07	1.50000000000000e-09	1.25000000000000e-09	1.25000000000000e-09	3.00000000000000e-09
1.13125000000000e-07	1.01875000000000e-07	1.50000000000000e-09	1.25000000000000e-09	1.25000000000000e-09	3.00000000000000e-09
1.14375000000000e-07	1.00625000000000e-07	1.50000000000000e-09	1.25000000000000e-09	1.25000000000000e-09	3.00000000000000e-09
1.14375000000000e-07	1.01875000000000e-07	1.50000000000000e-09	1.25000000000000e-09	1.25000000000000e-09	3.00000000000000e-09
1.13125000000000e-07	1.03125000000000e-07	1.50000000000000e-09	1.25000000000000e-09	1.25000000000000e-09	3.00000000000000e-09
1.13125000000000e-07	1.04375000000000e-07	1.50000000000000e-09	1.25000000000000e-09	1.25000000000000e-09	3.00000000000000e-09
1.14375000000000e-07	1.03125000000000e-07	1.50000000000000e-09	1.25000000000000e-09	1.25000000000000e-09	3.00000000000000e-09
1.14375000000000e-07	1.04375000000000e-07	1.50000000000000e-09	1.25000000000000e-09	1.25000000000000e-09	3.00000000000000e-09
1.15625000000000e-07	1.00625000000000e-07	1.50000000000000e-09	1.25000000000000e-09	1.25000000000000e-09	3.00000000000000e-09
1.15625000000000e-07	1.01875000000000e-07	1.50000000000000e-09	1.25000000000000e-09	1.25000000000000e-09	3.00000000000000e-09
1.16875000000000e-07	1.00625000000000e-07	1.50000000000000e-09	1.25000000000000e-09	1.25000000000000e-09	3.00000000000000e-09
1.16875000000000e-07	1.01875000000000e-07	1.50000000000000e-09	1.25000000000000e-09	1.25000000000000e-09	3.00000000000000e-09
1.15625000000000e-07	1.03125000000000e-07	1.50000000000000e-09	1.25000000000000e-09	1.25000000000000e-09	3.00000000000000e-09
1.15625000000000e-07	1.04375000000000e-07	1.50000000000000e-09	1.25000000000000e-09	1.25000000000000e-09	3.00000000000000e-09
1.16875000000000e-07	1.03125000000000e-07	1.50000000000000e-09	1.25000000000000e-09	1.25000000000000e-09	3.00000000000000e-09
1.16875000000000e-07	1.04375000000000e-07	1.50000000000000e-09	1.25000000000000e-09	1.25000000000000e-09	3.00000000000000e-09
1.18125000000000e-07	1.00625000000000e-07	1.50000000000000e-09	1.25000000000000e-09	1.25000000000000e-09	3.00000000000000e-09
1.18125000000000e-07	1.01875000000000e-07	1.50000000000000e-09	1.25000000000000e-09	1.25000000000000e-09	3.00000000000000e-09
1.19375000000000e-07	1.00625000000000e-07	1.50000000000000e-09	1.25000000000000e-09	1.25000000000000e-09	3.00000000000000e-09
1.19375000000000e-07	1.01875000000000e-07	1.50000000000000e-09	1.25000000000000e-09	1.25000000000000e-09	3.00000000000000e-09
1.18125000000000e-07	1.03125000000000e-07	1.50000000000000e-09	1.25000000000000e-09	1.25000000000000e-09	3.00000000000000e-09
1.18125000000000e-07	1.04375000000000e-07	1.50000000000000e-09	1.25000000000000e-09	1.25000000000000e-09	3.00000000000000e-09
1.19375000000000e-07	1.03125000000000e-07	1.50000000000000e-09	1.25000000000000e-09	1.25000000000000e-09	3.00000000000000e-09
1.19375000000000e-07	1.04375000000000e-07	1.50000000000000e-09	1.25000000000000e-09	1.25000000000000e-09	3.00000000000000e-09
1.23750000000000e-07	1.01250000000000e-07	1.50000000000000e-09	2.50000000000000e-09	2.50000000000000e-09	3.00000000000000e-09
1.23750000000000e-07	1.03750000000000e-07	1.50000000000000e-09	2.50000000000000e-09	2.50000000000000e-09	3.00000000000000e-09
1.20625000000000e-07	1.00625000000000e-07	1.50000000000000e-09	1.25000000000000e-09	1.25000000000000e-09	3.00000000000000e-09
1.20625000000000e-07	1.01875000000000e-07	1.50000000000000e-09	1.25000000000000e-09	1.25000000000000e-09	3.00000000000000e-09
1.21875000000000e-07	1.00625000000000e-07	1.50000000000000e-09	1.25000000000000e-09	1.25000000000000e-09	3.00000000000000e-09
1.21875000000000e-07	1.01875000000000e-07	1.50000000000000e-09	1.25000000000000e-09	1.25000000000000e-09	3.00000000000000e-09
1.20625000000000e-07	1.03125000000000e-07	1.50000000000000e-09	1.25000000000000e-09	1.25000000000000e-09	3.00000000000000e-09
1.20625000000000e-07	1.04375000000000e-07	1.50000000000000e-09	1.25000000000000e-09	1.25000000000000e-09	3.00000000000000e-09
1.21875000000000e-07	1.03125000000000e-07	1.50000000000000e-09	1.25000000000000e-09	1.25000000000000e-09	3.00000000000000e-09
1.21875000000000e-07	1.04375000000000e-07	1.50000000000000e-09	1.25000000000000e-09	1.25000000000000e-09	3.00000000000000e-09
1.27500000000000e-07	1.02500000000000e-07	1.50000000000000e-09	5.00000000000000e-09	5.00000000000000e-09	3.00000000000000e-09
1.32500000000000e-07	1.02500000000000e-07	1.50000000000000e-09	5.00000000000000e-09	5.00000000000000e-09	3.00000000000000e-09
1.37500000000000e-07	1.02500000000000e-07	1.50000000000000e-09	5.00000000000000e-09	5.00000000000000e-09	3.00000000000000e-09
1.42500000000000e-07	1.02500000000000e-07	1.50000000000000e-09	5.00000000000000e-09	5.00000000000000e-09	3.00000000000000e-09
1.47500000000000e-07	1.02500000000000e-07	1.50000000000000e-09	5.00000000000000e-09	5.00000000000000e-09	3.00000000000000e-09
1.52500000000000e-07	1.02500000000000e-07	1.50000000000000e-09	5.00000000000000e-09	5.00000000000000e-09	3.00000000000000e-09
1.57500000000000e-07	1.02500000000000e-07	1.50000000000000e-09	5.00000000000000e-09	5.00000000000000e-09	3.00000000000000e-09
1.62500000000000e-07	1.02500000000000e-07	1.50000000000000e-09	5.00000000000000e-09	5.00000000000000e-09	3.00000000000000e-09
1.67500000000000e-07	1.02500000000000e-07	1.50000000000000e-09	5.00000000000000e-09	5.00000000000000e-09	3.00000000000000e-09
1.72500000000000e-07	1.02500000000000e-07	1.50000000000000e-09	5.00000000000000e-09	5.00000000000000e-09	3.00000000000000e-09
1.77500000000000e-07	1.02500000000000e-07	1.50000000000000e-09	5.00000000000000e-09	5.00000000000000e-09	3.00000000000000e-09
1.82500000000000e-07	1.02500000000000e-07	1.50000000000000e-09	5.00000000000000e-09	5.00000000000000e-09	3.00000000000000e-09
1.87500000000000e-07	1.02500000000000e-07	1.50000000000000e-09	5.00000000000000e-09	5.00000000000000e-09	3.00000000000000e-09
1.92500000000000e-07	1.02500000000000e-07	1.50000000000000e-09	5.00000000000000e-09	5.00000000000000e-09	3.00000000000000e-09
1.97500000000000e-07	1.02500000000000e-07	1.50000000000000e-09	5.00000000000000e-09	5.00000000000000e-09	3.00000000000000e-09
2.02500000000000e-07	1.02500000000000e-07	1.50000000000000e-09	5.00000000000000e-09	5.00000000000000e-09	3.00000000000000e-09
2.07500000000000e-07	1.02500000000000e-07	1.50000000000000e-09	5.00000000000000e-09	5.00000000000000e-09	3.00000000000000e-09
2.10625000000000e-07	1.00625000000000e-07	1.50000000000000e-09	1.25000000000000e-09	1.25000000000000e-09	3.00000000000000e-09
2.10625000000000e-07	1.01875000000000e-07	1.50000000000000e-09	1.25000000000000e-09	1.25000000000000e-09	3.00000000000000e-09
2.11875000000000e-07	1.00625000000000e-07	1.50000000000000e-09	1.25000000000000e-09	1.25000000000000e-09	3.00000000000000e-09
2.11875000000000e-07	1.01875000000000e-07	1.50000000000000e-09	1.25000000000000e-09	1.25000000000000e-09	3.00000000000000e-09
2.10625000000000e-07	1.03125000000000e-07	1.50000000000000e-09	1.25000000000000e-09	1.25000000000000e-09	3.00000000000000e-09
2.10625000000000e-07	1.04375000000000e-07	1.50000000000000e-09	1.25000000000000e-09	1.25000000000000e-09	3.00000000000000e-09
2.11875000000000e-07	1.03125000000000e-07	1.50000000000000e-09	1.25000000000000e-09	1.25000000000000e-09	3.00000000000000e-09
2.11875000000000e-07	1.04375000000000e-07	1.50000000000000e-09	1.25000000000000e-09	1.25000000000000e-09	3.00000000000000e-09
2.13125000000000e-07	1.00625000000000e-07	1.50000000000000e-09	1.25000000000000e-09	1.25000000000000e-09	3.00000000000000e-09
2.13125000000000e-07	1.01875000000000e-07	1.50000000000000e-09	1.25000000000000e-09	1.25000000000000e-09	3.00000000000000e-09
2.14375000000000e-07	1.00625000000000e-07	1.50000000000000e-09	1.25000000000000e-09	1.25000000000000e-09	3.00000000000000e-09
2.14375000000000e-07	1.01875000000000e-07	1.50000000000000e-09	1.25000000000000e-09	1.25000000000000e-09	3.00000000000000e-09
2.13125000000000e-07	1.03125000000000e-07	1.50000000000000e-09	1.25000000000000e-09	1.25000000000000e-09	3.00000000000000e-09
2.13125000000000e-07	1.04375000000000e-07	1.50000000000000e-09	1.25000000000000e-09	1.25000000000000e-09	3.00000000000000e-09
2.14375000000000e-07	1.03125000000000e-07	1.50000000000000e-09	1.25000000000000e-09	1.25000000000000e-09	3.00000000000000e-09
2.14375000000000e-07	1.04375000000000e-07	1.50000000000000e-09	1.25000000000000e-09	1.25000000000000e-09	3.00000000000000e-09
2.15625000000000e-07	1.00625000000000e-07	1.50000000000000e-09	1.25000000000000e-09	1.25000000000000e-09	3.00000000000000e-09
2.15625000000000e-07	1.01875000000000e-07	1.50000000000000e-09	1.25000000000000e-09	1.25000000000000e-09	3.00000000000000e-09
2.16875000000000e-07	1.00625000000000e-07	1.50000000000000e-09	1.25000000000000e-09	1.25000000000000e-09	3.00000000000000e-09
2.16875000000000e-07	1.01875000000000e-07	1.50000000000000e-09	1.25000000000000e-09	1.25000000000000e-09	3.00000000000000e-09
2.15625000000000e-07	1.03125000000000e-07	1.50000000000000e-09	1.25000000000000e-09	1.25000000000000e-09	3.00000000000000e-09
2.15625000000000e-07	1.04375000000000e-07	1.50000000000000e-09	1.25000000000000e-09	1.25000000000000e-09	3.00000000000000e-09
2.16875000000000e-07	1.03125000000000e-07	1.50000000000000e-09	1.25000000000000e-09	1.25000000000000e-09	3.00000000000000e-09
2.16875000000000e-07	1.04375000000000e-07	1.50000000000000e-09	1.25000000000000e-09	1.25000000000000e-09	3.00000000000000e-09
2.18125000000000e-07	1.00625000000000e-07	1.50000000000000e-09	1.25000000000000e-09	1.25000000000000e-09	3.00000000000000e-09
2.18125000000000e-07	1.01875000000000e-07	1.50000000000000e-09	1.25000000000000e-09	1.25000000000000e-09	3.00000000000000e-09
2.19375000000000e-07	1.00625000000000e-07	1.50000000000000e-09	1.25000000000000e-09	1.25000000000000e-09	3.00000000000000e-09
2.19375000000000e-07	1.01875000000000e-07	1.50000000000000e-09	1.25000000000000e-09	1.25000000000000e-09	3.00000000000000e-09
2.18125000000000e-07	1.03125000000000e-07	1.50000000000000e-09	1.25000000000000e-09	1.25000000000000e-09	3.00000000000000e-09
2.18125000000000e-07	1.04375000000000e-07	1.50000000000000e-09	1.25000000000000e-09	1.25000000000000e-09	3.00000000000000e-09
2.19375000000000e-07	1.03125000000000e-07	1.50000000000000e-09	1.25000000000000e-09	1.25000000000000e-09	3.00000000000000e-09
2.19375000000000e-07	1.04375000000000e-07	1.50000000000000e-09	1.25000000000000e-09	1.25000000000000e-09	3.00000000000000e-09
2.21250000000000e-07	1.03750000000000e-07	1.50000000000000e-09	2.50000000000000e-09	2.50000000000000e-09	3.00000000000000e-09
2.23750000000000e-07	1.01250000000000e-07	1.50000000000000e-09	2.50000000000000e-09	2.50000000000000e-09	3.00000000000000e-09
2.23750000000000e-07	1.03750000000000e-07	1.50000000000000e-09	2.50000000000000e-09	2.50000000000000e-09	3.00000000000000e-09
2.20625000000000e-07	1.00625000000000e-07	1.50000000000000e-09	1.25000000000000e-09	1.25000000000000e-09	3.00000000000000e-09
2.20625000000000e-07	1.01875000000000e-07	1.50000000000000e-09	1.25000000000000e-09	1.25000000000000e-09	3.00000000000000e-09
2.21875000000000e-07	1.00625000000000e-07	1.50000000000000e-09	1.25000000000000e-09	1.25000000000000e-09	3.00000000000000e-09
2.21875000000000e-07	1.01875000000000e-07	1.50000000000000e-09	1.25000000000000e-09	1.25000000000000e-09	3.00000000000000e-09
2.27500000000000e-07	1.02500000000000e-07	1.50000000000000e-09	5.00000000000000e-09	5.00000000000000e-09	3.00000000000000e-09
2.32500000000000e-07	1.02500000000000e-07	1.50000000000000e-09	5.00000000000000e-09	5.00000000000000e-09	3.00000000000000e-09
2.37500000000000e-07	1.02500000000000e-07	1.50000000000000e-09	5.00000000000000e-09	5.00000000000000e-09	3.00000000000000e-09
2.42500000000000e-07	1.02500000000000e-07	1.50000000000000e-09	5.00000000000000e-09	5.00000000000000e-09	3.00000000000000e-09
2.47500000000000e-07	1.02500000000000e-07	1.50000000000000e-09	5.00000000000000e-09	5.00000000000000e-09	3.00000000000000e-09
2.52500000000000e-07	1.02500000000000e-07	1.50000000000000e-09	5.00000000000000e-09	5.00000000000000e-09	3.00000000000000e-09
2.57500000000000e-07	1.02500000000000e-07	1.50000000000000e-09	5.00000000000000e-09	5.00000000000000e-09	3.00000000000000e-09
2.62500000000000e-07	1.02500000000000e-07	1.50000000000000e-09	5.00000000000000e-09	5.00000000000000e-09	3.00000000000000e-09
2.67500000000000e-07	1.02500000000000e-07	1.50000000000000e-09	5.00000000000000e-09	5.00000000000000e-09	3.00000000000000e-09
2.72500000000000e-07	1.02500000000000e-07	1.50000000000000e-09	5.00000000000000e-09	5.00000000000000e-09	3.00000000000000e-09
2.77500000000000e-07	1.02500000000000e-07	1.50000000000000e-09	5.00000000000000e-09	5.00000000000000e-09	3.00000000000000e-09
2.82500000000000e-07	1.02500000000000e-07	1.50000000000000e-09	5.00000000000000e-09	5.00000000000000e-09	3.00000000000000e-09
2.87500000000000e-07	1.02500000000000e-07	1.50000000000000e-09	5.00000000000000e-09	5.00000000000000e-09	3.00000000000000e-09
2.92500000000000e-07	1.02500000000000e-07	1.50000000000000e-09	5.00000000000000e-09	5.00000000000000e-09	3.00000000000000e-09
2.96250000000000e-07	1.01250000000000e-07	1.50000000000000e-09	2.50000000000000e-09	2.50000000000000e-09	3.00000000000000e-09
2.96250000000000e-07	1.03750000000000e-07	1.50000000000000e-09	2.50000000000000e-09	2.50000000000000e-09	3.00000000000000e-09
2.98125000000000e-07	1.00625000000000e-07	1.50000000000000e-09	1.25000000000000e-09	1.25000000000000e-09	3.00000000000000e-09
2.98125000000000e-07	1.01875000000000e-07	1.50000000000000e-09	1.25000000000000e-09	1.25000000000000e-09	3.00000000000000e-09
2.99375000000000e-07	1.00625000000000e-07	1.50000000000000e-09	1.25000000000000e-09	1.25000000000000e-09	3.00000000000000e-09
2.99375000000000e-07	1.01875000000000e-07	1.50000000000000e-09	1.25000000000000e-09	1.25000000000000e-09	3.00000000000000e-09
2.98125000000000e-07	1.03125000000000e-07	1.50000000000000e-09	1.25000000000000e-09	1.25000000000000e-09	3.00000000000000e-09
2.98125000000000e-07	1.04375000000000e-07	1.50000000000000e-09	1.25000000000000e-09	1.25000000000000e-09	3.00000000000000e-09
2.99375000000000e-07	1.03125000000000e-07	1.50000000000000e-09	1.25000000000000e-09	1.25000000000000e-09	3.00000000000000e-09
2.99375000000000e-07	1.04375000000000e-07	1.50000000000000e-09	1.25000000000000e-09	1.25000000000000e-09	3.00000000000000e-09
3.00625000000000e-07	1.00625000000000e-07	1.50000000000000e-09	1.25000000000000e-09	1.25000000000000e-09	3.00000000000000e-09
3.00625000000000e-07	1.01875000000000e-07	1.50000000000000e-09	1.25000000000000e-09	1.25000000000000e-09	3.00000000000000e-09
3.01875000000000e-07	1.00625000000000e-07	1.50000000000000e-09	1.25000000000000e-09	1.25000000000000e-09	3.00000000000000e-09
3.01875000000000e-07	1.01875000000000e-07	1.50000000000000e-09	1.25000000000000e-09	1.25000000000000e-09	3.00000000000000e-09
3.00625000000000e-07	1.03125000000000e-07	1.50000000000000e-09	1.25000000000000e-09	1.25000000000000e-09	3.00000000000000e-09
3.00625000000000e-07	1.04375000000000e-07	1.50000000000000e-09	1.25000000000000e-09	1.25000000000000e-09	3.00000000000000e-09
3.01875000000000e-07	1.03125000000000e-07	1.50000000000000e-09	1.25000000000000e-09	1.25000000000000e-09	3.00000000000000e-09
3.01875000000000e-07	1.04375000000000e-07	1.50000000000000e-09	1.25000000000000e-09	1.25000000000000e-09	3.00000000000000e-09
3.03125000000000e-07	1.00625000000000e-07	1.50000000000000e-09	1.25000000000000e-09	1.25000000000000e-09	3.00000000000000e-09
3.03125000000000e-07	1.01875000000000e-07	1.50000000000000e-09	1.25000000000000e-09	1.25000000000000e-09	3.00000000000000e-09
3.04375000000000e-07	1.00625000000000e-07	1.50000000000000e-09	1.25000000000000e-09	1.25000000000000e-09	3.00000000000000e-09
3.04375000000000e-07	1.01875000000000e-07	1.50000000000000e-09	1.25000000000000e-09	1.25000000000000e-09	3.00000000000000e-09
3.03125000000000e-07	1.03125000000000e-07	1.50000000000000e-09	1.25000000000000e-09	1.25000000000000e-09	3.00000000000000e-09
3.03125000000000e-07	1.04375000000000e-07	1.50000000000000e-09	1.25000000000000e-09	1.25000000000000e-09	3.00000000000000e-09
3.04375000000000e-07	1.03125000000000e-07	1.50000000000000e-09	1.25000000000000e-09	1.25000000000000e-09	3.00000000000000e-09
3.04375000000000e-07	1.04375000000000e-07	1.50000000000000e-09	1.25000000000000e-09	1.25000000000000e-09	3.00000000000000e-09
3.08750000000000e-07	1.03750000000000e-07	1.50000000000000e-09	2.50000000000000e-09	2.50000000000000e-09	3.00000000000000e-09
3.05625000000000e-07	1.00625000000000e-07	1.50000000000000e-09	1.25000000000000e-09	1.25000000000000e-09	3.00000000000000e-09
3.05625000000000e-07	1.01875000000000e-07	1.50000000000000e-09	1.25000000000000e-09	1.25000000000000e-09	3.00000000000000e-09
3.06875000000000e-07	1.00625000000000e-07	1.50000000000000e-09	1.25000000000000e-09	1.25000000000000e-09	3.00000000000000e-09
3.06875000000000e-07	1.01875000000000e-07	1.50000000000000e-09	1.25000000000000e-09	1.25000000000000e-09	3.00000000000000e-09
3.05625000000000e-07	1.03125000000000e-07	1.50000000000000e-09	1.25000000000000e-09	1.25000000000000e-09	3.00000000000000e-09
3.05625000000000e-07	1.04375000000000e-07	1.50000000000000e-09	1.25000000000000e-09	1.25000000000000e-09	3.00000000000000e-09
3.06875000000000e-07	1.03125000000000e-07	1.50000000000000e-09	1.25000000000000e-09	1.25000000000000e-09	3.00000000000000e-09
3.06875000000000e-07	1.04375000000000e-07	1.50000000000000e-09	1.25000000000000e-09	1.25000000000000e-09	3.00000000000000e-09
3.08125000000000e-07	1.00625000000000e-07	1.50000000000000e-09	1.25000000000000e-09	1.25000000000000e-09	3.00000000000000e-09
3.08125000000000e-07	1.01875000000000e-07	1.50000000000000e-09	1.25000000000000e-09	1.25000000000000e-09	3.00000000000000e-09
3.09375000000000e-07	1.00625000000000e-07	1.50000000000000e-09	1.25000000000000e-09	1.25000000000000e-09	3.00000000000000e-09
3.09375000000000e-07	1.01875000000000e-07	1.50000000000000e-09	1.25000000000000e-09	1.25000000000000e-09	3.00000000000000e-09
3.12500000000000e-07	1.02500000000000e-07	1.50000000000000e-09	5.00000000000000e-09	5.00000000000000e-09	3.00000000000000e-09
3.17500000000000e-07	1.02500000000000e-07	1.50000000000000e-09	5.00000000000000e-09	5.00000000000000e-09	3.00000000000000e-09
3.22500000000000e-07	1.02500000000000e-07	1.50000000000000e-09	5.00000000000000e-09	5.00000000000000e-09	3.00000000000000e-09
3.27500000000000e-07	1.02500000000000e-07	1.50000000000000e-09	5.00000000000000e-09	5.00000000000000e-09	3.00000000000000e-09
3.32500000000000e-07	1.02500000000000e-07	1.50000000000000e-09	5.00000000000000e-09	5.00000000000000e-09	3.00000000000000e-09
3.37500000000000e-07	1.02500000000000e-07	1.50000000000000e-09	5.00000000000000e-09	5.00000000000000e-09	3.00000000000000e-09
3.42500000000000e-07	1.02500000000000e-07	1.50000000000000e-09	5.00000000000000e-09	5.00000000000000e-09	3.00000000000000e-09
3.47500000000000e-07	1.02500000000000e-07	1.50000000000000e-09	5.00000000000000e-09	5.00000000000000e-09	3.00000000000000e-09
3.52500000000000e-07	1.02500000000000e-07	1.50000000000000e-09	5.00000000000000e-09	5.00000000000000e-09	3.00000000000000e-09
3.57500000000000e-07	1.02500000000000e-07	1.50000000000000e-09	5.00000000000000e-09	5.00000000000000e-09	3.00000000000000e-09
3.62500000000000e-07	1.02500000000000e-07	1.50000000000000e-09	5.00000000000000e-09	5.00000000000000e-09	3.00000000000000e-09
3.67500000000000e-07	1.02500000000000e-07	1.50000000000000e-09	5.00000000000000e-09	5.00000000000000e-09	3.00000000000000e-09
3.72500000000000e-07	1.02500000000000e-07	1.50000000000000e-09	5.00000000000000e-09	5.00000000000000e-09	3.00000000000000e-09
3.77500000000000e-07	1.02500000000000e-07	1.50000000000000e-09	5.00000000000000e-09	5.00000000000000e-09	3.00000000000000e-09
3.82500000000000e-07	1.02500000000000e-07	1.50000000000000e-09	5.00000000000000e-09	5.00000000000000e-09	3.00000000000000e-09
3.87500000000000e-07	1.02500000000000e-07	1.50000000000000e-09	5.00000000000000e-09	5.00000000000000e-09	3.00000000000000e-09
3.92500000000000e-07	1.02500000000000e-07	1.50000000000000e-09	5.00000000000000e-09	5.00000000000000e-09	3.00000000000000e-09
3.97500000000000e-07	1.02500000000000e-07	1.50000000000000e-09	5.00000000000000e-09	5.00000000000000e-09	3.00000000000000e-09
4.00625000000000e-07	1.00625000000000e-07	1.50000000000000e-09	1.25000000000000e-09	1.25000000000000e-09	3.00000000000000e-09
4.00625000000000e-07	1.01875000000000e-07	1.50000000000000e-09	1.25000000000000e-09	1.25000000000000e-09	3.00000000000000e-09
4.01875000000000e-07	1.00625000000000e-07	1.50000000000000e-09	1.25000000000000e-09	1.25000000000000e-09	3.00000000000000e-09
4.01875000000000e-07	1.01875000000000e-07	1.50000000000000e-09	1.25000000000000e-09	1.25000000000000e-09	3.00000000000000e-09
4.00625000000000e-07	1.03125000000000e-07	1.50000000000000e-09	1.25000000000000e-09	1.25000000000000e-09	3.00000000000000e-09
4.00625000000000e-07	1.04375000000000e-07	1.50000000000000e-09	1.25000000000000e-09	1.25000000000000e-09	3.00000000000000e-09
4.01875000000000e-07	1.03125000000000e-07	1.50000000000000e-09	1.25000000000000e-09	1.25000000000000e-09	3.00000000000000e-09
4.01875000000000e-07	1.04375000000000e-07	1.50000000000000e-09	1.25000000000000e-09	1.25000000000000e-09	3.00000000000000e-09
4.03125000000000e-07	1.00625000000000e-07	1.50000000000000e-09	1.25000000000000e-09	1.25000000000000e-09	3.00000000000000e-09
4.03125000000000e-07	1.01875000000000e-07	1.50000000000000e-09	1.25000000000000e-09	1.25000000000000e-09	3.00000000000000e-09
4.04375000000000e-07	1.00625000000000e-07	1.50000000000000e-09	1.25000000000000e-09	1.25000000000000e-09	3.00000000000000e-09
4.04375000000000e-07	1.01875000000000e-07	1.50000000000000e-09	1.25000000000000e-09	1.25000000000000e-09	3.00000000000000e-09
4.03125000000000e-07	1.03125000000000e-07	1.50000000000000e-09	1.25000000000000e-09	1.25000000000000e-09	3.00000000000000e-09
4.03125000000000e-07	1.04375000000000e-07	1.50000000000000e-09	1.25000000000000e-09	1.25000000000000e-09	3.00000000000000e-09
4.04375000000000e-07	1.03125000000000e-07	1.50000000000000e-09	1.25000000000000e-09	1.25000000000000e-09	3.00000000000000e-09
4.04375000000000e-07	1.04375000000000e-07	1.50000000000000e-09	1.25000000000000e-09	1.25000000000000e-09	3.00000000000000e-09
4.05625000000000e-07	1.00625000000000e-07	1.50000000000000e-09	1.25000000000000e-09	1.25000000000000e-09	3.00000000000000e-09
4.05625000000000e-07	1.01875000000000e-07	1.50000000000000e-09	1.25000000000000e-09	1.25000000000000e-09	3.00000000000000e-09
4.06875000000000e-07	1.00625000000000e-07	1.50000000000000e-09	1.25000000000000e-09	1.25000000000000e-09	3.00000000000000e-09
4.06875000000000e-07	1.01875000000000e-07	1.50000000000000e-09	1.25000000000000e-09	1.25000000000000e-09	3.00000000000000e-09
4.05625000000000e-07	1.03125000000000e-07	1.50000000000000e-09	1.25000000000000e-09	1.25000000000000e-09	3.00000000000000e-09
4.05625000000000e-07	1.04375000000000e-07	1.50000000000000e-09	1.25000000000000e-09	1.25000000000000e-09	3.00000000000000e-09
4.06875000000000e-07	1.03125000000000e-07	1.50000000000000e-09	1.25000000000000e-09	1.25000000000000e-09	3.00000000000000e-09
4.06875000000000e-07	1.04375000000000e-07	1.50000000000000e-09	1.25000000000000e-09	1.25000000000000e-09	3.00000000000000e-09
4.08125000000000e-07	1.00625000000000e-07	1.50000000000000e-09	1.25000000000000e-09	1.25000000000000e-09	3.00000000000000e-09
4.08125000000000e-07	1.01875000000000e-07	1.50000000000000e-09	1.25000000000000e-09	1.25000000000000e-09	3.00000000000000e-09
4.09375000000000e-07	1.00625000000000e-07	1.50000000000000e-09	1.25000000000000e-09	1.25000000000000e-09	3.00000000000000e-09
4.09375000000000e-07	1.01875000000000e-07	1.50000000000000e-09	1.25000000000000e-09	1.25000000000000e-09	3.00000000000000e-09
4.08125000000000e-07	1.03125000000000e-07	1.50000000000000e-09	1.25000000000000e-09	1.25000000000000e-09	3.00000000000000e-09
4.08125000000000e-07	1.04375000000000e-07	1.50000000000000e-09	1.25000000000000e-09	1.25000000000000e-09	3.00000000000000e-09
4.09375000000000e-07	1.03125000000000e-07	1.50000000000000e-09	1.25000000000000e-09	1.25000000000000e-09	3.00000000000000e-09
4.09375000000000e-07	1.04375000000000e-07	1.50000000000000e-09	1.25000000000000e-09	1.25000000000000e-09	3.00000000000000e-09
4.12500000000000e-07	1.02500000000000e-07	1.50000000000000e-09	5.00000000000000e-09	5.00000000000000e-09	3.00000000000000e-09
4.17500000000000e-07	1.02500000000000e-07	1.50000000000000e-09	5.00000000000000e-09	5.00000000000000e-09	3.00000000000000e-09
4.22500000000000e-07	1.02500000000000e-07	1.50000000000000e-09	5.00000000000000e-09	5.00000000000000e-09	3.00000000000000e-09
4.27500000000000e-07	1.02500000000000e-07	1.50000000000000e-09	5.00000000000000e-09	5.00000000000000e-09	3.00000000000000e-09
4.32500000000000e-07	1.02500000000000e-07	1.50000000000000e-09	5.00000000000000e-09	5.00000000000000e-09	3.00000000000000e-09
4.37500000000000e-07	1.02500000000000e-07	1.50000000000000e-09	5.00000000000000e-09	5.00000000000000e-09	3.00000000000000e-09
4.42500000000000e-07	1.02500000000000e-07	1.50000000000000e-09	5.00000000000000e-09	5.00000000000000e-09	3.00000000000000e-09
4.47500000000000e-07	1.02500000000000e-07	1.50000000000000e-09	5.00000000000000e-09	5.00000000000000e-09	3.00000000000000e-09
4.52500000000000e-07	1.02500000000000e-07	1.50000000000000e-09	5.00000000000000e-09	5.00000000000000e-09	3.00000000000000e-09
4.57500000000000e-07	1.02500000000000e-07	1.50000000000000e-09	5.00000000000000e-09	5.00000000000000e-09	3.00000000000000e-09
4.62500000000000e-07	1.02500000000000e-07	1.50000000000000e-09	5.00000000000000e-09	5.00000000000000e-09	3.00000000000000e-09
4.67500000000000e-07	1.02500000000000e-07	1.50000000000000e-09	5.00000000000000e-09	5.00000000000000e-09	3.00000000000000e-09
4.72500000000000e-07	1.02500000000000e-07	1.50000000000000e-09	5.00000000000000e-09	5.00000000000000e-09	3.00000000000000e-09
4.77500000000000e-07	1.02500000000000e-07	1.50000000000000e-09	5.00000000000000e-09	5.00000000000000e-09	3.00000000000000e-09
4.82500000000000e-07	1.02500000000000e-07	1.50000000000000e-09	5.00000000000000e-09	5.00000000000000e-09	3.00000000000000e-09
4.87500000000000e-07	1.02500000000000e-07	1.50000000000000e-09	5.00000000000000e-09	5.00000000000000e-09	3.00000000000000e-09
4.92500000000000e-07	1.02500000000000e-07	1.50000000000000e-09	5.00000000000000e-09	5.00000000000000e-09	3.00000000000000e-09
4.97500000000000e-07	1.02500000000000e-07	1.50000000000000e-09	5.00000000000000e-09	5.00000000000000e-09	3.00000000000000e-09
2.50000000000000e-09	1.07500000000000e-07	1.50000000000000e-09	5.00000000000000e-09	5.00000000000000e-09	3.00000000000000e-09
7.50000000000000e-09	1.07500000000000e-07	1.50000000000000e-09	5.00000000000000e-09	5.00000000000000e-09	3.00000000000000e-09
1.25000000000000e-08	1.07500000000000e-07	1.50000000000000e-09	5.00000000000000e-09	5.00000000000000e-09	3.00000000000000e-09
1.75000000000000e-08	1.07500000000000e-07	1.50000000000000e-09	5.00000000000000e-09	5.00000000000000e-09	3.00000000000000e-09
2.25000000000000e-08	1.07500000000000e-07	1.50000000000000e-09	5.00000000000000e-09	5.00000000000000e-09	3.00000000000000e-09
2.75000000000000e-08	1.07500000000000e-07	1.50000000000000e-09	5.00000000000000e-09	5.00000000000000e-09	3.00000000000000e-09
3.25000000000000e-08	1.07500000000000e-07	1.50000000000000e-09	5.00000000000000e-09	5.00000000000000e-09	3.00000000000000e-09
3.75000000000000e-08	1.07500000000000e-07	1.50000000000000e-09	5.00000000000000e-09	5.00000000000000e-09	3.00000000000000e-09
4.25000000000000e-08	1.07500000000000e-07	1.50000000000000e-09	5.00000000000000e-09	5.00000000000000e-09	3.00000000000000e-09
4.75000000000000e-08	1.07500000000000e-07	1.50000000000000e-09	5.00000000000000e-09	5.00000000000000e-09	3.00000000000000e-09
5.25000000000000e-08	1.07500000000000e-07	1.50000000000000e-09	5.00000000000000e-09	5.00000000000000e-09	3.00000000000000e-09
5.75000000000000e-08	1.07500000000000e-07	1.50000000000000e-09	5.00000000000000e-09	5.00000000000000e-09	3.00000000000000e-09
6.25000000000000e-08	1.07500000000000e-07	1.50000000000000e-09	5.00000000000000e-09	5.00000000000000e-09	3.00000000000000e-09
6.75000000000000e-08	1.07500000000000e-07	1.50000000000000e-09	5.00000000000000e-09	5.00000000000000e-09	3.00000000000000e-09
7.25000000000000e-08	1.07500000000000e-07	1.50000000000000e-09	5.00000000000000e-09	5.00000000000000e-09	3.00000000000000e-09
7.75000000000000e-08	1.07500000000000e-07	1.50000000000000e-09	5.00000000000000e-09	5.00000000000000e-09	3.00000000000000e-09
8.25000000000000e-08	1.07500000000000e-07	1.50000000000000e-09	5.00000000000000e-09	5.00000000000000e-09	3.00000000000000e-09
8.75000000000000e-08	1.07500000000000e-07	1.50000000000000e-09	5.00000000000000e-09	5.00000000000000e-09	3.00000000000000e-09
9.25000000000000e-08	1.07500000000000e-07	1.50000000000000e-09	5.00000000000000e-09	5.00000000000000e-09	3.00000000000000e-09
9.75000000000000e-08	1.07500000000000e-07	1.50000000000000e-09	5.00000000000000e-09	5.00000000000000e-09	3.00000000000000e-09
1.02500000000000e-07	1.07500000000000e-07	1.50000000000000e-09	5.00000000000000e-09	5.00000000000000e-09	3.00000000000000e-09
1.07500000000000e-07	1.07500000000000e-07	1.50000000000000e-09	5.00000000000000e-09	5.00000000000000e-09	3.00000000000000e-09
1.11250000000000e-07	1.06250000000000e-07	1.50000000000000e-09	2.50000000000000e-09	2.50000000000000e-09	3.00000000000000e-09
1.11250000000000e-07	1.08750000000000e-07	1.50000000000000e-09	2.50000000000000e-09	2.50000000000000e-09	3.00000000000000e-09
1.13125000000000e-07	1.05625000000000e-07	1.50000000000000e-09	1.25000000000000e-09	1.25000000000000e-09	3.00000000000000e-09
1.13125000000000e-07	1.06875000000000e-07	1.50000000000000e-09	1.25000000000000e-09	1.25000000000000e-09	3.00000000000000e-09
1.14375000000000e-07	1.05625000000000e-07	1.50000000000000e-09	1.25000000000000e-09	1.25000000000000e-09	3.00000000000000e-09
1.14375000000000e-07	1.06875000000000e-07	1.50000000000000e-09	1.25000000000000e-09	1.25000000000000e-09	3.00000000000000e-09
1.13125000000000e-07	1.08125000000000e-07	1.50000000000000e-09	1.25000000000000e-09	1.25000000000000e-09	3.00000000000000e-09
1.13125000000000e-07	1.09375000000000e-07	1.50000000000000e-09	1.25000000000000e-09	1.25000000000000e-09	3.00000000000000e-09
1.14375000000000e-07	1.08125000000000e-07	1.50000000000000e-09	1.25000000000000e-09	1.25000000000000e-09	3.00000000000000e-09
1.14375000000000e-07	1.09375000000000e-07	1.50000000000000e-09	1.25000000000000e-09	1.25000000000000e-09	3.00000000000000e-09
1.15625000000000e-07	1.05625000000000e-07	1.50000000000000e-09	1.25000000000000e-09	1.25000000000000e-09	3.00000000000000e-09
1.15625000000000e-07	1.06875000000000e-07	1.50000000000000e-09	1.25000000000000e-09	1.25000000000000e-09	3.00000000000000e-09
1.16875000000000e-07	1.05625000000000e-07	1.50000000000000e-09	1.25000000000000e-09	1.25000000000000e-09	3.00000000000000e-09
1.16875000000000e-07	1.06875000000000e-07	1.50000000000000e-09	1.25000000000000e-09	1.25000000000000e-09	3.00000000000000e-09
1.15625000000000e-07	1.08125000000000e-07	1.50000000000000e-09	1.25000000000000e-09	1.25000000000000e-09	3.00000000000000e-09
1.15625000000000e-07	1.09375000000000e-07	1.50000000000000e-09	1.25000000000000e-09	1.25000000000000e-09	3.00000000000000e-09
1.16875000000000e-07	1.08125000000000e-07	1.50000000000000e-09	1.25000000000000e-09	1.25000000000000e-09	3.00000000000000e-09
1.16875000000000e-07	1.09375000000000e-07	1.50000000000000e-09	1.25000000000000e-09	1.25000000000000e-09	3.00000000000000e-09
1.18125000000000e-07	1.05625000000000e-07	1.50000000000000e-09	1.25000000000000e-09	1.25000000000000e-09	3.00000000000000e-09
1.18125000000000e-07	1.06875000000000e-07	1.50000000000000e-09	1.25000000000000e-09	1.25000000000000e-09	3.00000000000000e-09
1.19375000000000e-07	1.05625000000000e-07	1.50000000000000e-09	1.25000000000000e-09	1.25000000000000e-09	3.00000000000000e-09
1.19375000000000e-07	1.06875000000000e-07	1.50000000000000e-09	1.25000000000000e-09	1.25000000000000e-09	3.00000000000000e-09
1.18125000000000e-07	1.08125000000000e-07	1.50000000000000e-09	1.25000000000000e-09	1.25000000000000e-09	3.00000000000000e-09
1.18125000000000e-07	1.09375000000000e-07	1.50000000000000e-09	1.25000000000000e-09	1.25000000000000e-09	3.00000000000000e-09
1.19375000000000e-07	1.08125000000000e-07	1.50000000000000e-09	1.25000000000000e-09	1.25000000000000e-09	3.00000000000000e-09
1.19375000000000e-07	1.09375000000000e-07	1.50000000000000e-09	1.25000000000000e-09	1.25000000000000e-09	3.00000000000000e-09
1.23750000000000e-07	1.06250000000000e-07	1.50000000000000e-09	2.50000000000000e-09	2.50000000000000e-09	3.00000000000000e-09
1.23750000000000e-07	1.08750000000000e-07	1.50000000000000e-09	2.50000000000000e-09	2.50000000000000e-09	3.00000000000000e-09
1.20625000000000e-07	1.05625000000000e-07	1.50000000000000e-09	1.25000000000000e-09	1.25000000000000e-09	3.00000000000000e-09
1.20625000000000e-07	1.06875000000000e-07	1.50000000000000e-09	1.25000000000000e-09	1.25000000000000e-09	3.00000000000000e-09
1.21875000000000e-07	1.05625000000000e-07	1.50000000000000e-09	1.25000000000000e-09	1.25000000000000e-09	3.00000000000000e-09
1.21875000000000e-07	1.06875000000000e-07	1.50000000000000e-09	1.25000000000000e-09	1.25000000000000e-09	3.00000000000000e-09
1.20625000000000e-07	1.08125000000000e-07	1.50000000000000e-09	1.25000000000000e-09	1.25000000000000e-09	3.00000000000000e-09
1.20625000000000e-07	1.09375000000000e-07	1.50000000000000e-09	1.25000000000000e-09	1.25000000000000e-09	3.00000000000000e-09
1.21875000000000e-07	1.08125000000000e-07	1.50000000000000e-09	1.25000000000000e-09	1.25000000000000e-09	3.00000000000000e-09
1.21875000000000e-07	1.09375000000000e-07	1.50000000000000e-09	1.25000000000000e-09	1.25000000000000e-09	3.00000000000000e-09
1.27500000000000e-07	1.07500000000000e-07	1.50000000000000e-09	5.00000000000000e-09	5.00000000000000e-09	3.00000000000000e-09
1.32500000000000e-07	1.07500000000000e-07	1.50000000000000e-09	5.00000000000000e-09	5.00000000000000e-09	3.00000000000000e-09
1.37500000000000e-07	1.07500000000000e-07	1.50000000000000e-09	5.00000000000000e-09	5.00000000000000e-09	3.00000000000000e-09
1.42500000000000e-07	1.07500000000000e-07	1.50000000000000e-09	5.00000000000000e-09	5.00000000000000e-09	3.00000000000000e-09
1.47500000000000e-07	1.07500000000000e-07	1.50000000000000e-09	5.00000000000000e-09	5.00000000000000e-09	3.00000000000000e-09
1.52500000000000e-07	1.07500000000000e-07	1.50000000000000e-09	5.00000000000000e-09	5.00000000000000e-09	3.00000000000000e-09
1.57500000000000e-07	1.07500000000000e-07	1.50000000000000e-09	5.00000000000000e-09	5.00000000000000e-09	3.00000000000000e-09
1.62500000000000e-07	1.07500000000000e-07	1.50000000000000e-09	5.00000000000000e-09	5.00000000000000e-09	3.00000000000000e-09
1.67500000000000e-07	1.07500000000000e-07	1.50000000000000e-09	5.00000000000000e-09	5.00000000000000e-09	3.00000000000000e-09
1.72500000000000e-07	1.07500000000000e-07	1.50000000000000e-09	5.00000000000000e-09	5.00000000000000e-09	3.00000000000000e-09
1.77500000000000e-07	1.07500000000000e-07	1.50000000000000e-09	5.00000000000000e-09	5.00000000000000e-09	3.00000000000000e-09
1.82500000000000e-07	1.07500000000000e-07	1.50000000000000e-09	5.00000000000000e-09	5.00000000000000e-09	3.00000000000000e-09
1.87500000000000e-07	1.07500000000000e-07	1.50000000000000e-09	5.00000000000000e-09	5.00000000000000e-09	3.00000000000000e-09
1.92500000000000e-07	1.07500000000000e-07	1.50000000000000e-09	5.00000000000000e-09	5.00000000000000e-09	3.00000000000000e-09
1.97500000000000e-07	1.07500000000000e-07	1.50000000000000e-09	5.00000000000000e-09	5.00000000000000e-09	3.00000000000000e-09
2.02500000000000e-07	1.07500000000000e-07	1.50000000000000e-09	5.00000000000000e-09	5.00000000000000e-09	3.00000000000000e-09
2.07500000000000e-07	1.07500000000000e-07	1.50000000000000e-09	5.00000000000000e-09	5.00000000000000e-09	3.00000000000000e-09
2.10625000000000e-07	1.05625000000000e-07	1.50000000000000e-09	1.25000000000000e-09	1.25000000000000e-09	3.00000000000000e-09
2.10625000000000e-07	1.06875000000000e-07	1.50000000000000e-09	1.25000000000000e-09	1.25000000000000e-09	3.00000000000000e-09
2.11875000000000e-07	1.05625000000000e-07	1.50000000000000e-09	1.25000000000000e-09	1.25000000000000e-09	3.00000000000000e-09
2.11875000000000e-07	1.06875000000000e-07	1.50000000000000e-09	1.25000000000000e-09	1.25000000000000e-09	3.00000000000000e-09
2.10625000000000e-07	1.08125000000000e-07	1.50000000000000e-09	1.25000000000000e-09	1.25000000000000e-09	3.00000000000000e-09
2.10625000000000e-07	1.09375000000000e-07	1.50000000000000e-09	1.25000000000000e-09	1.25000000000000e-09	3.00000000000000e-09
2.11875000000000e-07	1.08125000000000e-07	1.50000000000000e-09	1.25000000000000e-09	1.25000000000000e-09	3.00000000000000e-09
2.11875000000000e-07	1.09375000000000e-07	1.50000000000000e-09	1.25000000000000e-09	1.25000000000000e-09	3.00000000000000e-09
2.13125000000000e-07	1.05625000000000e-07	1.50000000000000e-09	1.25000000000000e-09	1.25000000000000e-09	3.00000000000000e-09
2.13125000000000e-07	1.06875000000000e-07	1.50000000000000e-09	1.25000000000000e-09	1.25000000000000e-09	3.00000000000000e-09
2.14375000000000e-07	1.05625000000000e-07	1.50000000000000e-09	1.25000000000000e-09	1.25000000000000e-09	3.00000000000000e-09
2.14375000000000e-07	1.06875000000000e-07	1.50000000000000e-09	1.25000000000000e-09	1.25000000000000e-09	3.00000000000000e-09
2.13125000000000e-07	1.08125000000000e-07	1.50000000000000e-09	1.25000000000000e-09	1.25000000000000e-09	3.00000000000000e-09
2.13125000000000e-07	1.09375000000000e-07	1.50000000000000e-09	1.25000000000000e-09	1.25000000000000e-09	3.00000000000000e-09
2.14375000000000e-07	1.08125000000000e-07	1.50000000000000e-09	1.25000000000000e-09	1.25000000000000e-09	3.00000000000000e-09
2.14375000000000e-07	1.09375000000000e-07	1.50000000000000e-09	1.25000000000000e-09	1.25000000000000e-09	3.00000000000000e-09
2.15625000000000e-07	1.05625000000000e-07	1.50000000000000e-09	1.25000000000000e-09	1.25000000000000e-09	3.00000000000000e-09
2.15625000000000e-07	1.06875000000000e-07	1.50000000000000e-09	1.25000000000000e-09	1.25000000000000e-09	3.00000000000000e-09
2.16875000000000e-07	1.05625000000000e-07	1.50000000000000e-09	1.25000000000000e-09	1.25000000000000e-09	3.00000000000000e-09
2.16875000000000e-07	1.06875000000000e-07	1.50000000000000e-09	1.25000000000000e-09	1.25000000000000e-09	3.00000000000000e-09
2.15625000000000e-07	1.08125000000000e-07	1.50000000000000e-09	1.25000000000000e-09	1.25000000000000e-09	3.00000000000000e-09
2.15625000000000e-07	1.09375000000000e-07	1.50000000000000e-09	1.25000000000000e-09	1.25000000000000e-09	3.00000000000000e-09
2.16875000000000e-07	1.08125000000000e-07	1.50000000000000e-09	1.25000000000000e-09	1.25000000000000e-09	3.00000000000000e-09
2.16875000000000e-07	1.09375000000000e-07	1.50000000000000e-09	1.25000000000000e-09	1.25000000000000e-09	3.00000000000000e-09
2.18125000000000e-07	1.05625000000000e-07	1.50000000000000e-09	1.25000000000000e-09	1.25000000000000e-09	3.00000000000000e-09
2.18125000000000e-07	1.06875000000000e-07	1.50000000000000e-09	1.25000000000000e-09	1.25000000000000e-09	3.00000000000000e-09
2.19375000000000e-07	1.05625000000000e-07	1.50000000000000e-09	1.25000000000000e-09	1.25000000000000e-09	3.00000000000000e-09
2.19375000000000e-07	1.06875000000000e-07	1.50000000000000e-09	1.25000000000000e-09	1.25000000000000e-09	3.00000000000000e-09
2.18125000000000e-07	1.08125000000000e-07	1.50000000000000e-09	1.25000000000000e-09	1.25000000000000e-09	3.00000000000000e-09
2.18125000000000e-07	1.09375000000000e-07	1.50000000000000e-09	1.25000000000000e-09	1.25000000000000e-09	3.00000000000000e-09
2.19375000000000e-07	1.08125000000000e-07	1.50000000000000e-09	1.25000000000000e-09	1.25000000000000e-09	3.00000000000000e-09
2.19375000000000e-07	1.09375000000000e-07	1.50000000000000e-09	1.25000000000000e-09	1.25000000000000e-09	3.00000000000000e-09
2.22500000000000e-07	1.07500000000000e-07	1.50000000000000e-09	5.00000000000000e-09	5.00000000000000e-09	3.00000000000000e-09
2.27500000000000e-07	1.07500000000000e-07	1.50000000000000e-09	5.00000000000000e-09	5.00000000000000e-09	3.00000000000000e-09
2.32500000000000e-07	1.07500000000000e-07	1.50000000000000e-09	5.00000000000000e-09	5.00000000000000e-09	3.00000000000000e-09
2.37500000000000e-07	1.07500000000000e-07	1.50000000000000e-09	5.00000000000000e-09	5.00000000000000e-09	3.00000000000000e-09
2.42500000000000e-07	1.07500000000000e-07	1.50000000000000e-09	5.00000000000000e-09	5.00000000000000e-09	3.00000000000000e-09
2.47500000000000e-07	1.07500000000000e-07	1.50000000000000e-09	5.00000000000000e-09	5.00000000000000e-09	3.00000000000000e-09
2.52500000000000e-07	1.07500000000000e-07	1.50000000000000e-09	5.00000000000000e-09	5.00000000000000e-09	3.00000000000000e-09
2.57500000000000e-07	1.07500000000000e-07	1.50000000000000e-09	5.00000000000000e-09	5.00000000000000e-09	3.00000000000000e-09
2.62500000000000e-07	1.07500000000000e-07	1.50000000000000e-09	5.00000000000000e-09	5.00000000000000e-09	3.00000000000000e-09
2.67500000000000e-07	1.07500000000000e-07	1.50000000000000e-09	5.00000000000000e-09	5.00000000000000e-09	3.00000000000000e-09
2.72500000000000e-07	1.07500000000000e-07	1.50000000000000e-09	5.00000000000000e-09	5.00000000000000e-09	3.00000000000000e-09
2.77500000000000e-07	1.07500000000000e-07	1.50000000000000e-09	5.00000000000000e-09	5.00000000000000e-09	3.00000000000000e-09
2.82500000000000e-07	1.07500000000000e-07	1.50000000000000e-09	5.00000000000000e-09	5.00000000000000e-09	3.00000000000000e-09
2.87500000000000e-07	1.07500000000000e-07	1.50000000000000e-09	5.00000000000000e-09	5.00000000000000e-09	3.00000000000000e-09
2.92500000000000e-07	1.07500000000000e-07	1.50000000000000e-09	5.00000000000000e-09	5.00000000000000e-09	3.00000000000000e-09
2.96250000000000e-07	1.06250000000000e-07	1.50000000000000e-09	2.50000000000000e-09	2.50000000000000e-09	3.00000000000000e-09
2.96250000000000e-07	1.08750000000000e-07	1.50000000000000e-09	2.50000000000000e-09	2.50000000000000e-09	3.00000000000000e-09
2.98125000000000e-07	1.05625000000000e-07	1.50000000000000e-09	1.25000000000000e-09	1.25000000000000e-09	3.00000000000000e-09
2.98125000000000e-07	1.06875000000000e-07	1.50000000000000e-09	1.25000000000000e-09	1.25000000000000e-09	3.00000000000000e-09
2.99375000000000e-07	1.05625000000000e-07	1.50000000000000e-09	1.25000000000000e-09	1.25000000000000e-09	3.00000000000000e-09
2.99375000000000e-07	1.06875000000000e-07	1.50000000000000e-09	1.25000000000000e-09	1.25000000000000e-09	3.00000000000000e-09
2.98125000000000e-07	1.08125000000000e-07	1.50000000000000e-09	1.25000000000000e-09	1.25000000000000e-09	3.00000000000000e-09
2.98125000000000e-07	1.09375000000000e-07	1.50000000000000e-09	1.25000000000000e-09	1.25000000000000e-09	3.00000000000000e-09
2.99375000000000e-07	1.08125000000000e-07	1.50000000000000e-09	1.25000000000000e-09	1.25000000000000e-09	3.00000000000000e-09
2.99375000000000e-07	1.09375000000000e-07	1.50000000000000e-09	1.25000000000000e-09	1.25000000000000e-09	3.00000000000000e-09
3.00625000000000e-07	1.05625000000000e-07	1.50000000000000e-09	1.25000000000000e-09	1.25000000000000e-09	3.00000000000000e-09
3.00625000000000e-07	1.06875000000000e-07	1.50000000000000e-09	1.25000000000000e-09	1.25000000000000e-09	3.00000000000000e-09
3.01875000000000e-07	1.05625000000000e-07	1.50000000000000e-09	1.25000000000000e-09	1.25000000000000e-09	3.00000000000000e-09
3.01875000000000e-07	1.06875000000000e-07	1.50000000000000e-09	1.25000000000000e-09	1.25000000000000e-09	3.00000000000000e-09
3.00625000000000e-07	1.08125000000000e-07	1.50000000000000e-09	1.25000000000000e-09	1.25000000000000e-09	3.00000000000000e-09
3.00625000000000e-07	1.09375000000000e-07	1.50000000000000e-09	1.25000000000000e-09	1.25000000000000e-09	3.00000000000000e-09
3.01875000000000e-07	1.08125000000000e-07	1.50000000000000e-09	1.25000000000000e-09	1.25000000000000e-09	3.00000000000000e-09
3.01875000000000e-07	1.09375000000000e-07	1.50000000000000e-09	1.25000000000000e-09	1.25000000000000e-09	3.00000000000000e-09
3.03125000000000e-07	1.05625000000000e-07	1.50000000000000e-09	1.25000000000000e-09	1.25000000000000e-09	3.00000000000000e-09
3.03125000000000e-07	1.06875000000000e-07	1.50000000000000e-09	1.25000000000000e-09	1.25000000000000e-09	3.00000000000000e-09
3.04375000000000e-07	1.05625000000000e-07	1.50000000000000e-09	1.25000000000000e-09	1.25000000000000e-09	3.00000000000000e-09
3.04375000000000e-07	1.06875000000000e-07	1.50000000000000e-09	1.25000000000000e-09	1.25000000000000e-09	3.00000000000000e-09
3.03125000000000e-07	1.08125000000000e-07	1.50000000000000e-09	1.25000000000000e-09	1.25000000000000e-09	3.00000000000000e-09
3.03125000000000e-07	1.09375000000000e-07	1.50000000000000e-09	1.25000000000000e-09	1.25000000000000e-09	3.00000000000000e-09
3.04375000000000e-07	1.08125000000000e-07	1.50000000000000e-09	1.25000000000000e-09	1.25000000000000e-09	3.00000000000000e-09
3.04375000000000e-07	1.09375000000000e-07	1.50000000000000e-09	1.25000000000000e-09	1.25000000000000e-09	3.00000000000000e-09
3.08750000000000e-07	1.06250000000000e-07	1.50000000000000e-09	2.50000000000000e-09	2.50000000000000e-09	3.00000000000000e-09
3.08750000000000e-07	1.08750000000000e-07	1.50000000000000e-09	2.50000000000000e-09	2.50000000000000e-09	3.00000000000000e-09
3.05625000000000e-07	1.05625000000000e-07	1.50000000000000e-09	1.25000000000000e-09	1.25000000000000e-09	3.00000000000000e-09
3.05625000000000e-07	1.06875000000000e-07	1.50000000000000e-09	1.25000000000000e-09	1.25000000000000e-09	3.00000000000000e-09
3.06875000000000e-07	1.05625000000000e-07	1.50000000000000e-09	1.25000000000000e-09	1.25000000000000e-09	3.00000000000000e-09
3.06875000000000e-07	1.06875000000000e-07	1.50000000000000e-09	1.25000000000000e-09	1.25000000000000e-09	3.00000000000000e-09
3.05625000000000e-07	1.08125000000000e-07	1.50000000000000e-09	1.25000000000000e-09	1.25000000000000e-09	3.00000000000000e-09
3.05625000000000e-07	1.09375000000000e-07	1.50000000000000e-09	1.25000000000000e-09	1.25000000000000e-09	3.00000000000000e-09
3.06875000000000e-07	1.08125000000000e-07	1.50000000000000e-09	1.25000000000000e-09	1.25000000000000e-09	3.00000000000000e-09
3.06875000000000e-07	1.09375000000000e-07	1.50000000000000e-09	1.25000000000000e-09	1.25000000000000e-09	3.00000000000000e-09
3.12500000000000e-07	1.07500000000000e-07	1.50000000000000e-09	5.00000000000000e-09	5.00000000000000e-09	3.00000000000000e-09
3.17500000000000e-07	1.07500000000000e-07	1.50000000000000e-09	5.00000000000000e-09	5.00000000000000e-09	3.00000000000000e-09
3.22500000000000e-07	1.07500000000000e-07	1.50000000000000e-09	5.00000000000000e-09	5.00000000000000e-09	3.00000000000000e-09
3.27500000000000e-07	1.07500000000000e-07	1.50000000000000e-09	5.00000000000000e-09	5.00000000000000e-09	3.00000000000000e-09
3.32500000000000e-07	1.07500000000000e-07	1.50000000000000e-09	5.00000000000000e-09	5.00000000000000e-09	3.00000000000000e-09
3.37500000000000e-07	1.07500000000000e-07	1.50000000000000e-09	5.00000000000000e-09	5.00000000000000e-09	3.00000000000000e-09
3.42500000000000e-07	1.07500000000000e-07	1.50000000000000e-09	5.00000000000000e-09	5.00000000000000e-09	3.00000000000000e-09
3.47500000000000e-07	1.07500000000000e-07	1.50000000000000e-09	5.00000000000000e-09	5.00000000000000e-09	3.00000000000000e-09
3.52500000000000e-07	1.07500000000000e-07	1.50000000000000e-09	5.00000000000000e-09	5.00000000000000e-09	3.00000000000000e-09
3.57500000000000e-07	1.07500000000000e-07	1.50000000000000e-09	5.00000000000000e-09	5.00000000000000e-09	3.00000000000000e-09
3.62500000000000e-07	1.07500000000000e-07	1.50000000000000e-09	5.00000000000000e-09	5.00000000000000e-09	3.00000000000000e-09
3.67500000000000e-07	1.07500000000000e-07	1.50000000000000e-09	5.00000000000000e-09	5.00000000000000e-09	3.00000000000000e-09
3.72500000000000e-07	1.07500000000000e-07	1.50000000000000e-09	5.00000000000000e-09	5.00000000000000e-09	3.00000000000000e-09
3.77500000000000e-07	1.07500000000000e-07	1.50000000000000e-09	5.00000000000000e-09	5.00000000000000e-09	3.00000000000000e-09
3.82500000000000e-07	1.07500000000000e-07	1.50000000000000e-09	5.00000000000000e-09	5.00000000000000e-09	3.00000000000000e-09
3.87500000000000e-07	1.07500000000000e-07	1.50000000000000e-09	5.00000000000000e-09	5.00000000000000e-09	3.00000000000000e-09
3.92500000000000e-07	1.07500000000000e-07	1.50000000000000e-09	5.00000000000000e-09	5.00000000000000e-09	3.00000000000000e-09
3.97500000000000e-07	1.07500000000000e-07	1.50000000000000e-09	5.00000000000000e-09	5.00000000000000e-09	3.00000000000000e-09
4.00625000000000e-07	1.05625000000000e-07	1.50000000000000e-09	1.25000000000000e-09	1.25000000000000e-09	3.00000000000000e-09
4.00625000000000e-07	1.06875000000000e-07	1.50000000000000e-09	1.25000000000000e-09	1.25000000000000e-09	3.00000000000000e-09
4.01875000000000e-07	1.05625000000000e-07	1.50000000000000e-09	1.25000000000000e-09	1.25000000000000e-09	3.00000000000000e-09
4.01875000000000e-07	1.06875000000000e-07	1.50000000000000e-09	1.25000000000000e-09	1.25000000000000e-09	3.00000000000000e-09
4.00625000000000e-07	1.08125000000000e-07	1.50000000000000e-09	1.25000000000000e-09	1.25000000000000e-09	3.00000000000000e-09
4.00625000000000e-07	1.09375000000000e-07	1.50000000000000e-09	1.25000000000000e-09	1.25000000000000e-09	3.00000000000000e-09
4.01875000000000e-07	1.08125000000000e-07	1.50000000000000e-09	1.25000000000000e-09	1.25000000000000e-09	3.00000000000000e-09
4.01875000000000e-07	1.09375000000000e-07	1.50000000000000e-09	1.25000000000000e-09	1.25000000000000e-09	3.00000000000000e-09
4.03125000000000e-07	1.05625000000000e-07	1.50000000000000e-09	1.25000000000000e-09	1.25000000000000e-09	3.00000000000000e-09
4.03125000000000e-07	1.06875000000000e-07	1.50000000000000e-09	1.25000000000000e-09	1.25000000000000e-09	3.00000000000000e-09
4.04375000000000e-07	1.05625000000000e-07	1.50000000000000e-09	1.25000000000000e-09	1.25000000000000e-09	3.00000000000000e-09
4.04375000000000e-07	1.06875000000000e-07	1.50000000000000e-09	1.25000000000000e-09	1.25000000000000e-09	3.00000000000000e-09
4.03125000000000e-07	1.08125000000000e-07	1.50000000000000e-09	1.25000000000000e-09	1.25000000000000e-09	3.00000000000000e-09
4.03125000000000e-07	1.09375000000000e-07	1.50000000000000e-09	1.25000000000000e-09	1.25000000000000e-09	3.00000000000000e-09
4.04375000000000e-07	1.08125000000000e-07	1.50000000000000e-09	1.25000000000000e-09	1.25000000000000e-09	3.00000000000000e-09
4.04375000000000e-07	1.09375000000000e-07	1.50000000000000e-09	1.25000000000000e-09	1.25000000000000e-09	3.00000000000000e-09
4.05625000000000e-07	1.05625000000000e-07	1.50000000000000e-09	1.25000000000000e-09	1.25000000000000e-09	3.00000000000000e-09
4.05625000000000e-07	1.06875000000000e-07	1.50000000000000e-09	1.25000000000000e-09	1.25000000000000e-09	3.00000000000000e-09
4.06875000000000e-07	1.05625000000000e-07	1.50000000000000e-09	1.25000000000000e-09	1.25000000000000e-09	3.00000000000000e-09
4.06875000000000e-07	1.06875000000000e-07	1.50000000000000e-09	1.25000000000000e-09	1.25000000000000e-09	3.00000000000000e-09
4.05625000000000e-07	1.08125000000000e-07	1.50000000000000e-09	1.25000000000000e-09	1.25000000000000e-09	3.00000000000000e-09
4.05625000000000e-07	1.09375000000000e-07	1.50000000000000e-09	1.25000000000000e-09	1.25000000000000e-09	3.00000000000000e-09
4.06875000000000e-07	1.08125000000000e-07	1.50000000000000e-09	1.25000000000000e-09	1.25000000000000e-09	3.00000000000000e-09
4.06875000000000e-07	1.09375000000000e-07	1.50000000000000e-09	1.25000000000000e-09	1.25000000000000e-09	3.00000000000000e-09
4.08125000000000e-07	1.05625000000000e-07	1.50000000000000e-09	1.25000000000000e-09	1.25000000000000e-09	3.00000000000000e-09
4.08125000000000e-07	1.06875000000000e-07	1.50000000000000e-09	1.25000000000000e-09	1.25000000000000e-09	3.00000000000000e-09
4.09375000000000e-07	1.05625000000000e-07	1.50000000000000e-09	1.25000000000000e-09	1.25000000000000e-09	3.00000000000000e-09
4.09375000000000e-07	1.06875000000000e-07	1.50000000000000e-09	1.25000000000000e-09	1.25000000000000e-09	3.00000000000000e-09
4.08125000000000e-07	1.08125000000000e-07	1.50000000000000e-09	1.25000000000000e-09	1.25000000000000e-09	3.00000000000000e-09
4.08125000000000e-07	1.09375000000000e-07	1.50000000000000e-09	1.25000000000000e-09	1.25000000000000e-09	3.00000000000000e-09
4.09375000000000e-07	1.08125000000000e-07	1.50000000000000e-09	1.25000000000000e-09	1.25000000000000e-09	3.00000000000000e-09
4.09375000000000e-07	1.09375000000000e-07	1.50000000000000e-09	1.25000000000000e-09	1.25000000000000e-09	3.00000000000000e-09
4.12500000000000e-07	1.07500000000000e-07	1.50000000000000e-09	5.00000000000000e-09	5.00000000000000e-09	3.00000000000000e-09
4.17500000000000e-07	1.07500000000000e-07	1.50000000000000e-09	5.00000000000000e-09	5.00000000000000e-09	3.00000000000000e-09
4.22500000000000e-07	1.07500000000000e-07	1.50000000000000e-09	5.00000000000000e-09	5.00000000000000e-09	3.00000000000000e-09
4.27500000000000e-07	1.07500000000000e-07	1.50000000000000e-09	5.00000000000000e-09	5.00000000000000e-09	3.00000000000000e-09
4.32500000000000e-07	1.07500000000000e-07	1.50000000000000e-09	5.00000000000000e-09	5.00000000000000e-09	3.00000000000000e-09
4.37500000000000e-07	1.07500000000000e-07	1.50000000000000e-09	5.00000000000000e-09	5.00000000000000e-09	3.00000000000000e-09
4.42500000000000e-07	1.07500000000000e-07	1.50000000000000e-09	5.00000000000000e-09	5.00000000000000e-09	3.00000000000000e-09
4.47500000000000e-07	1.07500000000000e-07	1.50000000000000e-09	5.00000000000000e-09	5.00000000000000e-09	3.00000000000000e-09
4.52500000000000e-07	1.07500000000000e-07	1.50000000000000e-09	5.00000000000000e-09	5.00000000000000e-09	3.00000000000000e-09
4.57500000000000e-07	1.07500000000000e-07	1.50000000000000e-09	5.00000000000000e-09	5.00000000000000e-09	3.00000000000000e-09
4.62500000000000e-07	1.07500000000000e-07	1.50000000000000e-09	5.00000000000000e-09	5.00000000000000e-09	3.00000000000000e-09
4.67500000000000e-07	1.07500000000000e-07	1.50000000000000e-09	5.00000000000000e-09	5.00000000000000e-09	3.00000000000000e-09
4.72500000000000e-07	1.07500000000000e-07	1.50000000000000e-09	5.00000000000000e-09	5.00000000000000e-09	3.00000000000000e-09
4.77500000000000e-07	1.07500000000000e-07	1.50000000000000e-09	5.00000000000000e-09	5.00000000000000e-09	3.00000000000000e-09
4.82500000000000e-07	1.07500000000000e-07	1.50000000000000e-09	5.00000000000000e-09	5.00000000000000e-09	3.00000000000000e-09
4.87500000000000e-07	1.07500000000000e-07	1.50000000000000e-09	5.00000000000000e-09	5.00000000000000e-09	3.00000000000000e-09
4.92500000000000e-07	1.07500000000000e-07	1.50000000000000e-09	5.00000000000000e-09	5.00000000000000e-09	3.00000000000000e-09
4.97500000000000e-07	1.07500000000000e-07	1.50000000000000e-09	5.00000000000000e-09	5.00000000000000e-09	3.00000000000000e-09
2.50000000000000e-09	1.12500000000000e-07	1.50000000000000e-09	5.00000000000000e-09	5.00000000000000e-09	3.00000000000000e-09
7.50000000000000e-09	1.12500000000000e-07	1.50000000000000e-09	5.00000000000000e-09	5.00000000000000e-09	3.00000000000000e-09
1.25000000000000e-08	1.12500000000000e-07	1.50000000000000e-09	5.00000000000000e-09	5.00000000000000e-09	3.00000000000000e-09
1.75000000000000e-08	1.12500000000000e-07	1.50000000000000e-09	5.00000000000000e-09	5.00000000000000e-09	3.00000000000000e-09
2.25000000000000e-08	1.12500000000000e-07	1.50000000000000e-09	5.00000000000000e-09	5.00000000000000e-09	3.00000000000000e-09
2.75000000000000e-08	1.12500000000000e-07	1.50000000000000e-09	5.00000000000000e-09	5.00000000000000e-09	3.00000000000000e-09
3.25000000000000e-08	1.12500000000000e-07	1.50000000000000e-09	5.00000000000000e-09	5.00000000000000e-09	3.00000000000000e-09
3.75000000000000e-08	1.12500000000000e-07	1.50000000000000e-09	5.00000000000000e-09	5.00000000000000e-09	3.00000000000000e-09
4.25000000000000e-08	1.12500000000000e-07	1.50000000000000e-09	5.00000000000000e-09	5.00000000000000e-09	3.00000000000000e-09
4.75000000000000e-08	1.12500000000000e-07	1.50000000000000e-09	5.00000000000000e-09	5.00000000000000e-09	3.00000000000000e-09
5.25000000000000e-08	1.12500000000000e-07	1.50000000000000e-09	5.00000000000000e-09	5.00000000000000e-09	3.00000000000000e-09
5.75000000000000e-08	1.12500000000000e-07	1.50000000000000e-09	5.00000000000000e-09	5.00000000000000e-09	3.00000000000000e-09
6.25000000000000e-08	1.12500000000000e-07	1.50000000000000e-09	5.00000000000000e-09	5.00000000000000e-09	3.00000000000000e-09
6.75000000000000e-08	1.12500000000000e-07	1.50000000000000e-09	5.00000000000000e-09	5.00000000000000e-09	3.00000000000000e-09
7.25000000000000e-08	1.12500000000000e-07	1.50000000000000e-09	5.00000000000000e-09	5.00000000000000e-09	3.00000000000000e-09
7.75000000000000e-08	1.12500000000000e-07	1.50000000000000e-09	5.00000000000000e-09	5.00000000000000e-09	3.00000000000000e-09
8.25000000000000e-08	1.12500000000000e-07	1.50000000000000e-09	5.00000000000000e-09	5.00000000000000e-09	3.00000000000000e-09
8.75000000000000e-08	1.12500000000000e-07	1.50000000000000e-09	5.00000000000000e-09	5.00000000000000e-09	3.00000000000000e-09
9.25000000000000e-08	1.12500000000000e-07	1.50000000000000e-09	5.00000000000000e-09	5.00000000000000e-09	3.00000000000000e-09
9.75000000000000e-08	1.12500000000000e-07	1.50000000000000e-09	5.00000000000000e-09	5.00000000000000e-09	3.00000000000000e-09
1.02500000000000e-07	1.12500000000000e-07	1.50000000000000e-09	5.00000000000000e-09	5.00000000000000e-09	3.00000000000000e-09
1.07500000000000e-07	1.12500000000000e-07	1.50000000000000e-09	5.00000000000000e-09	5.00000000000000e-09	3.00000000000000e-09
1.11250000000000e-07	1.11250000000000e-07	1.50000000000000e-09	2.50000000000000e-09	2.50000000000000e-09	3.00000000000000e-09
1.11250000000000e-07	1.13750000000000e-07	1.50000000000000e-09	2.50000000000000e-09	2.50000000000000e-09	3.00000000000000e-09
1.13125000000000e-07	1.10625000000000e-07	1.50000000000000e-09	1.25000000000000e-09	1.25000000000000e-09	3.00000000000000e-09
1.13125000000000e-07	1.11875000000000e-07	1.50000000000000e-09	1.25000000000000e-09	1.25000000000000e-09	3.00000000000000e-09
1.14375000000000e-07	1.10625000000000e-07	1.50000000000000e-09	1.25000000000000e-09	1.25000000000000e-09	3.00000000000000e-09
1.14375000000000e-07	1.11875000000000e-07	1.50000000000000e-09	1.25000000000000e-09	1.25000000000000e-09	3.00000000000000e-09
1.13125000000000e-07	1.13125000000000e-07	1.50000000000000e-09	1.25000000000000e-09	1.25000000000000e-09	3.00000000000000e-09
1.13125000000000e-07	1.14375000000000e-07	1.50000000000000e-09	1.25000000000000e-09	1.25000000000000e-09	3.00000000000000e-09
1.14375000000000e-07	1.13125000000000e-07	1.50000000000000e-09	1.25000000000000e-09	1.25000000000000e-09	3.00000000000000e-09
1.14375000000000e-07	1.14375000000000e-07	1.50000000000000e-09	1.25000000000000e-09	1.25000000000000e-09	3.00000000000000e-09
1.15625000000000e-07	1.10625000000000e-07	1.50000000000000e-09	1.25000000000000e-09	1.25000000000000e-09	3.00000000000000e-09
1.15625000000000e-07	1.11875000000000e-07	1.50000000000000e-09	1.25000000000000e-09	1.25000000000000e-09	3.00000000000000e-09
1.16875000000000e-07	1.10625000000000e-07	1.50000000000000e-09	1.25000000000000e-09	1.25000000000000e-09	3.00000000000000e-09
1.16875000000000e-07	1.11875000000000e-07	1.50000000000000e-09	1.25000000000000e-09	1.25000000000000e-09	3.00000000000000e-09
1.15625000000000e-07	1.13125000000000e-07	1.50000000000000e-09	1.25000000000000e-09	1.25000000000000e-09	3.00000000000000e-09
1.15625000000000e-07	1.14375000000000e-07	1.50000000000000e-09	1.25000000000000e-09	1.25000000000000e-09	3.00000000000000e-09
1.16875000000000e-07	1.13125000000000e-07	1.50000000000000e-09	1.25000000000000e-09	1.25000000000000e-09	3.00000000000000e-09
1.16875000000000e-07	1.14375000000000e-07	1.50000000000000e-09	1.25000000000000e-09	1.25000000000000e-09	3.00000000000000e-09
1.18125000000000e-07	1.10625000000000e-07	1.50000000000000e-09	1.25000000000000e-09	1.25000000000000e-09	3.00000000000000e-09
1.18125000000000e-07	1.11875000000000e-07	1.50000000000000e-09	1.25000000000000e-09	1.25000000000000e-09	3.00000000000000e-09
1.19375000000000e-07	1.10625000000000e-07	1.50000000000000e-09	1.25000000000000e-09	1.25000000000000e-09	3.00000000000000e-09
1.19375000000000e-07	1.11875000000000e-07	1.50000000000000e-09	1.25000000000000e-09	1.25000000000000e-09	3.00000000000000e-09
1.18125000000000e-07	1.13125000000000e-07	1.50000000000000e-09	1.25000000000000e-09	1.25000000000000e-09	3.00000000000000e-09
1.18125000000000e-07	1.14375000000000e-07	1.50000000000000e-09	1.25000000000000e-09	1.25000000000000e-09	3.00000000000000e-09
1.19375000000000e-07	1.13125000000000e-07	1.50000000000000e-09	1.25000000000000e-09	1.25000000000000e-09	3.00000000000000e-09
1.19375000000000e-07	1.14375000000000e-07	1.50000000000000e-09	1.25000000000000e-09	1.25000000000000e-09	3.00000000000000e-09
1.23750000000000e-07	1.11250000000000e-07	1.50000000000000e-09	2.50000000000000e-09	2.50000000000000e-09	3.00000000000000e-09
1.23750000000000e-07	1.13750000000000e-07	1.50000000000000e-09	2.50000000000000e-09	2.50000000000000e-09	3.00000000000000e-09
1.20625000000000e-07	1.10625000000000e-07	1.50000000000000e-09	1.25000000000000e-09	1.25000000000000e-09	3.00000000000000e-09
1.20625000000000e-07	1.11875000000000e-07	1.50000000000000e-09	1.25000000000000e-09	1.25000000000000e-09	3.00000000000000e-09
1.21875000000000e-07	1.10625000000000e-07	1.50000000000000e-09	1.25000000000000e-09	1.25000000000000e-09	3.00000000000000e-09
1.21875000000000e-07	1.11875000000000e-07	1.50000000000000e-09	1.25000000000000e-09	1.25000000000000e-09	3.00000000000000e-09
1.20625000000000e-07	1.13125000000000e-07	1.50000000000000e-09	1.25000000000000e-09	1.25000000000000e-09	3.00000000000000e-09
1.20625000000000e-07	1.14375000000000e-07	1.50000000000000e-09	1.25000000000000e-09	1.25000000000000e-09	3.00000000000000e-09
1.21875000000000e-07	1.13125000000000e-07	1.50000000000000e-09	1.25000000000000e-09	1.25000000000000e-09	3.00000000000000e-09
1.21875000000000e-07	1.14375000000000e-07	1.50000000000000e-09	1.25000000000000e-09	1.25000000000000e-09	3.00000000000000e-09
1.27500000000000e-07	1.12500000000000e-07	1.50000000000000e-09	5.00000000000000e-09	5.00000000000000e-09	3.00000000000000e-09
1.32500000000000e-07	1.12500000000000e-07	1.50000000000000e-09	5.00000000000000e-09	5.00000000000000e-09	3.00000000000000e-09
1.37500000000000e-07	1.12500000000000e-07	1.50000000000000e-09	5.00000000000000e-09	5.00000000000000e-09	3.00000000000000e-09
1.42500000000000e-07	1.12500000000000e-07	1.50000000000000e-09	5.00000000000000e-09	5.00000000000000e-09	3.00000000000000e-09
1.47500000000000e-07	1.12500000000000e-07	1.50000000000000e-09	5.00000000000000e-09	5.00000000000000e-09	3.00000000000000e-09
1.52500000000000e-07	1.12500000000000e-07	1.50000000000000e-09	5.00000000000000e-09	5.00000000000000e-09	3.00000000000000e-09
1.57500000000000e-07	1.12500000000000e-07	1.50000000000000e-09	5.00000000000000e-09	5.00000000000000e-09	3.00000000000000e-09
1.62500000000000e-07	1.12500000000000e-07	1.50000000000000e-09	5.00000000000000e-09	5.00000000000000e-09	3.00000000000000e-09
1.67500000000000e-07	1.12500000000000e-07	1.50000000000000e-09	5.00000000000000e-09	5.00000000000000e-09	3.00000000000000e-09
1.72500000000000e-07	1.12500000000000e-07	1.50000000000000e-09	5.00000000000000e-09	5.00000000000000e-09	3.00000000000000e-09
1.77500000000000e-07	1.12500000000000e-07	1.50000000000000e-09	5.00000000000000e-09	5.00000000000000e-09	3.00000000000000e-09
1.82500000000000e-07	1.12500000000000e-07	1.50000000000000e-09	5.00000000000000e-09	5.00000000000000e-09	3.00000000000000e-09
1.87500000000000e-07	1.12500000000000e-07	1.50000000000000e-09	5.00000000000000e-09	5.00000000000000e-09	3.00000000000000e-09
1.92500000000000e-07	1.12500000000000e-07	1.50000000000000e-09	5.00000000000000e-09	5.00000000000000e-09	3.00000000000000e-09
1.97500000000000e-07	1.12500000000000e-07	1.50000000000000e-09	5.00000000000000e-09	5.00000000000000e-09	3.00000000000000e-09
2.02500000000000e-07	1.12500000000000e-07	1.50000000000000e-09	5.00000000000000e-09	5.00000000000000e-09	3.00000000000000e-09
2.07500000000000e-07	1.12500000000000e-07	1.50000000000000e-09	5.00000000000000e-09	5.00000000000000e-09	3.00000000000000e-09
2.10625000000000e-07	1.10625000000000e-07	1.50000000000000e-09	1.25000000000000e-09	1.25000000000000e-09	3.00000000000000e-09
2.10625000000000e-07	1.11875000000000e-07	1.50000000000000e-09	1.25000000000000e-09	1.25000000000000e-09	3.00000000000000e-09
2.11875000000000e-07	1.10625000000000e-07	1.50000000000000e-09	1.25000000000000e-09	1.25000000000000e-09	3.00000000000000e-09
2.11875000000000e-07	1.11875000000000e-07	1.50000000000000e-09	1.25000000000000e-09	1.25000000000000e-09	3.00000000000000e-09
2.10625000000000e-07	1.13125000000000e-07	1.50000000000000e-09	1.25000000000000e-09	1.25000000000000e-09	3.00000000000000e-09
2.10625000000000e-07	1.14375000000000e-07	1.50000000000000e-09	1.25000000000000e-09	1.25000000000000e-09	3.00000000000000e-09
2.11875000000000e-07	1.13125000000000e-07	1.50000000000000e-09	1.25000000000000e-09	1.25000000000000e-09	3.00000000000000e-09
2.11875000000000e-07	1.14375000000000e-07	1.50000000000000e-09	1.25000000000000e-09	1.25000000000000e-09	3.00000000000000e-09
2.13125000000000e-07	1.10625000000000e-07	1.50000000000000e-09	1.25000000000000e-09	1.25000000000000e-09	3.00000000000000e-09
2.13125000000000e-07	1.11875000000000e-07	1.50000000000000e-09	1.25000000000000e-09	1.25000000000000e-09	3.00000000000000e-09
2.14375000000000e-07	1.10625000000000e-07	1.50000000000000e-09	1.25000000000000e-09	1.25000000000000e-09	3.00000000000000e-09
2.14375000000000e-07	1.11875000000000e-07	1.50000000000000e-09	1.25000000000000e-09	1.25000000000000e-09	3.00000000000000e-09
2.13125000000000e-07	1.13125000000000e-07	1.50000000000000e-09	1.25000000000000e-09	1.25000000000000e-09	3.00000000000000e-09
2.13125000000000e-07	1.14375000000000e-07	1.50000000000000e-09	1.25000000000000e-09	1.25000000000000e-09	3.00000000000000e-09
2.14375000000000e-07	1.13125000000000e-07	1.50000000000000e-09	1.25000000000000e-09	1.25000000000000e-09	3.00000000000000e-09
2.14375000000000e-07	1.14375000000000e-07	1.50000000000000e-09	1.25000000000000e-09	1.25000000000000e-09	3.00000000000000e-09
2.15625000000000e-07	1.10625000000000e-07	1.50000000000000e-09	1.25000000000000e-09	1.25000000000000e-09	3.00000000000000e-09
2.15625000000000e-07	1.11875000000000e-07	1.50000000000000e-09	1.25000000000000e-09	1.25000000000000e-09	3.00000000000000e-09
2.16875000000000e-07	1.10625000000000e-07	1.50000000000000e-09	1.25000000000000e-09	1.25000000000000e-09	3.00000000000000e-09
2.16875000000000e-07	1.11875000000000e-07	1.50000000000000e-09	1.25000000000000e-09	1.25000000000000e-09	3.00000000000000e-09
2.15625000000000e-07	1.13125000000000e-07	1.50000000000000e-09	1.25000000000000e-09	1.25000000000000e-09	3.00000000000000e-09
2.15625000000000e-07	1.14375000000000e-07	1.50000000000000e-09	1.25000000000000e-09	1.25000000000000e-09	3.00000000000000e-09
2.16875000000000e-07	1.13125000000000e-07	1.50000000000000e-09	1.25000000000000e-09	1.25000000000000e-09	3.00000000000000e-09
2.16875000000000e-07	1.14375000000000e-07	1.50000000000000e-09	1.25000000000000e-09	1.25000000000000e-09	3.00000000000000e-09
2.18125000000000e-07	1.10625000000000e-07	1.50000000000000e-09	1.25000000000000e-09	1.25000000000000e-09	3.00000000000000e-09
2.18125000000000e-07	1.11875000000000e-07	1.50000000000000e-09	1.25000000000000e-09	1.25000000000000e-09	3.00000000000000e-09
2.19375000000000e-07	1.10625000000000e-07	1.50000000000000e-09	1.25000000000000e-09	1.25000000000000e-09	3.00000000000000e-09
2.19375000000000e-07	1.11875000000000e-07	1.50000000000000e-09	1.25000000000000e-09	1.25000000000000e-09	3.00000000000000e-09
2.18125000000000e-07	1.13125000000000e-07	1.50000000000000e-09	1.25000000000000e-09	1.25000000000000e-09	3.00000000000000e-09
2.18125000000000e-07	1.14375000000000e-07	1.50000000000000e-09	1.25000000000000e-09	1.25000000000000e-09	3.00000000000000e-09
2.19375000000000e-07	1.13125000000000e-07	1.50000000000000e-09	1.25000000000000e-09	1.25000000000000e-09	3.00000000000000e-09
2.19375000000000e-07	1.14375000000000e-07	1.50000000000000e-09	1.25000000000000e-09	1.25000000000000e-09	3.00000000000000e-09
2.22500000000000e-07	1.12500000000000e-07	1.50000000000000e-09	5.00000000000000e-09	5.00000000000000e-09	3.00000000000000e-09
2.27500000000000e-07	1.12500000000000e-07	1.50000000000000e-09	5.00000000000000e-09	5.00000000000000e-09	3.00000000000000e-09
2.32500000000000e-07	1.12500000000000e-07	1.50000000000000e-09	5.00000000000000e-09	5.00000000000000e-09	3.00000000000000e-09
2.37500000000000e-07	1.12500000000000e-07	1.50000000000000e-09	5.00000000000000e-09	5.00000000000000e-09	3.00000000000000e-09
2.42500000000000e-07	1.12500000000000e-07	1.50000000000000e-09	5.00000000000000e-09	5.00000000000000e-09	3.00000000000000e-09
2.47500000000000e-07	1.12500000000000e-07	1.50000000000000e-09	5.00000000000000e-09	5.00000000000000e-09	3.00000000000000e-09
2.52500000000000e-07	1.12500000000000e-07	1.50000000000000e-09	5.00000000000000e-09	5.00000000000000e-09	3.00000000000000e-09
2.57500000000000e-07	1.12500000000000e-07	1.50000000000000e-09	5.00000000000000e-09	5.00000000000000e-09	3.00000000000000e-09
2.62500000000000e-07	1.12500000000000e-07	1.50000000000000e-09	5.00000000000000e-09	5.00000000000000e-09	3.00000000000000e-09
2.67500000000000e-07	1.12500000000000e-07	1.50000000000000e-09	5.00000000000000e-09	5.00000000000000e-09	3.00000000000000e-09
2.72500000000000e-07	1.12500000000000e-07	1.50000000000000e-09	5.00000000000000e-09	5.00000000000000e-09	3.00000000000000e-09
2.77500000000000e-07	1.12500000000000e-07	1.50000000000000e-09	5.00000000000000e-09	5.00000000000000e-09	3.00000000000000e-09
2.82500000000000e-07	1.12500000000000e-07	1.50000000000000e-09	5.00000000000000e-09	5.00000000000000e-09	3.00000000000000e-09
2.87500000000000e-07	1.12500000000000e-07	1.50000000000000e-09	5.00000000000000e-09	5.00000000000000e-09	3.00000000000000e-09
2.92500000000000e-07	1.12500000000000e-07	1.50000000000000e-09	5.00000000000000e-09	5.00000000000000e-09	3.00000000000000e-09
2.96250000000000e-07	1.11250000000000e-07	1.50000000000000e-09	2.50000000000000e-09	2.50000000000000e-09	3.00000000000000e-09
2.95625000000000e-07	1.13125000000000e-07	1.50000000000000e-09	1.25000000000000e-09	1.25000000000000e-09	3.00000000000000e-09
2.95625000000000e-07	1.14375000000000e-07	1.50000000000000e-09	1.25000000000000e-09	1.25000000000000e-09	3.00000000000000e-09
2.96875000000000e-07	1.13125000000000e-07	1.50000000000000e-09	1.25000000000000e-09	1.25000000000000e-09	3.00000000000000e-09
2.96875000000000e-07	1.14375000000000e-07	1.50000000000000e-09	1.25000000000000e-09	1.25000000000000e-09	3.00000000000000e-09
2.98125000000000e-07	1.10625000000000e-07	1.50000000000000e-09	1.25000000000000e-09	1.25000000000000e-09	3.00000000000000e-09
2.98125000000000e-07	1.11875000000000e-07	1.50000000000000e-09	1.25000000000000e-09	1.25000000000000e-09	3.00000000000000e-09
2.99375000000000e-07	1.10625000000000e-07	1.50000000000000e-09	1.25000000000000e-09	1.25000000000000e-09	3.00000000000000e-09
2.99375000000000e-07	1.11875000000000e-07	1.50000000000000e-09	1.25000000000000e-09	1.25000000000000e-09	3.00000000000000e-09
2.98125000000000e-07	1.13125000000000e-07	1.50000000000000e-09	1.25000000000000e-09	1.25000000000000e-09	3.00000000000000e-09
2.98125000000000e-07	1.14375000000000e-07	1.50000000000000e-09	1.25000000000000e-09	1.25000000000000e-09	3.00000000000000e-09
2.99375000000000e-07	1.13125000000000e-07	1.50000000000000e-09	1.25000000000000e-09	1.25000000000000e-09	3.00000000000000e-09
2.99375000000000e-07	1.14375000000000e-07	1.50000000000000e-09	1.25000000000000e-09	1.25000000000000e-09	3.00000000000000e-09
3.00625000000000e-07	1.10625000000000e-07	1.50000000000000e-09	1.25000000000000e-09	1.25000000000000e-09	3.00000000000000e-09
3.00625000000000e-07	1.11875000000000e-07	1.50000000000000e-09	1.25000000000000e-09	1.25000000000000e-09	3.00000000000000e-09
3.01875000000000e-07	1.10625000000000e-07	1.50000000000000e-09	1.25000000000000e-09	1.25000000000000e-09	3.00000000000000e-09
3.01875000000000e-07	1.11875000000000e-07	1.50000000000000e-09	1.25000000000000e-09	1.25000000000000e-09	3.00000000000000e-09
3.00625000000000e-07	1.13125000000000e-07	1.50000000000000e-09	1.25000000000000e-09	1.25000000000000e-09	3.00000000000000e-09
3.00625000000000e-07	1.14375000000000e-07	1.50000000000000e-09	1.25000000000000e-09	1.25000000000000e-09	3.00000000000000e-09
3.01875000000000e-07	1.13125000000000e-07	1.50000000000000e-09	1.25000000000000e-09	1.25000000000000e-09	3.00000000000000e-09
3.01875000000000e-07	1.14375000000000e-07	1.50000000000000e-09	1.25000000000000e-09	1.25000000000000e-09	3.00000000000000e-09
3.03125000000000e-07	1.10625000000000e-07	1.50000000000000e-09	1.25000000000000e-09	1.25000000000000e-09	3.00000000000000e-09
3.03125000000000e-07	1.11875000000000e-07	1.50000000000000e-09	1.25000000000000e-09	1.25000000000000e-09	3.00000000000000e-09
3.04375000000000e-07	1.10625000000000e-07	1.50000000000000e-09	1.25000000000000e-09	1.25000000000000e-09	3.00000000000000e-09
3.04375000000000e-07	1.11875000000000e-07	1.50000000000000e-09	1.25000000000000e-09	1.25000000000000e-09	3.00000000000000e-09
3.03125000000000e-07	1.13125000000000e-07	1.50000000000000e-09	1.25000000000000e-09	1.25000000000000e-09	3.00000000000000e-09
3.03125000000000e-07	1.14375000000000e-07	1.50000000000000e-09	1.25000000000000e-09	1.25000000000000e-09	3.00000000000000e-09
3.04375000000000e-07	1.13125000000000e-07	1.50000000000000e-09	1.25000000000000e-09	1.25000000000000e-09	3.00000000000000e-09
3.04375000000000e-07	1.14375000000000e-07	1.50000000000000e-09	1.25000000000000e-09	1.25000000000000e-09	3.00000000000000e-09
3.08750000000000e-07	1.11250000000000e-07	1.50000000000000e-09	2.50000000000000e-09	2.50000000000000e-09	3.00000000000000e-09
3.08750000000000e-07	1.13750000000000e-07	1.50000000000000e-09	2.50000000000000e-09	2.50000000000000e-09	3.00000000000000e-09
3.05625000000000e-07	1.10625000000000e-07	1.50000000000000e-09	1.25000000000000e-09	1.25000000000000e-09	3.00000000000000e-09
3.05625000000000e-07	1.11875000000000e-07	1.50000000000000e-09	1.25000000000000e-09	1.25000000000000e-09	3.00000000000000e-09
3.06875000000000e-07	1.10625000000000e-07	1.50000000000000e-09	1.25000000000000e-09	1.25000000000000e-09	3.00000000000000e-09
3.06875000000000e-07	1.11875000000000e-07	1.50000000000000e-09	1.25000000000000e-09	1.25000000000000e-09	3.00000000000000e-09
3.05625000000000e-07	1.13125000000000e-07	1.50000000000000e-09	1.25000000000000e-09	1.25000000000000e-09	3.00000000000000e-09
3.05625000000000e-07	1.14375000000000e-07	1.50000000000000e-09	1.25000000000000e-09	1.25000000000000e-09	3.00000000000000e-09
3.06875000000000e-07	1.13125000000000e-07	1.50000000000000e-09	1.25000000000000e-09	1.25000000000000e-09	3.00000000000000e-09
3.06875000000000e-07	1.14375000000000e-07	1.50000000000000e-09	1.25000000000000e-09	1.25000000000000e-09	3.00000000000000e-09
3.12500000000000e-07	1.12500000000000e-07	1.50000000000000e-09	5.00000000000000e-09	5.00000000000000e-09	3.00000000000000e-09
3.17500000000000e-07	1.12500000000000e-07	1.50000000000000e-09	5.00000000000000e-09	5.00000000000000e-09	3.00000000000000e-09
3.22500000000000e-07	1.12500000000000e-07	1.50000000000000e-09	5.00000000000000e-09	5.00000000000000e-09	3.00000000000000e-09
3.27500000000000e-07	1.12500000000000e-07	1.50000000000000e-09	5.00000000000000e-09	5.00000000000000e-09	3.00000000000000e-09
3.32500000000000e-07	1.12500000000000e-07	1.50000000000000e-09	5.00000000000000e-09	5.00000000000000e-09	3.00000000000000e-09
3.37500000000000e-07	1.12500000000000e-07	1.50000000000000e-09	5.00000000000000e-09	5.00000000000000e-09	3.00000000000000e-09
3.42500000000000e-07	1.12500000000000e-07	1.50000000000000e-09	5.00000000000000e-09	5.00000000000000e-09	3.00000000000000e-09
3.47500000000000e-07	1.12500000000000e-07	1.50000000000000e-09	5.00000000000000e-09	5.00000000000000e-09	3.00000000000000e-09
3.52500000000000e-07	1.12500000000000e-07	1.50000000000000e-09	5.00000000000000e-09	5.00000000000000e-09	3.00000000000000e-09
3.57500000000000e-07	1.12500000000000e-07	1.50000000000000e-09	5.00000000000000e-09	5.00000000000000e-09	3.00000000000000e-09
3.62500000000000e-07	1.12500000000000e-07	1.50000000000000e-09	5.00000000000000e-09	5.00000000000000e-09	3.00000000000000e-09
3.67500000000000e-07	1.12500000000000e-07	1.50000000000000e-09	5.00000000000000e-09	5.00000000000000e-09	3.00000000000000e-09
3.72500000000000e-07	1.12500000000000e-07	1.50000000000000e-09	5.00000000000000e-09	5.00000000000000e-09	3.00000000000000e-09
3.77500000000000e-07	1.12500000000000e-07	1.50000000000000e-09	5.00000000000000e-09	5.00000000000000e-09	3.00000000000000e-09
3.82500000000000e-07	1.12500000000000e-07	1.50000000000000e-09	5.00000000000000e-09	5.00000000000000e-09	3.00000000000000e-09
3.87500000000000e-07	1.12500000000000e-07	1.50000000000000e-09	5.00000000000000e-09	5.00000000000000e-09	3.00000000000000e-09
3.92500000000000e-07	1.12500000000000e-07	1.50000000000000e-09	5.00000000000000e-09	5.00000000000000e-09	3.00000000000000e-09
3.97500000000000e-07	1.12500000000000e-07	1.50000000000000e-09	5.00000000000000e-09	5.00000000000000e-09	3.00000000000000e-09
4.00625000000000e-07	1.10625000000000e-07	1.50000000000000e-09	1.25000000000000e-09	1.25000000000000e-09	3.00000000000000e-09
4.00625000000000e-07	1.11875000000000e-07	1.50000000000000e-09	1.25000000000000e-09	1.25000000000000e-09	3.00000000000000e-09
4.01875000000000e-07	1.10625000000000e-07	1.50000000000000e-09	1.25000000000000e-09	1.25000000000000e-09	3.00000000000000e-09
4.01875000000000e-07	1.11875000000000e-07	1.50000000000000e-09	1.25000000000000e-09	1.25000000000000e-09	3.00000000000000e-09
4.00625000000000e-07	1.13125000000000e-07	1.50000000000000e-09	1.25000000000000e-09	1.25000000000000e-09	3.00000000000000e-09
4.00625000000000e-07	1.14375000000000e-07	1.50000000000000e-09	1.25000000000000e-09	1.25000000000000e-09	3.00000000000000e-09
4.01875000000000e-07	1.13125000000000e-07	1.50000000000000e-09	1.25000000000000e-09	1.25000000000000e-09	3.00000000000000e-09
4.01875000000000e-07	1.14375000000000e-07	1.50000000000000e-09	1.25000000000000e-09	1.25000000000000e-09	3.00000000000000e-09
4.03125000000000e-07	1.10625000000000e-07	1.50000000000000e-09	1.25000000000000e-09	1.25000000000000e-09	3.00000000000000e-09
4.03125000000000e-07	1.11875000000000e-07	1.50000000000000e-09	1.25000000000000e-09	1.25000000000000e-09	3.00000000000000e-09
4.04375000000000e-07	1.10625000000000e-07	1.50000000000000e-09	1.25000000000000e-09	1.25000000000000e-09	3.00000000000000e-09
4.04375000000000e-07	1.11875000000000e-07	1.50000000000000e-09	1.25000000000000e-09	1.25000000000000e-09	3.00000000000000e-09
4.03125000000000e-07	1.13125000000000e-07	1.50000000000000e-09	1.25000000000000e-09	1.25000000000000e-09	3.00000000000000e-09
4.03125000000000e-07	1.14375000000000e-07	1.50000000000000e-09	1.25000000000000e-09	1.25000000000000e-09	3.00000000000000e-09
4.04375000000000e-07	1.13125000000000e-07	1.50000000000000e-09	1.25000000000000e-09	1.25000000000000e-09	3.00000000000000e-09
4.04375000000000e-07	1.14375000000000e-07	1.50000000000000e-09	1.25000000000000e-09	1.25000000000000e-09	3.00000000000000e-09
4.05625000000000e-07	1.10625000000000e-07	1.50000000000000e-09	1.25000000000000e-09	1.25000000000000e-09	3.00000000000000e-09
4.05625000000000e-07	1.11875000000000e-07	1.50000000000000e-09	1.25000000000000e-09	1.25000000000000e-09	3.00000000000000e-09
4.06875000000000e-07	1.10625000000000e-07	1.50000000000000e-09	1.25000000000000e-09	1.25000000000000e-09	3.00000000000000e-09
4.06875000000000e-07	1.11875000000000e-07	1.50000000000000e-09	1.25000000000000e-09	1.25000000000000e-09	3.00000000000000e-09
4.05625000000000e-07	1.13125000000000e-07	1.50000000000000e-09	1.25000000000000e-09	1.25000000000000e-09	3.00000000000000e-09
4.05625000000000e-07	1.14375000000000e-07	1.50000000000000e-09	1.25000000000000e-09	1.25000000000000e-09	3.00000000000000e-09
4.06875000000000e-07	1.13125000000000e-07	1.50000000000000e-09	1.25000000000000e-09	1.25000000000000e-09	3.00000000000000e-09
4.06875000000000e-07	1.14375000000000e-07	1.50000000000000e-09	1.25000000000000e-09	1.25000000000000e-09	3.00000000000000e-09
4.08125000000000e-07	1.10625000000000e-07	1.50000000000000e-09	1.25000000000000e-09	1.25000000000000e-09	3.00000000000000e-09
4.08125000000000e-07	1.11875000000000e-07	1.50000000000000e-09	1.25000000000000e-09	1.25000000000000e-09	3.00000000000000e-09
4.09375000000000e-07	1.10625000000000e-07	1.50000000000000e-09	1.25000000000000e-09	1.25000000000000e-09	3.00000000000000e-09
4.09375000000000e-07	1.11875000000000e-07	1.50000000000000e-09	1.25000000000000e-09	1.25000000000000e-09	3.00000000000000e-09
4.08125000000000e-07	1.13125000000000e-07	1.50000000000000e-09	1.25000000000000e-09	1.25000000000000e-09	3.00000000000000e-09
4.08125000000000e-07	1.14375000000000e-07	1.50000000000000e-09	1.25000000000000e-09	1.25000000000000e-09	3.00000000000000e-09
4.09375000000000e-07	1.13125000000000e-07	1.50000000000000e-09	1.25000000000000e-09	1.25000000000000e-09	3.00000000000000e-09
4.09375000000000e-07	1.14375000000000e-07	1.50000000000000e-09	1.25000000000000e-09	1.25000000000000e-09	3.00000000000000e-09
4.12500000000000e-07	1.12500000000000e-07	1.50000000000000e-09	5.00000000000000e-09	5.00000000000000e-09	3.00000000000000e-09
4.17500000000000e-07	1.12500000000000e-07	1.50000000000000e-09	5.00000000000000e-09	5.00000000000000e-09	3.00000000000000e-09
4.22500000000000e-07	1.12500000000000e-07	1.50000000000000e-09	5.00000000000000e-09	5.00000000000000e-09	3.00000000000000e-09
4.27500000000000e-07	1.12500000000000e-07	1.50000000000000e-09	5.00000000000000e-09	5.00000000000000e-09	3.00000000000000e-09
4.32500000000000e-07	1.12500000000000e-07	1.50000000000000e-09	5.00000000000000e-09	5.00000000000000e-09	3.00000000000000e-09
4.37500000000000e-07	1.12500000000000e-07	1.50000000000000e-09	5.00000000000000e-09	5.00000000000000e-09	3.00000000000000e-09
4.42500000000000e-07	1.12500000000000e-07	1.50000000000000e-09	5.00000000000000e-09	5.00000000000000e-09	3.00000000000000e-09
4.47500000000000e-07	1.12500000000000e-07	1.50000000000000e-09	5.00000000000000e-09	5.00000000000000e-09	3.00000000000000e-09
4.52500000000000e-07	1.12500000000000e-07	1.50000000000000e-09	5.00000000000000e-09	5.00000000000000e-09	3.00000000000000e-09
4.57500000000000e-07	1.12500000000000e-07	1.50000000000000e-09	5.00000000000000e-09	5.00000000000000e-09	3.00000000000000e-09
4.62500000000000e-07	1.12500000000000e-07	1.50000000000000e-09	5.00000000000000e-09	5.00000000000000e-09	3.00000000000000e-09
4.67500000000000e-07	1.12500000000000e-07	1.50000000000000e-09	5.00000000000000e-09	5.00000000000000e-09	3.00000000000000e-09
4.72500000000000e-07	1.12500000000000e-07	1.50000000000000e-09	5.00000000000000e-09	5.00000000000000e-09	3.00000000000000e-09
4.77500000000000e-07	1.12500000000000e-07	1.50000000000000e-09	5.00000000000000e-09	5.00000000000000e-09	3.00000000000000e-09
4.82500000000000e-07	1.12500000000000e-07	1.50000000000000e-09	5.00000000000000e-09	5.00000000000000e-09	3.00000000000000e-09
4.87500000000000e-07	1.12500000000000e-07	1.50000000000000e-09	5.00000000000000e-09	5.00000000000000e-09	3.00000000000000e-09
4.92500000000000e-07	1.12500000000000e-07	1.50000000000000e-09	5.00000000000000e-09	5.00000000000000e-09	3.00000000000000e-09
4.97500000000000e-07	1.12500000000000e-07	1.50000000000000e-09	5.00000000000000e-09	5.00000000000000e-09	3.00000000000000e-09
2.50000000000000e-09	1.17500000000000e-07	1.50000000000000e-09	5.00000000000000e-09	5.00000000000000e-09	3.00000000000000e-09
7.50000000000000e-09	1.17500000000000e-07	1.50000000000000e-09	5.00000000000000e-09	5.00000000000000e-09	3.00000000000000e-09
1.25000000000000e-08	1.17500000000000e-07	1.50000000000000e-09	5.00000000000000e-09	5.00000000000000e-09	3.00000000000000e-09
1.75000000000000e-08	1.17500000000000e-07	1.50000000000000e-09	5.00000000000000e-09	5.00000000000000e-09	3.00000000000000e-09
2.25000000000000e-08	1.17500000000000e-07	1.50000000000000e-09	5.00000000000000e-09	5.00000000000000e-09	3.00000000000000e-09
2.75000000000000e-08	1.17500000000000e-07	1.50000000000000e-09	5.00000000000000e-09	5.00000000000000e-09	3.00000000000000e-09
3.25000000000000e-08	1.17500000000000e-07	1.50000000000000e-09	5.00000000000000e-09	5.00000000000000e-09	3.00000000000000e-09
3.75000000000000e-08	1.17500000000000e-07	1.50000000000000e-09	5.00000000000000e-09	5.00000000000000e-09	3.00000000000000e-09
4.25000000000000e-08	1.17500000000000e-07	1.50000000000000e-09	5.00000000000000e-09	5.00000000000000e-09	3.00000000000000e-09
4.75000000000000e-08	1.17500000000000e-07	1.50000000000000e-09	5.00000000000000e-09	5.00000000000000e-09	3.00000000000000e-09
5.25000000000000e-08	1.17500000000000e-07	1.50000000000000e-09	5.00000000000000e-09	5.00000000000000e-09	3.00000000000000e-09
5.75000000000000e-08	1.17500000000000e-07	1.50000000000000e-09	5.00000000000000e-09	5.00000000000000e-09	3.00000000000000e-09
6.25000000000000e-08	1.17500000000000e-07	1.50000000000000e-09	5.00000000000000e-09	5.00000000000000e-09	3.00000000000000e-09
6.75000000000000e-08	1.17500000000000e-07	1.50000000000000e-09	5.00000000000000e-09	5.00000000000000e-09	3.00000000000000e-09
7.25000000000000e-08	1.17500000000000e-07	1.50000000000000e-09	5.00000000000000e-09	5.00000000000000e-09	3.00000000000000e-09
7.75000000000000e-08	1.17500000000000e-07	1.50000000000000e-09	5.00000000000000e-09	5.00000000000000e-09	3.00000000000000e-09
8.25000000000000e-08	1.17500000000000e-07	1.50000000000000e-09	5.00000000000000e-09	5.00000000000000e-09	3.00000000000000e-09
8.75000000000000e-08	1.17500000000000e-07	1.50000000000000e-09	5.00000000000000e-09	5.00000000000000e-09	3.00000000000000e-09
9.25000000000000e-08	1.17500000000000e-07	1.50000000000000e-09	5.00000000000000e-09	5.00000000000000e-09	3.00000000000000e-09
9.75000000000000e-08	1.17500000000000e-07	1.50000000000000e-09	5.00000000000000e-09	5.00000000000000e-09	3.00000000000000e-09
1.02500000000000e-07	1.17500000000000e-07	1.50000000000000e-09	5.00000000000000e-09	5.00000000000000e-09	3.00000000000000e-09
1.07500000000000e-07	1.17500000000000e-07	1.50000000000000e-09	5.00000000000000e-09	5.00000000000000e-09	3.00000000000000e-09
1.11250000000000e-07	1.16250000000000e-07	1.50000000000000e-09	2.50000000000000e-09	2.50000000000000e-09	3.00000000000000e-09
1.11250000000000e-07	1.18750000000000e-07	1.50000000000000e-09	2.50000000000000e-09	2.50000000000000e-09	3.00000000000000e-09
1.13125000000000e-07	1.15625000000000e-07	1.50000000000000e-09	1.25000000000000e-09	1.25000000000000e-09	3.00000000000000e-09
1.13125000000000e-07	1.16875000000000e-07	1.50000000000000e-09	1.25000000000000e-09	1.25000000000000e-09	3.00000000000000e-09
1.14375000000000e-07	1.15625000000000e-07	1.50000000000000e-09	1.25000000000000e-09	1.25000000000000e-09	3.00000000000000e-09
1.14375000000000e-07	1.16875000000000e-07	1.50000000000000e-09	1.25000000000000e-09	1.25000000000000e-09	3.00000000000000e-09
1.13125000000000e-07	1.18125000000000e-07	1.50000000000000e-09	1.25000000000000e-09	1.25000000000000e-09	3.00000000000000e-09
1.13125000000000e-07	1.19375000000000e-07	1.50000000000000e-09	1.25000000000000e-09	1.25000000000000e-09	3.00000000000000e-09
1.14375000000000e-07	1.18125000000000e-07	1.50000000000000e-09	1.25000000000000e-09	1.25000000000000e-09	3.00000000000000e-09
1.14375000000000e-07	1.19375000000000e-07	1.50000000000000e-09	1.25000000000000e-09	1.25000000000000e-09	3.00000000000000e-09
1.15625000000000e-07	1.15625000000000e-07	1.50000000000000e-09	1.25000000000000e-09	1.25000000000000e-09	3.00000000000000e-09
1.15625000000000e-07	1.16875000000000e-07	1.50000000000000e-09	1.25000000000000e-09	1.25000000000000e-09	3.00000000000000e-09
1.16875000000000e-07	1.15625000000000e-07	1.50000000000000e-09	1.25000000000000e-09	1.25000000000000e-09	3.00000000000000e-09
1.16875000000000e-07	1.16875000000000e-07	1.50000000000000e-09	1.25000000000000e-09	1.25000000000000e-09	3.00000000000000e-09
1.15625000000000e-07	1.18125000000000e-07	1.50000000000000e-09	1.25000000000000e-09	1.25000000000000e-09	3.00000000000000e-09
1.15625000000000e-07	1.19375000000000e-07	1.50000000000000e-09	1.25000000000000e-09	1.25000000000000e-09	3.00000000000000e-09
1.16875000000000e-07	1.18125000000000e-07	1.50000000000000e-09	1.25000000000000e-09	1.25000000000000e-09	3.00000000000000e-09
1.16875000000000e-07	1.19375000000000e-07	1.50000000000000e-09	1.25000000000000e-09	1.25000000000000e-09	3.00000000000000e-09
1.18125000000000e-07	1.15625000000000e-07	1.50000000000000e-09	1.25000000000000e-09	1.25000000000000e-09	3.00000000000000e-09
1.18125000000000e-07	1.16875000000000e-07	1.50000000000000e-09	1.25000000000000e-09	1.25000000000000e-09	3.00000000000000e-09
1.19375000000000e-07	1.15625000000000e-07	1.50000000000000e-09	1.25000000000000e-09	1.25000000000000e-09	3.00000000000000e-09
1.19375000000000e-07	1.16875000000000e-07	1.50000000000000e-09	1.25000000000000e-09	1.25000000000000e-09	3.00000000000000e-09
1.18125000000000e-07	1.18125000000000e-07	1.50000000000000e-09	1.25000000000000e-09	1.25000000000000e-09	3.00000000000000e-09
1.18125000000000e-07	1.19375000000000e-07	1.50000000000000e-09	1.25000000000000e-09	1.25000000000000e-09	3.00000000000000e-09
1.19375000000000e-07	1.18125000000000e-07	1.50000000000000e-09	1.25000000000000e-09	1.25000000000000e-09	3.00000000000000e-09
1.19375000000000e-07	1.19375000000000e-07	1.50000000000000e-09	1.25000000000000e-09	1.25000000000000e-09	3.00000000000000e-09
1.23750000000000e-07	1.16250000000000e-07	1.50000000000000e-09	2.50000000000000e-09	2.50000000000000e-09	3.00000000000000e-09
1.23750000000000e-07	1.18750000000000e-07	1.50000000000000e-09	2.50000000000000e-09	2.50000000000000e-09	3.00000000000000e-09
1.20625000000000e-07	1.15625000000000e-07	1.50000000000000e-09	1.25000000000000e-09	1.25000000000000e-09	3.00000000000000e-09
1.20625000000000e-07	1.16875000000000e-07	1.50000000000000e-09	1.25000000000000e-09	1.25000000000000e-09	3.00000000000000e-09
1.21875000000000e-07	1.15625000000000e-07	1.50000000000000e-09	1.25000000000000e-09	1.25000000000000e-09	3.00000000000000e-09
1.21875000000000e-07	1.16875000000000e-07	1.50000000000000e-09	1.25000000000000e-09	1.25000000000000e-09	3.00000000000000e-09
1.20625000000000e-07	1.18125000000000e-07	1.50000000000000e-09	1.25000000000000e-09	1.25000000000000e-09	3.00000000000000e-09
1.20625000000000e-07	1.19375000000000e-07	1.50000000000000e-09	1.25000000000000e-09	1.25000000000000e-09	3.00000000000000e-09
1.21875000000000e-07	1.18125000000000e-07	1.50000000000000e-09	1.25000000000000e-09	1.25000000000000e-09	3.00000000000000e-09
1.21875000000000e-07	1.19375000000000e-07	1.50000000000000e-09	1.25000000000000e-09	1.25000000000000e-09	3.00000000000000e-09
1.27500000000000e-07	1.17500000000000e-07	1.50000000000000e-09	5.00000000000000e-09	5.00000000000000e-09	3.00000000000000e-09
1.32500000000000e-07	1.17500000000000e-07	1.50000000000000e-09	5.00000000000000e-09	5.00000000000000e-09	3.00000000000000e-09
1.37500000000000e-07	1.17500000000000e-07	1.50000000000000e-09	5.00000000000000e-09	5.00000000000000e-09	3.00000000000000e-09
1.42500000000000e-07	1.17500000000000e-07	1.50000000000000e-09	5.00000000000000e-09	5.00000000000000e-09	3.00000000000000e-09
1.47500000000000e-07	1.17500000000000e-07	1.50000000000000e-09	5.00000000000000e-09	5.00000000000000e-09	3.00000000000000e-09
1.52500000000000e-07	1.17500000000000e-07	1.50000000000000e-09	5.00000000000000e-09	5.00000000000000e-09	3.00000000000000e-09
1.57500000000000e-07	1.17500000000000e-07	1.50000000000000e-09	5.00000000000000e-09	5.00000000000000e-09	3.00000000000000e-09
1.62500000000000e-07	1.17500000000000e-07	1.50000000000000e-09	5.00000000000000e-09	5.00000000000000e-09	3.00000000000000e-09
1.67500000000000e-07	1.17500000000000e-07	1.50000000000000e-09	5.00000000000000e-09	5.00000000000000e-09	3.00000000000000e-09
1.72500000000000e-07	1.17500000000000e-07	1.50000000000000e-09	5.00000000000000e-09	5.00000000000000e-09	3.00000000000000e-09
1.77500000000000e-07	1.17500000000000e-07	1.50000000000000e-09	5.00000000000000e-09	5.00000000000000e-09	3.00000000000000e-09
1.82500000000000e-07	1.17500000000000e-07	1.50000000000000e-09	5.00000000000000e-09	5.00000000000000e-09	3.00000000000000e-09
1.87500000000000e-07	1.17500000000000e-07	1.50000000000000e-09	5.00000000000000e-09	5.00000000000000e-09	3.00000000000000e-09
1.92500000000000e-07	1.17500000000000e-07	1.50000000000000e-09	5.00000000000000e-09	5.00000000000000e-09	3.00000000000000e-09
1.97500000000000e-07	1.17500000000000e-07	1.50000000000000e-09	5.00000000000000e-09	5.00000000000000e-09	3.00000000000000e-09
2.02500000000000e-07	1.17500000000000e-07	1.50000000000000e-09	5.00000000000000e-09	5.00000000000000e-09	3.00000000000000e-09
2.06250000000000e-07	1.16250000000000e-07	1.50000000000000e-09	2.50000000000000e-09	2.50000000000000e-09	3.00000000000000e-09
2.06250000000000e-07	1.18750000000000e-07	1.50000000000000e-09	2.50000000000000e-09	2.50000000000000e-09	3.00000000000000e-09
2.08750000000000e-07	1.16250000000000e-07	1.50000000000000e-09	2.50000000000000e-09	2.50000000000000e-09	3.00000000000000e-09
2.08125000000000e-07	1.18125000000000e-07	1.50000000000000e-09	1.25000000000000e-09	1.25000000000000e-09	3.00000000000000e-09
2.08125000000000e-07	1.19375000000000e-07	1.50000000000000e-09	1.25000000000000e-09	1.25000000000000e-09	3.00000000000000e-09
2.09375000000000e-07	1.18125000000000e-07	1.50000000000000e-09	1.25000000000000e-09	1.25000000000000e-09	3.00000000000000e-09
2.09375000000000e-07	1.19375000000000e-07	1.50000000000000e-09	1.25000000000000e-09	1.25000000000000e-09	3.00000000000000e-09
2.10625000000000e-07	1.15625000000000e-07	1.50000000000000e-09	1.25000000000000e-09	1.25000000000000e-09	3.00000000000000e-09
2.10625000000000e-07	1.16875000000000e-07	1.50000000000000e-09	1.25000000000000e-09	1.25000000000000e-09	3.00000000000000e-09
2.11875000000000e-07	1.15625000000000e-07	1.50000000000000e-09	1.25000000000000e-09	1.25000000000000e-09	3.00000000000000e-09
2.11875000000000e-07	1.16875000000000e-07	1.50000000000000e-09	1.25000000000000e-09	1.25000000000000e-09	3.00000000000000e-09
2.10625000000000e-07	1.18125000000000e-07	1.50000000000000e-09	1.25000000000000e-09	1.25000000000000e-09	3.00000000000000e-09
2.10625000000000e-07	1.19375000000000e-07	1.50000000000000e-09	1.25000000000000e-09	1.25000000000000e-09	3.00000000000000e-09
2.11875000000000e-07	1.18125000000000e-07	1.50000000000000e-09	1.25000000000000e-09	1.25000000000000e-09	3.00000000000000e-09
2.11875000000000e-07	1.19375000000000e-07	1.50000000000000e-09	1.25000000000000e-09	1.25000000000000e-09	3.00000000000000e-09
2.13125000000000e-07	1.15625000000000e-07	1.50000000000000e-09	1.25000000000000e-09	1.25000000000000e-09	3.00000000000000e-09
2.13125000000000e-07	1.16875000000000e-07	1.50000000000000e-09	1.25000000000000e-09	1.25000000000000e-09	3.00000000000000e-09
2.14375000000000e-07	1.15625000000000e-07	1.50000000000000e-09	1.25000000000000e-09	1.25000000000000e-09	3.00000000000000e-09
2.14375000000000e-07	1.16875000000000e-07	1.50000000000000e-09	1.25000000000000e-09	1.25000000000000e-09	3.00000000000000e-09
2.13125000000000e-07	1.18125000000000e-07	1.50000000000000e-09	1.25000000000000e-09	1.25000000000000e-09	3.00000000000000e-09
2.13125000000000e-07	1.19375000000000e-07	1.50000000000000e-09	1.25000000000000e-09	1.25000000000000e-09	3.00000000000000e-09
2.14375000000000e-07	1.18125000000000e-07	1.50000000000000e-09	1.25000000000000e-09	1.25000000000000e-09	3.00000000000000e-09
2.14375000000000e-07	1.19375000000000e-07	1.50000000000000e-09	1.25000000000000e-09	1.25000000000000e-09	3.00000000000000e-09
2.15625000000000e-07	1.15625000000000e-07	1.50000000000000e-09	1.25000000000000e-09	1.25000000000000e-09	3.00000000000000e-09
2.15625000000000e-07	1.16875000000000e-07	1.50000000000000e-09	1.25000000000000e-09	1.25000000000000e-09	3.00000000000000e-09
2.16875000000000e-07	1.15625000000000e-07	1.50000000000000e-09	1.25000000000000e-09	1.25000000000000e-09	3.00000000000000e-09
2.16875000000000e-07	1.16875000000000e-07	1.50000000000000e-09	1.25000000000000e-09	1.25000000000000e-09	3.00000000000000e-09
2.15625000000000e-07	1.18125000000000e-07	1.50000000000000e-09	1.25000000000000e-09	1.25000000000000e-09	3.00000000000000e-09
2.15625000000000e-07	1.19375000000000e-07	1.50000000000000e-09	1.25000000000000e-09	1.25000000000000e-09	3.00000000000000e-09
2.16875000000000e-07	1.18125000000000e-07	1.50000000000000e-09	1.25000000000000e-09	1.25000000000000e-09	3.00000000000000e-09
2.16875000000000e-07	1.19375000000000e-07	1.50000000000000e-09	1.25000000000000e-09	1.25000000000000e-09	3.00000000000000e-09
2.18125000000000e-07	1.15625000000000e-07	1.50000000000000e-09	1.25000000000000e-09	1.25000000000000e-09	3.00000000000000e-09
2.18125000000000e-07	1.16875000000000e-07	1.50000000000000e-09	1.25000000000000e-09	1.25000000000000e-09	3.00000000000000e-09
2.19375000000000e-07	1.15625000000000e-07	1.50000000000000e-09	1.25000000000000e-09	1.25000000000000e-09	3.00000000000000e-09
2.19375000000000e-07	1.16875000000000e-07	1.50000000000000e-09	1.25000000000000e-09	1.25000000000000e-09	3.00000000000000e-09
2.18125000000000e-07	1.18125000000000e-07	1.50000000000000e-09	1.25000000000000e-09	1.25000000000000e-09	3.00000000000000e-09
2.18125000000000e-07	1.19375000000000e-07	1.50000000000000e-09	1.25000000000000e-09	1.25000000000000e-09	3.00000000000000e-09
2.19375000000000e-07	1.18125000000000e-07	1.50000000000000e-09	1.25000000000000e-09	1.25000000000000e-09	3.00000000000000e-09
2.19375000000000e-07	1.19375000000000e-07	1.50000000000000e-09	1.25000000000000e-09	1.25000000000000e-09	3.00000000000000e-09
2.22500000000000e-07	1.17500000000000e-07	1.50000000000000e-09	5.00000000000000e-09	5.00000000000000e-09	3.00000000000000e-09
2.27500000000000e-07	1.17500000000000e-07	1.50000000000000e-09	5.00000000000000e-09	5.00000000000000e-09	3.00000000000000e-09
2.32500000000000e-07	1.17500000000000e-07	1.50000000000000e-09	5.00000000000000e-09	5.00000000000000e-09	3.00000000000000e-09
2.37500000000000e-07	1.17500000000000e-07	1.50000000000000e-09	5.00000000000000e-09	5.00000000000000e-09	3.00000000000000e-09
2.42500000000000e-07	1.17500000000000e-07	1.50000000000000e-09	5.00000000000000e-09	5.00000000000000e-09	3.00000000000000e-09
2.47500000000000e-07	1.17500000000000e-07	1.50000000000000e-09	5.00000000000000e-09	5.00000000000000e-09	3.00000000000000e-09
2.52500000000000e-07	1.17500000000000e-07	1.50000000000000e-09	5.00000000000000e-09	5.00000000000000e-09	3.00000000000000e-09
2.57500000000000e-07	1.17500000000000e-07	1.50000000000000e-09	5.00000000000000e-09	5.00000000000000e-09	3.00000000000000e-09
2.62500000000000e-07	1.17500000000000e-07	1.50000000000000e-09	5.00000000000000e-09	5.00000000000000e-09	3.00000000000000e-09
2.67500000000000e-07	1.17500000000000e-07	1.50000000000000e-09	5.00000000000000e-09	5.00000000000000e-09	3.00000000000000e-09
2.72500000000000e-07	1.17500000000000e-07	1.50000000000000e-09	5.00000000000000e-09	5.00000000000000e-09	3.00000000000000e-09
2.77500000000000e-07	1.17500000000000e-07	1.50000000000000e-09	5.00000000000000e-09	5.00000000000000e-09	3.00000000000000e-09
2.82500000000000e-07	1.17500000000000e-07	1.50000000000000e-09	5.00000000000000e-09	5.00000000000000e-09	3.00000000000000e-09
2.87500000000000e-07	1.17500000000000e-07	1.50000000000000e-09	5.00000000000000e-09	5.00000000000000e-09	3.00000000000000e-09
2.92500000000000e-07	1.17500000000000e-07	1.50000000000000e-09	5.00000000000000e-09	5.00000000000000e-09	3.00000000000000e-09
2.95625000000000e-07	1.15625000000000e-07	1.50000000000000e-09	1.25000000000000e-09	1.25000000000000e-09	3.00000000000000e-09
2.95625000000000e-07	1.16875000000000e-07	1.50000000000000e-09	1.25000000000000e-09	1.25000000000000e-09	3.00000000000000e-09
2.96875000000000e-07	1.15625000000000e-07	1.50000000000000e-09	1.25000000000000e-09	1.25000000000000e-09	3.00000000000000e-09
2.96875000000000e-07	1.16875000000000e-07	1.50000000000000e-09	1.25000000000000e-09	1.25000000000000e-09	3.00000000000000e-09
2.95625000000000e-07	1.18125000000000e-07	1.50000000000000e-09	1.25000000000000e-09	1.25000000000000e-09	3.00000000000000e-09
2.95625000000000e-07	1.19375000000000e-07	1.50000000000000e-09	1.25000000000000e-09	1.25000000000000e-09	3.00000000000000e-09
2.96875000000000e-07	1.18125000000000e-07	1.50000000000000e-09	1.25000000000000e-09	1.25000000000000e-09	3.00000000000000e-09
2.96875000000000e-07	1.19375000000000e-07	1.50000000000000e-09	1.25000000000000e-09	1.25000000000000e-09	3.00000000000000e-09
2.98125000000000e-07	1.15625000000000e-07	1.50000000000000e-09	1.25000000000000e-09	1.25000000000000e-09	3.00000000000000e-09
2.98125000000000e-07	1.16875000000000e-07	1.50000000000000e-09	1.25000000000000e-09	1.25000000000000e-09	3.00000000000000e-09
2.99375000000000e-07	1.15625000000000e-07	1.50000000000000e-09	1.25000000000000e-09	1.25000000000000e-09	3.00000000000000e-09
2.99375000000000e-07	1.16875000000000e-07	1.50000000000000e-09	1.25000000000000e-09	1.25000000000000e-09	3.00000000000000e-09
2.98125000000000e-07	1.18125000000000e-07	1.50000000000000e-09	1.25000000000000e-09	1.25000000000000e-09	3.00000000000000e-09
2.98125000000000e-07	1.19375000000000e-07	1.50000000000000e-09	1.25000000000000e-09	1.25000000000000e-09	3.00000000000000e-09
2.99375000000000e-07	1.18125000000000e-07	1.50000000000000e-09	1.25000000000000e-09	1.25000000000000e-09	3.00000000000000e-09
2.99375000000000e-07	1.19375000000000e-07	1.50000000000000e-09	1.25000000000000e-09	1.25000000000000e-09	3.00000000000000e-09
3.00625000000000e-07	1.15625000000000e-07	1.50000000000000e-09	1.25000000000000e-09	1.25000000000000e-09	3.00000000000000e-09
3.00625000000000e-07	1.16875000000000e-07	1.50000000000000e-09	1.25000000000000e-09	1.25000000000000e-09	3.00000000000000e-09
3.01875000000000e-07	1.15625000000000e-07	1.50000000000000e-09	1.25000000000000e-09	1.25000000000000e-09	3.00000000000000e-09
3.01875000000000e-07	1.16875000000000e-07	1.50000000000000e-09	1.25000000000000e-09	1.25000000000000e-09	3.00000000000000e-09
3.00625000000000e-07	1.18125000000000e-07	1.50000000000000e-09	1.25000000000000e-09	1.25000000000000e-09	3.00000000000000e-09
3.00625000000000e-07	1.19375000000000e-07	1.50000000000000e-09	1.25000000000000e-09	1.25000000000000e-09	3.00000000000000e-09
3.01875000000000e-07	1.18125000000000e-07	1.50000000000000e-09	1.25000000000000e-09	1.25000000000000e-09	3.00000000000000e-09
3.01875000000000e-07	1.19375000000000e-07	1.50000000000000e-09	1.25000000000000e-09	1.25000000000000e-09	3.00000000000000e-09
3.03125000000000e-07	1.15625000000000e-07	1.50000000000000e-09	1.25000000000000e-09	1.25000000000000e-09	3.00000000000000e-09
3.03125000000000e-07	1.16875000000000e-07	1.50000000000000e-09	1.25000000000000e-09	1.25000000000000e-09	3.00000000000000e-09
3.04375000000000e-07	1.15625000000000e-07	1.50000000000000e-09	1.25000000000000e-09	1.25000000000000e-09	3.00000000000000e-09
3.04375000000000e-07	1.16875000000000e-07	1.50000000000000e-09	1.25000000000000e-09	1.25000000000000e-09	3.00000000000000e-09
3.03125000000000e-07	1.18125000000000e-07	1.50000000000000e-09	1.25000000000000e-09	1.25000000000000e-09	3.00000000000000e-09
3.03125000000000e-07	1.19375000000000e-07	1.50000000000000e-09	1.25000000000000e-09	1.25000000000000e-09	3.00000000000000e-09
3.04375000000000e-07	1.18125000000000e-07	1.50000000000000e-09	1.25000000000000e-09	1.25000000000000e-09	3.00000000000000e-09
3.04375000000000e-07	1.19375000000000e-07	1.50000000000000e-09	1.25000000000000e-09	1.25000000000000e-09	3.00000000000000e-09
3.08750000000000e-07	1.16250000000000e-07	1.50000000000000e-09	2.50000000000000e-09	2.50000000000000e-09	3.00000000000000e-09
3.08750000000000e-07	1.18750000000000e-07	1.50000000000000e-09	2.50000000000000e-09	2.50000000000000e-09	3.00000000000000e-09
3.05625000000000e-07	1.15625000000000e-07	1.50000000000000e-09	1.25000000000000e-09	1.25000000000000e-09	3.00000000000000e-09
3.05625000000000e-07	1.16875000000000e-07	1.50000000000000e-09	1.25000000000000e-09	1.25000000000000e-09	3.00000000000000e-09
3.06875000000000e-07	1.15625000000000e-07	1.50000000000000e-09	1.25000000000000e-09	1.25000000000000e-09	3.00000000000000e-09
3.06875000000000e-07	1.16875000000000e-07	1.50000000000000e-09	1.25000000000000e-09	1.25000000000000e-09	3.00000000000000e-09
3.05625000000000e-07	1.18125000000000e-07	1.50000000000000e-09	1.25000000000000e-09	1.25000000000000e-09	3.00000000000000e-09
3.05625000000000e-07	1.19375000000000e-07	1.50000000000000e-09	1.25000000000000e-09	1.25000000000000e-09	3.00000000000000e-09
3.06875000000000e-07	1.18125000000000e-07	1.50000000000000e-09	1.25000000000000e-09	1.25000000000000e-09	3.00000000000000e-09
3.06875000000000e-07	1.19375000000000e-07	1.50000000000000e-09	1.25000000000000e-09	1.25000000000000e-09	3.00000000000000e-09
3.12500000000000e-07	1.17500000000000e-07	1.50000000000000e-09	5.00000000000000e-09	5.00000000000000e-09	3.00000000000000e-09
3.17500000000000e-07	1.17500000000000e-07	1.50000000000000e-09	5.00000000000000e-09	5.00000000000000e-09	3.00000000000000e-09
3.22500000000000e-07	1.17500000000000e-07	1.50000000000000e-09	5.00000000000000e-09	5.00000000000000e-09	3.00000000000000e-09
3.27500000000000e-07	1.17500000000000e-07	1.50000000000000e-09	5.00000000000000e-09	5.00000000000000e-09	3.00000000000000e-09
3.32500000000000e-07	1.17500000000000e-07	1.50000000000000e-09	5.00000000000000e-09	5.00000000000000e-09	3.00000000000000e-09
3.37500000000000e-07	1.17500000000000e-07	1.50000000000000e-09	5.00000000000000e-09	5.00000000000000e-09	3.00000000000000e-09
3.42500000000000e-07	1.17500000000000e-07	1.50000000000000e-09	5.00000000000000e-09	5.00000000000000e-09	3.00000000000000e-09
3.47500000000000e-07	1.17500000000000e-07	1.50000000000000e-09	5.00000000000000e-09	5.00000000000000e-09	3.00000000000000e-09
3.52500000000000e-07	1.17500000000000e-07	1.50000000000000e-09	5.00000000000000e-09	5.00000000000000e-09	3.00000000000000e-09
3.57500000000000e-07	1.17500000000000e-07	1.50000000000000e-09	5.00000000000000e-09	5.00000000000000e-09	3.00000000000000e-09
3.62500000000000e-07	1.17500000000000e-07	1.50000000000000e-09	5.00000000000000e-09	5.00000000000000e-09	3.00000000000000e-09
3.67500000000000e-07	1.17500000000000e-07	1.50000000000000e-09	5.00000000000000e-09	5.00000000000000e-09	3.00000000000000e-09
3.72500000000000e-07	1.17500000000000e-07	1.50000000000000e-09	5.00000000000000e-09	5.00000000000000e-09	3.00000000000000e-09
3.77500000000000e-07	1.17500000000000e-07	1.50000000000000e-09	5.00000000000000e-09	5.00000000000000e-09	3.00000000000000e-09
3.82500000000000e-07	1.17500000000000e-07	1.50000000000000e-09	5.00000000000000e-09	5.00000000000000e-09	3.00000000000000e-09
3.87500000000000e-07	1.17500000000000e-07	1.50000000000000e-09	5.00000000000000e-09	5.00000000000000e-09	3.00000000000000e-09
3.92500000000000e-07	1.17500000000000e-07	1.50000000000000e-09	5.00000000000000e-09	5.00000000000000e-09	3.00000000000000e-09
3.97500000000000e-07	1.17500000000000e-07	1.50000000000000e-09	5.00000000000000e-09	5.00000000000000e-09	3.00000000000000e-09
4.00625000000000e-07	1.15625000000000e-07	1.50000000000000e-09	1.25000000000000e-09	1.25000000000000e-09	3.00000000000000e-09
4.00625000000000e-07	1.16875000000000e-07	1.50000000000000e-09	1.25000000000000e-09	1.25000000000000e-09	3.00000000000000e-09
4.01875000000000e-07	1.15625000000000e-07	1.50000000000000e-09	1.25000000000000e-09	1.25000000000000e-09	3.00000000000000e-09
4.01875000000000e-07	1.16875000000000e-07	1.50000000000000e-09	1.25000000000000e-09	1.25000000000000e-09	3.00000000000000e-09
4.00625000000000e-07	1.18125000000000e-07	1.50000000000000e-09	1.25000000000000e-09	1.25000000000000e-09	3.00000000000000e-09
4.00625000000000e-07	1.19375000000000e-07	1.50000000000000e-09	1.25000000000000e-09	1.25000000000000e-09	3.00000000000000e-09
4.01875000000000e-07	1.18125000000000e-07	1.50000000000000e-09	1.25000000000000e-09	1.25000000000000e-09	3.00000000000000e-09
4.01875000000000e-07	1.19375000000000e-07	1.50000000000000e-09	1.25000000000000e-09	1.25000000000000e-09	3.00000000000000e-09
4.03125000000000e-07	1.15625000000000e-07	1.50000000000000e-09	1.25000000000000e-09	1.25000000000000e-09	3.00000000000000e-09
4.03125000000000e-07	1.16875000000000e-07	1.50000000000000e-09	1.25000000000000e-09	1.25000000000000e-09	3.00000000000000e-09
4.04375000000000e-07	1.15625000000000e-07	1.50000000000000e-09	1.25000000000000e-09	1.25000000000000e-09	3.00000000000000e-09
4.04375000000000e-07	1.16875000000000e-07	1.50000000000000e-09	1.25000000000000e-09	1.25000000000000e-09	3.00000000000000e-09
4.03125000000000e-07	1.18125000000000e-07	1.50000000000000e-09	1.25000000000000e-09	1.25000000000000e-09	3.00000000000000e-09
4.03125000000000e-07	1.19375000000000e-07	1.50000000000000e-09	1.25000000000000e-09	1.25000000000000e-09	3.00000000000000e-09
4.04375000000000e-07	1.18125000000000e-07	1.50000000000000e-09	1.25000000000000e-09	1.25000000000000e-09	3.00000000000000e-09
4.04375000000000e-07	1.19375000000000e-07	1.50000000000000e-09	1.25000000000000e-09	1.25000000000000e-09	3.00000000000000e-09
4.05625000000000e-07	1.15625000000000e-07	1.50000000000000e-09	1.25000000000000e-09	1.25000000000000e-09	3.00000000000000e-09
4.05625000000000e-07	1.16875000000000e-07	1.50000000000000e-09	1.25000000000000e-09	1.25000000000000e-09	3.00000000000000e-09
4.06875000000000e-07	1.15625000000000e-07	1.50000000000000e-09	1.25000000000000e-09	1.25000000000000e-09	3.00000000000000e-09
4.06875000000000e-07	1.16875000000000e-07	1.50000000000000e-09	1.25000000000000e-09	1.25000000000000e-09	3.00000000000000e-09
4.05625000000000e-07	1.18125000000000e-07	1.50000000000000e-09	1.25000000000000e-09	1.25000000000000e-09	3.00000000000000e-09
4.05625000000000e-07	1.19375000000000e-07	1.50000000000000e-09	1.25000000000000e-09	1.25000000000000e-09	3.00000000000000e-09
4.06875000000000e-07	1.18125000000000e-07	1.50000000000000e-09	1.25000000000000e-09	1.25000000000000e-09	3.00000000000000e-09
4.06875000000000e-07	1.19375000000000e-07	1.50000000000000e-09	1.25000000000000e-09	1.25000000000000e-09	3.00000000000000e-09
4.08125000000000e-07	1.15625000000000e-07	1.50000000000000e-09	1.25000000000000e-09	1.25000000000000e-09	3.00000000000000e-09
4.08125000000000e-07	1.16875000000000e-07	1.50000000000000e-09	1.25000000000000e-09	1.25000000000000e-09	3.00000000000000e-09
4.09375000000000e-07	1.15625000000000e-07	1.50000000000000e-09	1.25000000000000e-09	1.25000000000000e-09	3.00000000000000e-09
4.09375000000000e-07	1.16875000000000e-07	1.50000000000000e-09	1.25000000000000e-09	1.25000000000000e-09	3.00000000000000e-09
4.08125000000000e-07	1.18125000000000e-07	1.50000000000000e-09	1.25000000000000e-09	1.25000000000000e-09	3.00000000000000e-09
4.08125000000000e-07	1.19375000000000e-07	1.50000000000000e-09	1.25000000000000e-09	1.25000000000000e-09	3.00000000000000e-09
4.09375000000000e-07	1.18125000000000e-07	1.50000000000000e-09	1.25000000000000e-09	1.25000000000000e-09	3.00000000000000e-09
4.09375000000000e-07	1.19375000000000e-07	1.50000000000000e-09	1.25000000000000e-09	1.25000000000000e-09	3.00000000000000e-09
4.12500000000000e-07	1.17500000000000e-07	1.50000000000000e-09	5.00000000000000e-09	5.00000000000000e-09	3.00000000000000e-09
4.17500000000000e-07	1.17500000000000e-07	1.50000000000000e-09	5.00000000000000e-09	5.00000000000000e-09	3.00000000000000e-09
4.22500000000000e-07	1.17500000000000e-07	1.50000000000000e-09	5.00000000000000e-09	5.00000000000000e-09	3.00000000000000e-09
4.27500000000000e-07	1.17500000000000e-07	1.50000000000000e-09	5.00000000000000e-09	5.00000000000000e-09	3.00000000000000e-09
4.32500000000000e-07	1.17500000000000e-07	1.50000000000000e-09	5.00000000000000e-09	5.00000000000000e-09	3.00000000000000e-09
4.37500000000000e-07	1.17500000000000e-07	1.50000000000000e-09	5.00000000000000e-09	5.00000000000000e-09	3.00000000000000e-09
4.42500000000000e-07	1.17500000000000e-07	1.50000000000000e-09	5.00000000000000e-09	5.00000000000000e-09	3.00000000000000e-09
4.47500000000000e-07	1.17500000000000e-07	1.50000000000000e-09	5.00000000000000e-09	5.00000000000000e-09	3.00000000000000e-09
4.52500000000000e-07	1.17500000000000e-07	1.50000000000000e-09	5.00000000000000e-09	5.00000000000000e-09	3.00000000000000e-09
4.57500000000000e-07	1.17500000000000e-07	1.50000000000000e-09	5.00000000000000e-09	5.00000000000000e-09	3.00000000000000e-09
4.62500000000000e-07	1.17500000000000e-07	1.50000000000000e-09	5.00000000000000e-09	5.00000000000000e-09	3.00000000000000e-09
4.67500000000000e-07	1.17500000000000e-07	1.50000000000000e-09	5.00000000000000e-09	5.00000000000000e-09	3.00000000000000e-09
4.72500000000000e-07	1.17500000000000e-07	1.50000000000000e-09	5.00000000000000e-09	5.00000000000000e-09	3.00000000000000e-09
4.77500000000000e-07	1.17500000000000e-07	1.50000000000000e-09	5.00000000000000e-09	5.00000000000000e-09	3.00000000000000e-09
4.82500000000000e-07	1.17500000000000e-07	1.50000000000000e-09	5.00000000000000e-09	5.00000000000000e-09	3.00000000000000e-09
4.87500000000000e-07	1.17500000000000e-07	1.50000000000000e-09	5.00000000000000e-09	5.00000000000000e-09	3.00000000000000e-09
4.92500000000000e-07	1.17500000000000e-07	1.50000000000000e-09	5.00000000000000e-09	5.00000000000000e-09	3.00000000000000e-09
4.97500000000000e-07	1.17500000000000e-07	1.50000000000000e-09	5.00000000000000e-09	5.00000000000000e-09	3.00000000000000e-09
2.50000000000000e-09	1.22500000000000e-07	1.50000000000000e-09	5.00000000000000e-09	5.00000000000000e-09	3.00000000000000e-09
7.50000000000000e-09	1.22500000000000e-07	1.50000000000000e-09	5.00000000000000e-09	5.00000000000000e-09	3.00000000000000e-09
1.25000000000000e-08	1.22500000000000e-07	1.50000000000000e-09	5.00000000000000e-09	5.00000000000000e-09	3.00000000000000e-09
1.75000000000000e-08	1.22500000000000e-07	1.50000000000000e-09	5.00000000000000e-09	5.00000000000000e-09	3.00000000000000e-09
2.25000000000000e-08	1.22500000000000e-07	1.50000000000000e-09	5.00000000000000e-09	5.00000000000000e-09	3.00000000000000e-09
2.75000000000000e-08	1.22500000000000e-07	1.50000000000000e-09	5.00000000000000e-09	5.00000000000000e-09	3.00000000000000e-09
3.25000000000000e-08	1.22500000000000e-07	1.50000000000000e-09	5.00000000000000e-09	5.00000000000000e-09	3.00000000000000e-09
3.75000000000000e-08	1.22500000000000e-07	1.50000000000000e-09	5.00000000000000e-09	5.00000000000000e-09	3.00000000000000e-09
4.25000000000000e-08	1.22500000000000e-07	1.50000000000000e-09	5.00000000000000e-09	5.00000000000000e-09	3.00000000000000e-09
4.75000000000000e-08	1.22500000000000e-07	1.50000000000000e-09	5.00000000000000e-09	5.00000000000000e-09	3.00000000000000e-09
5.25000000000000e-08	1.22500000000000e-07	1.50000000000000e-09	5.00000000000000e-09	5.00000000000000e-09	3.00000000000000e-09
5.75000000000000e-08	1.22500000000000e-07	1.50000000000000e-09	5.00000000000000e-09	5.00000000000000e-09	3.00000000000000e-09
6.25000000000000e-08	1.22500000000000e-07	1.50000000000000e-09	5.00000000000000e-09	5.00000000000000e-09	3.00000000000000e-09
6.75000000000000e-08	1.22500000000000e-07	1.50000000000000e-09	5.00000000000000e-09	5.00000000000000e-09	3.00000000000000e-09
7.25000000000000e-08	1.22500000000000e-07	1.50000000000000e-09	5.00000000000000e-09	5.00000000000000e-09	3.00000000000000e-09
7.75000000000000e-08	1.22500000000000e-07	1.50000000000000e-09	5.00000000000000e-09	5.00000000000000e-09	3.00000000000000e-09
8.25000000000000e-08	1.22500000000000e-07	1.50000000000000e-09	5.00000000000000e-09	5.00000000000000e-09	3.00000000000000e-09
8.75000000000000e-08	1.22500000000000e-07	1.50000000000000e-09	5.00000000000000e-09	5.00000000000000e-09	3.00000000000000e-09
9.25000000000000e-08	1.22500000000000e-07	1.50000000000000e-09	5.00000000000000e-09	5.00000000000000e-09	3.00000000000000e-09
9.75000000000000e-08	1.22500000000000e-07	1.50000000000000e-09	5.00000000000000e-09	5.00000000000000e-09	3.00000000000000e-09
1.02500000000000e-07	1.22500000000000e-07	1.50000000000000e-09	5.00000000000000e-09	5.00000000000000e-09	3.00000000000000e-09
1.07500000000000e-07	1.22500000000000e-07	1.50000000000000e-09	5.00000000000000e-09	5.00000000000000e-09	3.00000000000000e-09
1.11250000000000e-07	1.21250000000000e-07	1.50000000000000e-09	2.50000000000000e-09	2.50000000000000e-09	3.00000000000000e-09
1.11250000000000e-07	1.23750000000000e-07	1.50000000000000e-09	2.50000000000000e-09	2.50000000000000e-09	3.00000000000000e-09
1.13125000000000e-07	1.20625000000000e-07	1.50000000000000e-09	1.25000000000000e-09	1.25000000000000e-09	3.00000000000000e-09
1.13125000000000e-07	1.21875000000000e-07	1.50000000000000e-09	1.25000000000000e-09	1.25000000000000e-09	3.00000000000000e-09
1.14375000000000e-07	1.20625000000000e-07	1.50000000000000e-09	1.25000000000000e-09	1.25000000000000e-09	3.00000000000000e-09
1.14375000000000e-07	1.21875000000000e-07	1.50000000000000e-09	1.25000000000000e-09	1.25000000000000e-09	3.00000000000000e-09
1.13125000000000e-07	1.23125000000000e-07	1.50000000000000e-09	1.25000000000000e-09	1.25000000000000e-09	3.00000000000000e-09
1.13125000000000e-07	1.24375000000000e-07	1.50000000000000e-09	1.25000000000000e-09	1.25000000000000e-09	3.00000000000000e-09
1.14375000000000e-07	1.23125000000000e-07	1.50000000000000e-09	1.25000000000000e-09	1.25000000000000e-09	3.00000000000000e-09
1.14375000000000e-07	1.24375000000000e-07	1.50000000000000e-09	1.25000000000000e-09	1.25000000000000e-09	3.00000000000000e-09
1.15625000000000e-07	1.20625000000000e-07	1.50000000000000e-09	1.25000000000000e-09	1.25000000000000e-09	3.00000000000000e-09
1.15625000000000e-07	1.21875000000000e-07	1.50000000000000e-09	1.25000000000000e-09	1.25000000000000e-09	3.00000000000000e-09
1.16875000000000e-07	1.20625000000000e-07	1.50000000000000e-09	1.25000000000000e-09	1.25000000000000e-09	3.00000000000000e-09
1.16875000000000e-07	1.21875000000000e-07	1.50000000000000e-09	1.25000000000000e-09	1.25000000000000e-09	3.00000000000000e-09
1.15625000000000e-07	1.23125000000000e-07	1.50000000000000e-09	1.25000000000000e-09	1.25000000000000e-09	3.00000000000000e-09
1.15625000000000e-07	1.24375000000000e-07	1.50000000000000e-09	1.25000000000000e-09	1.25000000000000e-09	3.00000000000000e-09
1.16875000000000e-07	1.23125000000000e-07	1.50000000000000e-09	1.25000000000000e-09	1.25000000000000e-09	3.00000000000000e-09
1.16875000000000e-07	1.24375000000000e-07	1.50000000000000e-09	1.25000000000000e-09	1.25000000000000e-09	3.00000000000000e-09
1.18125000000000e-07	1.20625000000000e-07	1.50000000000000e-09	1.25000000000000e-09	1.25000000000000e-09	3.00000000000000e-09
1.18125000000000e-07	1.21875000000000e-07	1.50000000000000e-09	1.25000000000000e-09	1.25000000000000e-09	3.00000000000000e-09
1.19375000000000e-07	1.20625000000000e-07	1.50000000000000e-09	1.25000000000000e-09	1.25000000000000e-09	3.00000000000000e-09
1.19375000000000e-07	1.21875000000000e-07	1.50000000000000e-09	1.25000000000000e-09	1.25000000000000e-09	3.00000000000000e-09
1.18125000000000e-07	1.23125000000000e-07	1.50000000000000e-09	1.25000000000000e-09	1.25000000000000e-09	3.00000000000000e-09
1.18125000000000e-07	1.24375000000000e-07	1.50000000000000e-09	1.25000000000000e-09	1.25000000000000e-09	3.00000000000000e-09
1.19375000000000e-07	1.23125000000000e-07	1.50000000000000e-09	1.25000000000000e-09	1.25000000000000e-09	3.00000000000000e-09
1.19375000000000e-07	1.24375000000000e-07	1.50000000000000e-09	1.25000000000000e-09	1.25000000000000e-09	3.00000000000000e-09
1.23750000000000e-07	1.21250000000000e-07	1.50000000000000e-09	2.50000000000000e-09	2.50000000000000e-09	3.00000000000000e-09
1.23750000000000e-07	1.23750000000000e-07	1.50000000000000e-09	2.50000000000000e-09	2.50000000000000e-09	3.00000000000000e-09
1.20625000000000e-07	1.20625000000000e-07	1.50000000000000e-09	1.25000000000000e-09	1.25000000000000e-09	3.00000000000000e-09
1.20625000000000e-07	1.21875000000000e-07	1.50000000000000e-09	1.25000000000000e-09	1.25000000000000e-09	3.00000000000000e-09
1.21875000000000e-07	1.20625000000000e-07	1.50000000000000e-09	1.25000000000000e-09	1.25000000000000e-09	3.00000000000000e-09
1.21875000000000e-07	1.21875000000000e-07	1.50000000000000e-09	1.25000000000000e-09	1.25000000000000e-09	3.00000000000000e-09
1.20625000000000e-07	1.23125000000000e-07	1.50000000000000e-09	1.25000000000000e-09	1.25000000000000e-09	3.00000000000000e-09
1.20625000000000e-07	1.24375000000000e-07	1.50000000000000e-09	1.25000000000000e-09	1.25000000000000e-09	3.00000000000000e-09
1.21875000000000e-07	1.23125000000000e-07	1.50000000000000e-09	1.25000000000000e-09	1.25000000000000e-09	3.00000000000000e-09
1.21875000000000e-07	1.24375000000000e-07	1.50000000000000e-09	1.25000000000000e-09	1.25000000000000e-09	3.00000000000000e-09
1.27500000000000e-07	1.22500000000000e-07	1.50000000000000e-09	5.00000000000000e-09	5.00000000000000e-09	3.00000000000000e-09
1.32500000000000e-07	1.22500000000000e-07	1.50000000000000e-09	5.00000000000000e-09	5.00000000000000e-09	3.00000000000000e-09
1.37500000000000e-07	1.22500000000000e-07	1.50000000000000e-09	5.00000000000000e-09	5.00000000000000e-09	3.00000000000000e-09
1.42500000000000e-07	1.22500000000000e-07	1.50000000000000e-09	5.00000000000000e-09	5.00000000000000e-09	3.00000000000000e-09
1.47500000000000e-07	1.22500000000000e-07	1.50000000000000e-09	5.00000000000000e-09	5.00000000000000e-09	3.00000000000000e-09
1.52500000000000e-07	1.22500000000000e-07	1.50000000000000e-09	5.00000000000000e-09	5.00000000000000e-09	3.00000000000000e-09
1.57500000000000e-07	1.22500000000000e-07	1.50000000000000e-09	5.00000000000000e-09	5.00000000000000e-09	3.00000000000000e-09
1.62500000000000e-07	1.22500000000000e-07	1.50000000000000e-09	5.00000000000000e-09	5.00000000000000e-09	3.00000000000000e-09
1.67500000000000e-07	1.22500000000000e-07	1.50000000000000e-09	5.00000000000000e-09	5.00000000000000e-09	3.00000000000000e-09
1.72500000000000e-07	1.22500000000000e-07	1.50000000000000e-09	5.00000000000000e-09	5.00000000000000e-09	3.00000000000000e-09
1.77500000000000e-07	1.22500000000000e-07	1.50000000000000e-09	5.00000000000000e-09	5.00000000000000e-09	3.00000000000000e-09
1.82500000000000e-07	1.22500000000000e-07	1.50000000000000e-09	5.00000000000000e-09	5.00000000000000e-09	3.00000000000000e-09
1.87500000000000e-07	1.22500000000000e-07	1.50000000000000e-09	5.00000000000000e-09	5.00000000000000e-09	3.00000000000000e-09
1.92500000000000e-07	1.22500000000000e-07	1.50000000000000e-09	5.00000000000000e-09	5.00000000000000e-09	3.00000000000000e-09
1.97500000000000e-07	1.22500000000000e-07	1.50000000000000e-09	5.00000000000000e-09	5.00000000000000e-09	3.00000000000000e-09
2.02500000000000e-07	1.22500000000000e-07	1.50000000000000e-09	5.00000000000000e-09	5.00000000000000e-09	3.00000000000000e-09
2.06250000000000e-07	1.21250000000000e-07	1.50000000000000e-09	2.50000000000000e-09	2.50000000000000e-09	3.00000000000000e-09
2.06250000000000e-07	1.23750000000000e-07	1.50000000000000e-09	2.50000000000000e-09	2.50000000000000e-09	3.00000000000000e-09
2.08125000000000e-07	1.20625000000000e-07	1.50000000000000e-09	1.25000000000000e-09	1.25000000000000e-09	3.00000000000000e-09
2.08125000000000e-07	1.21875000000000e-07	1.50000000000000e-09	1.25000000000000e-09	1.25000000000000e-09	3.00000000000000e-09
2.09375000000000e-07	1.20625000000000e-07	1.50000000000000e-09	1.25000000000000e-09	1.25000000000000e-09	3.00000000000000e-09
2.09375000000000e-07	1.21875000000000e-07	1.50000000000000e-09	1.25000000000000e-09	1.25000000000000e-09	3.00000000000000e-09
2.08125000000000e-07	1.23125000000000e-07	1.50000000000000e-09	1.25000000000000e-09	1.25000000000000e-09	3.00000000000000e-09
2.08125000000000e-07	1.24375000000000e-07	1.50000000000000e-09	1.25000000000000e-09	1.25000000000000e-09	3.00000000000000e-09
2.09375000000000e-07	1.23125000000000e-07	1.50000000000000e-09	1.25000000000000e-09	1.25000000000000e-09	3.00000000000000e-09
2.09375000000000e-07	1.24375000000000e-07	1.50000000000000e-09	1.25000000000000e-09	1.25000000000000e-09	3.00000000000000e-09
2.10625000000000e-07	1.20625000000000e-07	1.50000000000000e-09	1.25000000000000e-09	1.25000000000000e-09	3.00000000000000e-09
2.10625000000000e-07	1.21875000000000e-07	1.50000000000000e-09	1.25000000000000e-09	1.25000000000000e-09	3.00000000000000e-09
2.11875000000000e-07	1.20625000000000e-07	1.50000000000000e-09	1.25000000000000e-09	1.25000000000000e-09	3.00000000000000e-09
2.11875000000000e-07	1.21875000000000e-07	1.50000000000000e-09	1.25000000000000e-09	1.25000000000000e-09	3.00000000000000e-09
2.10625000000000e-07	1.23125000000000e-07	1.50000000000000e-09	1.25000000000000e-09	1.25000000000000e-09	3.00000000000000e-09
2.10625000000000e-07	1.24375000000000e-07	1.50000000000000e-09	1.25000000000000e-09	1.25000000000000e-09	3.00000000000000e-09
2.11875000000000e-07	1.23125000000000e-07	1.50000000000000e-09	1.25000000000000e-09	1.25000000000000e-09	3.00000000000000e-09
2.11875000000000e-07	1.24375000000000e-07	1.50000000000000e-09	1.25000000000000e-09	1.25000000000000e-09	3.00000000000000e-09
2.13125000000000e-07	1.20625000000000e-07	1.50000000000000e-09	1.25000000000000e-09	1.25000000000000e-09	3.00000000000000e-09
2.13125000000000e-07	1.21875000000000e-07	1.50000000000000e-09	1.25000000000000e-09	1.25000000000000e-09	3.00000000000000e-09
2.14375000000000e-07	1.20625000000000e-07	1.50000000000000e-09	1.25000000000000e-09	1.25000000000000e-09	3.00000000000000e-09
2.14375000000000e-07	1.21875000000000e-07	1.50000000000000e-09	1.25000000000000e-09	1.25000000000000e-09	3.00000000000000e-09
2.13125000000000e-07	1.23125000000000e-07	1.50000000000000e-09	1.25000000000000e-09	1.25000000000000e-09	3.00000000000000e-09
2.13125000000000e-07	1.24375000000000e-07	1.50000000000000e-09	1.25000000000000e-09	1.25000000000000e-09	3.00000000000000e-09
2.14375000000000e-07	1.23125000000000e-07	1.50000000000000e-09	1.25000000000000e-09	1.25000000000000e-09	3.00000000000000e-09
2.14375000000000e-07	1.24375000000000e-07	1.50000000000000e-09	1.25000000000000e-09	1.25000000000000e-09	3.00000000000000e-09
2.15625000000000e-07	1.20625000000000e-07	1.50000000000000e-09	1.25000000000000e-09	1.25000000000000e-09	3.00000000000000e-09
2.15625000000000e-07	1.21875000000000e-07	1.50000000000000e-09	1.25000000000000e-09	1.25000000000000e-09	3.00000000000000e-09
2.16875000000000e-07	1.20625000000000e-07	1.50000000000000e-09	1.25000000000000e-09	1.25000000000000e-09	3.00000000000000e-09
2.16875000000000e-07	1.21875000000000e-07	1.50000000000000e-09	1.25000000000000e-09	1.25000000000000e-09	3.00000000000000e-09
2.15625000000000e-07	1.23125000000000e-07	1.50000000000000e-09	1.25000000000000e-09	1.25000000000000e-09	3.00000000000000e-09
2.15625000000000e-07	1.24375000000000e-07	1.50000000000000e-09	1.25000000000000e-09	1.25000000000000e-09	3.00000000000000e-09
2.16875000000000e-07	1.23125000000000e-07	1.50000000000000e-09	1.25000000000000e-09	1.25000000000000e-09	3.00000000000000e-09
2.16875000000000e-07	1.24375000000000e-07	1.50000000000000e-09	1.25000000000000e-09	1.25000000000000e-09	3.00000000000000e-09
2.18125000000000e-07	1.20625000000000e-07	1.50000000000000e-09	1.25000000000000e-09	1.25000000000000e-09	3.00000000000000e-09
2.18125000000000e-07	1.21875000000000e-07	1.50000000000000e-09	1.25000000000000e-09	1.25000000000000e-09	3.00000000000000e-09
2.19375000000000e-07	1.20625000000000e-07	1.50000000000000e-09	1.25000000000000e-09	1.25000000000000e-09	3.00000000000000e-09
2.19375000000000e-07	1.21875000000000e-07	1.50000000000000e-09	1.25000000000000e-09	1.25000000000000e-09	3.00000000000000e-09
2.18125000000000e-07	1.23125000000000e-07	1.50000000000000e-09	1.25000000000000e-09	1.25000000000000e-09	3.00000000000000e-09
2.18125000000000e-07	1.24375000000000e-07	1.50000000000000e-09	1.25000000000000e-09	1.25000000000000e-09	3.00000000000000e-09
2.19375000000000e-07	1.23125000000000e-07	1.50000000000000e-09	1.25000000000000e-09	1.25000000000000e-09	3.00000000000000e-09
2.19375000000000e-07	1.24375000000000e-07	1.50000000000000e-09	1.25000000000000e-09	1.25000000000000e-09	3.00000000000000e-09
2.22500000000000e-07	1.22500000000000e-07	1.50000000000000e-09	5.00000000000000e-09	5.00000000000000e-09	3.00000000000000e-09
2.27500000000000e-07	1.22500000000000e-07	1.50000000000000e-09	5.00000000000000e-09	5.00000000000000e-09	3.00000000000000e-09
2.32500000000000e-07	1.22500000000000e-07	1.50000000000000e-09	5.00000000000000e-09	5.00000000000000e-09	3.00000000000000e-09
2.37500000000000e-07	1.22500000000000e-07	1.50000000000000e-09	5.00000000000000e-09	5.00000000000000e-09	3.00000000000000e-09
2.42500000000000e-07	1.22500000000000e-07	1.50000000000000e-09	5.00000000000000e-09	5.00000000000000e-09	3.00000000000000e-09
2.47500000000000e-07	1.22500000000000e-07	1.50000000000000e-09	5.00000000000000e-09	5.00000000000000e-09	3.00000000000000e-09
2.52500000000000e-07	1.22500000000000e-07	1.50000000000000e-09	5.00000000000000e-09	5.00000000000000e-09	3.00000000000000e-09
2.57500000000000e-07	1.22500000000000e-07	1.50000000000000e-09	5.00000000000000e-09	5.00000000000000e-09	3.00000000000000e-09
2.62500000000000e-07	1.22500000000000e-07	1.50000000000000e-09	5.00000000000000e-09	5.00000000000000e-09	3.00000000000000e-09
2.67500000000000e-07	1.22500000000000e-07	1.50000000000000e-09	5.00000000000000e-09	5.00000000000000e-09	3.00000000000000e-09
2.72500000000000e-07	1.22500000000000e-07	1.50000000000000e-09	5.00000000000000e-09	5.00000000000000e-09	3.00000000000000e-09
2.77500000000000e-07	1.22500000000000e-07	1.50000000000000e-09	5.00000000000000e-09	5.00000000000000e-09	3.00000000000000e-09
2.82500000000000e-07	1.22500000000000e-07	1.50000000000000e-09	5.00000000000000e-09	5.00000000000000e-09	3.00000000000000e-09
2.87500000000000e-07	1.22500000000000e-07	1.50000000000000e-09	5.00000000000000e-09	5.00000000000000e-09	3.00000000000000e-09
2.92500000000000e-07	1.22500000000000e-07	1.50000000000000e-09	5.00000000000000e-09	5.00000000000000e-09	3.00000000000000e-09
2.95625000000000e-07	1.20625000000000e-07	1.50000000000000e-09	1.25000000000000e-09	1.25000000000000e-09	3.00000000000000e-09
2.95625000000000e-07	1.21875000000000e-07	1.50000000000000e-09	1.25000000000000e-09	1.25000000000000e-09	3.00000000000000e-09
2.96875000000000e-07	1.20625000000000e-07	1.50000000000000e-09	1.25000000000000e-09	1.25000000000000e-09	3.00000000000000e-09
2.96875000000000e-07	1.21875000000000e-07	1.50000000000000e-09	1.25000000000000e-09	1.25000000000000e-09	3.00000000000000e-09
2.95625000000000e-07	1.23125000000000e-07	1.50000000000000e-09	1.25000000000000e-09	1.25000000000000e-09	3.00000000000000e-09
2.95625000000000e-07	1.24375000000000e-07	1.50000000000000e-09	1.25000000000000e-09	1.25000000000000e-09	3.00000000000000e-09
2.96875000000000e-07	1.23125000000000e-07	1.50000000000000e-09	1.25000000000000e-09	1.25000000000000e-09	3.00000000000000e-09
2.96875000000000e-07	1.24375000000000e-07	1.50000000000000e-09	1.25000000000000e-09	1.25000000000000e-09	3.00000000000000e-09
2.98125000000000e-07	1.20625000000000e-07	1.50000000000000e-09	1.25000000000000e-09	1.25000000000000e-09	3.00000000000000e-09
2.98125000000000e-07	1.21875000000000e-07	1.50000000000000e-09	1.25000000000000e-09	1.25000000000000e-09	3.00000000000000e-09
2.99375000000000e-07	1.20625000000000e-07	1.50000000000000e-09	1.25000000000000e-09	1.25000000000000e-09	3.00000000000000e-09
2.99375000000000e-07	1.21875000000000e-07	1.50000000000000e-09	1.25000000000000e-09	1.25000000000000e-09	3.00000000000000e-09
2.98125000000000e-07	1.23125000000000e-07	1.50000000000000e-09	1.25000000000000e-09	1.25000000000000e-09	3.00000000000000e-09
2.98125000000000e-07	1.24375000000000e-07	1.50000000000000e-09	1.25000000000000e-09	1.25000000000000e-09	3.00000000000000e-09
2.99375000000000e-07	1.23125000000000e-07	1.50000000000000e-09	1.25000000000000e-09	1.25000000000000e-09	3.00000000000000e-09
2.99375000000000e-07	1.24375000000000e-07	1.50000000000000e-09	1.25000000000000e-09	1.25000000000000e-09	3.00000000000000e-09
3.00625000000000e-07	1.20625000000000e-07	1.50000000000000e-09	1.25000000000000e-09	1.25000000000000e-09	3.00000000000000e-09
3.00625000000000e-07	1.21875000000000e-07	1.50000000000000e-09	1.25000000000000e-09	1.25000000000000e-09	3.00000000000000e-09
3.01875000000000e-07	1.20625000000000e-07	1.50000000000000e-09	1.25000000000000e-09	1.25000000000000e-09	3.00000000000000e-09
3.01875000000000e-07	1.21875000000000e-07	1.50000000000000e-09	1.25000000000000e-09	1.25000000000000e-09	3.00000000000000e-09
3.00625000000000e-07	1.23125000000000e-07	1.50000000000000e-09	1.25000000000000e-09	1.25000000000000e-09	3.00000000000000e-09
3.00625000000000e-07	1.24375000000000e-07	1.50000000000000e-09	1.25000000000000e-09	1.25000000000000e-09	3.00000000000000e-09
3.01875000000000e-07	1.23125000000000e-07	1.50000000000000e-09	1.25000000000000e-09	1.25000000000000e-09	3.00000000000000e-09
3.01875000000000e-07	1.24375000000000e-07	1.50000000000000e-09	1.25000000000000e-09	1.25000000000000e-09	3.00000000000000e-09
3.03125000000000e-07	1.20625000000000e-07	1.50000000000000e-09	1.25000000000000e-09	1.25000000000000e-09	3.00000000000000e-09
3.03125000000000e-07	1.21875000000000e-07	1.50000000000000e-09	1.25000000000000e-09	1.25000000000000e-09	3.00000000000000e-09
3.04375000000000e-07	1.20625000000000e-07	1.50000000000000e-09	1.25000000000000e-09	1.25000000000000e-09	3.00000000000000e-09
3.04375000000000e-07	1.21875000000000e-07	1.50000000000000e-09	1.25000000000000e-09	1.25000000000000e-09	3.00000000000000e-09
3.03125000000000e-07	1.23125000000000e-07	1.50000000000000e-09	1.25000000000000e-09	1.25000000000000e-09	3.00000000000000e-09
3.03125000000000e-07	1.24375000000000e-07	1.50000000000000e-09	1.25000000000000e-09	1.25000000000000e-09	3.00000000000000e-09
3.04375000000000e-07	1.23125000000000e-07	1.50000000000000e-09	1.25000000000000e-09	1.25000000000000e-09	3.00000000000000e-09
3.04375000000000e-07	1.24375000000000e-07	1.50000000000000e-09	1.25000000000000e-09	1.25000000000000e-09	3.00000000000000e-09
3.08750000000000e-07	1.21250000000000e-07	1.50000000000000e-09	2.50000000000000e-09	2.50000000000000e-09	3.00000000000000e-09
3.08750000000000e-07	1.23750000000000e-07	1.50000000000000e-09	2.50000000000000e-09	2.50000000000000e-09	3.00000000000000e-09
3.05625000000000e-07	1.20625000000000e-07	1.50000000000000e-09	1.25000000000000e-09	1.25000000000000e-09	3.00000000000000e-09
3.05625000000000e-07	1.21875000000000e-07	1.50000000000000e-09	1.25000000000000e-09	1.25000000000000e-09	3.00000000000000e-09
3.06875000000000e-07	1.20625000000000e-07	1.50000000000000e-09	1.25000000000000e-09	1.25000000000000e-09	3.00000000000000e-09
3.06875000000000e-07	1.21875000000000e-07	1.50000000000000e-09	1.25000000000000e-09	1.25000000000000e-09	3.00000000000000e-09
3.05625000000000e-07	1.23125000000000e-07	1.50000000000000e-09	1.25000000000000e-09	1.25000000000000e-09	3.00000000000000e-09
3.05625000000000e-07	1.24375000000000e-07	1.50000000000000e-09	1.25000000000000e-09	1.25000000000000e-09	3.00000000000000e-09
3.06875000000000e-07	1.23125000000000e-07	1.50000000000000e-09	1.25000000000000e-09	1.25000000000000e-09	3.00000000000000e-09
3.06875000000000e-07	1.24375000000000e-07	1.50000000000000e-09	1.25000000000000e-09	1.25000000000000e-09	3.00000000000000e-09
3.12500000000000e-07	1.22500000000000e-07	1.50000000000000e-09	5.00000000000000e-09	5.00000000000000e-09	3.00000000000000e-09
3.17500000000000e-07	1.22500000000000e-07	1.50000000000000e-09	5.00000000000000e-09	5.00000000000000e-09	3.00000000000000e-09
3.22500000000000e-07	1.22500000000000e-07	1.50000000000000e-09	5.00000000000000e-09	5.00000000000000e-09	3.00000000000000e-09
3.27500000000000e-07	1.22500000000000e-07	1.50000000000000e-09	5.00000000000000e-09	5.00000000000000e-09	3.00000000000000e-09
3.32500000000000e-07	1.22500000000000e-07	1.50000000000000e-09	5.00000000000000e-09	5.00000000000000e-09	3.00000000000000e-09
3.37500000000000e-07	1.22500000000000e-07	1.50000000000000e-09	5.00000000000000e-09	5.00000000000000e-09	3.00000000000000e-09
3.42500000000000e-07	1.22500000000000e-07	1.50000000000000e-09	5.00000000000000e-09	5.00000000000000e-09	3.00000000000000e-09
3.47500000000000e-07	1.22500000000000e-07	1.50000000000000e-09	5.00000000000000e-09	5.00000000000000e-09	3.00000000000000e-09
3.52500000000000e-07	1.22500000000000e-07	1.50000000000000e-09	5.00000000000000e-09	5.00000000000000e-09	3.00000000000000e-09
3.57500000000000e-07	1.22500000000000e-07	1.50000000000000e-09	5.00000000000000e-09	5.00000000000000e-09	3.00000000000000e-09
3.62500000000000e-07	1.22500000000000e-07	1.50000000000000e-09	5.00000000000000e-09	5.00000000000000e-09	3.00000000000000e-09
3.67500000000000e-07	1.22500000000000e-07	1.50000000000000e-09	5.00000000000000e-09	5.00000000000000e-09	3.00000000000000e-09
3.72500000000000e-07	1.22500000000000e-07	1.50000000000000e-09	5.00000000000000e-09	5.00000000000000e-09	3.00000000000000e-09
3.77500000000000e-07	1.22500000000000e-07	1.50000000000000e-09	5.00000000000000e-09	5.00000000000000e-09	3.00000000000000e-09
3.82500000000000e-07	1.22500000000000e-07	1.50000000000000e-09	5.00000000000000e-09	5.00000000000000e-09	3.00000000000000e-09
3.87500000000000e-07	1.22500000000000e-07	1.50000000000000e-09	5.00000000000000e-09	5.00000000000000e-09	3.00000000000000e-09
3.92500000000000e-07	1.22500000000000e-07	1.50000000000000e-09	5.00000000000000e-09	5.00000000000000e-09	3.00000000000000e-09
3.97500000000000e-07	1.22500000000000e-07	1.50000000000000e-09	5.00000000000000e-09	5.00000000000000e-09	3.00000000000000e-09
4.00625000000000e-07	1.20625000000000e-07	1.50000000000000e-09	1.25000000000000e-09	1.25000000000000e-09	3.00000000000000e-09
4.00625000000000e-07	1.21875000000000e-07	1.50000000000000e-09	1.25000000000000e-09	1.25000000000000e-09	3.00000000000000e-09
4.01875000000000e-07	1.20625000000000e-07	1.50000000000000e-09	1.25000000000000e-09	1.25000000000000e-09	3.00000000000000e-09
4.01875000000000e-07	1.21875000000000e-07	1.50000000000000e-09	1.25000000000000e-09	1.25000000000000e-09	3.00000000000000e-09
4.00625000000000e-07	1.23125000000000e-07	1.50000000000000e-09	1.25000000000000e-09	1.25000000000000e-09	3.00000000000000e-09
4.00625000000000e-07	1.24375000000000e-07	1.50000000000000e-09	1.25000000000000e-09	1.25000000000000e-09	3.00000000000000e-09
4.01875000000000e-07	1.23125000000000e-07	1.50000000000000e-09	1.25000000000000e-09	1.25000000000000e-09	3.00000000000000e-09
4.01875000000000e-07	1.24375000000000e-07	1.50000000000000e-09	1.25000000000000e-09	1.25000000000000e-09	3.00000000000000e-09
4.03125000000000e-07	1.20625000000000e-07	1.50000000000000e-09	1.25000000000000e-09	1.25000000000000e-09	3.00000000000000e-09
4.03125000000000e-07	1.21875000000000e-07	1.50000000000000e-09	1.25000000000000e-09	1.25000000000000e-09	3.00000000000000e-09
4.04375000000000e-07	1.20625000000000e-07	1.50000000000000e-09	1.25000000000000e-09	1.25000000000000e-09	3.00000000000000e-09
4.04375000000000e-07	1.21875000000000e-07	1.50000000000000e-09	1.25000000000000e-09	1.25000000000000e-09	3.00000000000000e-09
4.03125000000000e-07	1.23125000000000e-07	1.50000000000000e-09	1.25000000000000e-09	1.25000000000000e-09	3.00000000000000e-09
4.03125000000000e-07	1.24375000000000e-07	1.50000000000000e-09	1.25000000000000e-09	1.25000000000000e-09	3.00000000000000e-09
4.04375000000000e-07	1.23125000000000e-07	1.50000000000000e-09	1.25000000000000e-09	1.25000000000000e-09	3.00000000000000e-09
4.04375000000000e-07	1.24375000000000e-07	1.50000000000000e-09	1.25000000000000e-09	1.25000000000000e-09	3.00000000000000e-09
4.05625000000000e-07	1.20625000000000e-07	1.50000000000000e-09	1.25000000000000e-09	1.25000000000000e-09	3.00000000000000e-09
4.05625000000000e-07	1.21875000000000e-07	1.50000000000000e-09	1.25000000000000e-09	1.25000000000000e-09	3.00000000000000e-09
4.06875000000000e-07	1.20625000000000e-07	1.50000000000000e-09	1.25000000000000e-09	1.25000000000000e-09	3.00000000000000e-09
4.06875000000000e-07	1.21875000000000e-07	1.50000000000000e-09	1.25000000000000e-09	1.25000000000000e-09	3.00000000000000e-09
4.05625000000000e-07	1.23125000000000e-07	1.50000000000000e-09	1.25000000000000e-09	1.25000000000000e-09	3.00000000000000e-09
4.05625000000000e-07	1.24375000000000e-07	1.50000000000000e-09	1.25000000000000e-09	1.25000000000000e-09	3.00000000000000e-09
4.06875000000000e-07	1.23125000000000e-07	1.50000000000000e-09	1.25000000000000e-09	1.25000000000000e-09	3.00000000000000e-09
4.06875000000000e-07	1.24375000000000e-07	1.50000000000000e-09	1.25000000000000e-09	1.25000000000000e-09	3.00000000000000e-09
4.08125000000000e-07	1.20625000000000e-07	1.50000000000000e-09	1.25000000000000e-09	1.25000000000000e-09	3.00000000000000e-09
4.08125000000000e-07	1.21875000000000e-07	1.50000000000000e-09	1.25000000000000e-09	1.25000000000000e-09	3.00000000000000e-09
4.09375000000000e-07	1.20625000000000e-07	1.50000000000000e-09	1.25000000000000e-09	1.25000000000000e-09	3.00000000000000e-09
4.09375000000000e-07	1.21875000000000e-07	1.50000000000000e-09	1.25000000000000e-09	1.25000000000000e-09	3.00000000000000e-09
4.08125000000000e-07	1.23125000000000e-07	1.50000000000000e-09	1.25000000000000e-09	1.25000000000000e-09	3.00000000000000e-09
4.08125000000000e-07	1.24375000000000e-07	1.50000000000000e-09	1.25000000000000e-09	1.25000000000000e-09	3.00000000000000e-09
4.09375000000000e-07	1.23125000000000e-07	1.50000000000000e-09	1.25000000000000e-09	1.25000000000000e-09	3.00000000000000e-09
4.09375000000000e-07	1.24375000000000e-07	1.50000000000000e-09	1.25000000000000e-09	1.25000000000000e-09	3.00000000000000e-09
4.12500000000000e-07	1.22500000000000e-07	1.50000000000000e-09	5.00000000000000e-09	5.00000000000000e-09	3.00000000000000e-09
4.17500000000000e-07	1.22500000000000e-07	1.50000000000000e-09	5.00000000000000e-09	5.00000000000000e-09	3.00000000000000e-09
4.22500000000000e-07	1.22500000000000e-07	1.50000000000000e-09	5.00000000000000e-09	5.00000000000000e-09	3.00000000000000e-09
4.27500000000000e-07	1.22500000000000e-07	1.50000000000000e-09	5.00000000000000e-09	5.00000000000000e-09	3.00000000000000e-09
4.32500000000000e-07	1.22500000000000e-07	1.50000000000000e-09	5.00000000000000e-09	5.00000000000000e-09	3.00000000000000e-09
4.37500000000000e-07	1.22500000000000e-07	1.50000000000000e-09	5.00000000000000e-09	5.00000000000000e-09	3.00000000000000e-09
4.42500000000000e-07	1.22500000000000e-07	1.50000000000000e-09	5.00000000000000e-09	5.00000000000000e-09	3.00000000000000e-09
4.47500000000000e-07	1.22500000000000e-07	1.50000000000000e-09	5.00000000000000e-09	5.00000000000000e-09	3.00000000000000e-09
4.52500000000000e-07	1.22500000000000e-07	1.50000000000000e-09	5.00000000000000e-09	5.00000000000000e-09	3.00000000000000e-09
4.57500000000000e-07	1.22500000000000e-07	1.50000000000000e-09	5.00000000000000e-09	5.00000000000000e-09	3.00000000000000e-09
4.62500000000000e-07	1.22500000000000e-07	1.50000000000000e-09	5.00000000000000e-09	5.00000000000000e-09	3.00000000000000e-09
4.67500000000000e-07	1.22500000000000e-07	1.50000000000000e-09	5.00000000000000e-09	5.00000000000000e-09	3.00000000000000e-09
4.72500000000000e-07	1.22500000000000e-07	1.50000000000000e-09	5.00000000000000e-09	5.00000000000000e-09	3.00000000000000e-09
4.77500000000000e-07	1.22500000000000e-07	1.50000000000000e-09	5.00000000000000e-09	5.00000000000000e-09	3.00000000000000e-09
4.82500000000000e-07	1.22500000000000e-07	1.50000000000000e-09	5.00000000000000e-09	5.00000000000000e-09	3.00000000000000e-09
4.87500000000000e-07	1.22500000000000e-07	1.50000000000000e-09	5.00000000000000e-09	5.00000000000000e-09	3.00000000000000e-09
4.92500000000000e-07	1.22500000000000e-07	1.50000000000000e-09	5.00000000000000e-09	5.00000000000000e-09	3.00000000000000e-09
4.97500000000000e-07	1.22500000000000e-07	1.50000000000000e-09	5.00000000000000e-09	5.00000000000000e-09	3.00000000000000e-09